dataset,feature_set,balancing,classifier,fold,accuracy,precision,recall,f1,auc,mcc
ant-1.3,METRICS,NONE,LR,1,0.88,1.0,0.25,0.4,0.75,0.46770717334674267
ant-1.3,METRICS,NONE,LR,2,0.84,0.5,0.25,0.3333333333333333,0.6785714285714286,0.27348301713730944
ant-1.3,METRICS,NONE,LR,3,0.8,0.3333333333333333,0.25,0.2857142857142857,0.8809523809523809,0.17459497553883238
ant-1.3,METRICS,NONE,LR,4,0.84,0.5,0.25,0.3333333333333333,0.7142857142857142,0.27348301713730944
ant-1.3,METRICS,NONE,LR,5,0.76,0.25,0.25,0.25,0.7380952380952381,0.10714285714285714
ant-1.3,METRICS,NONE,RF,1,0.8,0.0,0.0,0.0,0.8928571428571429,-0.0890870806374748
ant-1.3,METRICS,NONE,RF,2,0.84,0.5,0.25,0.3333333333333333,0.6726190476190477,0.27348301713730944
ant-1.3,METRICS,NONE,RF,3,0.84,0.5,0.25,0.3333333333333333,0.6547619047619048,0.27348301713730944
ant-1.3,METRICS,NONE,RF,4,0.68,0.0,0.0,0.0,0.7738095238095237,-0.19047619047619047
ant-1.3,METRICS,NONE,RF,5,0.8,0.3333333333333333,0.25,0.2857142857142857,0.8809523809523809,0.17459497553883238
ant-1.3,METRICS,NONE,ET,1,0.88,1.0,0.25,0.4,0.8273809523809523,0.46770717334674267
ant-1.3,METRICS,NONE,ET,2,0.84,0.5,0.25,0.3333333333333333,0.7440476190476191,0.27348301713730944
ant-1.3,METRICS,NONE,ET,3,0.84,0.5,0.25,0.3333333333333333,0.6011904761904763,0.27348301713730944
ant-1.3,METRICS,NONE,ET,4,0.76,0.0,0.0,0.0,0.7857142857142857,-0.12869789041755736
ant-1.3,METRICS,NONE,ET,5,0.92,0.75,0.75,0.75,0.886904761904762,0.7023809523809523
ant-1.3,METRICS,NONE,SVM_RBF,1,0.84,0.0,0.0,0.0,0.8214285714285714,0.0
ant-1.3,METRICS,NONE,SVM_RBF,2,0.84,0.0,0.0,0.0,0.6428571428571428,0.0
ant-1.3,METRICS,NONE,SVM_RBF,3,0.84,0.0,0.0,0.0,0.7023809523809526,0.0
ant-1.3,METRICS,NONE,SVM_RBF,4,0.84,0.0,0.0,0.0,0.6666666666666667,0.0
ant-1.3,METRICS,NONE,SVM_RBF,5,0.84,0.0,0.0,0.0,0.7142857142857143,0.0
ant-1.3,METRICS,NONE,GB,1,0.8,0.3333333333333333,0.25,0.2857142857142857,0.880952380952381,0.17459497553883238
ant-1.3,METRICS,NONE,GB,2,0.76,0.25,0.25,0.25,0.6130952380952381,0.10714285714285714
ant-1.3,METRICS,NONE,GB,3,0.8,0.0,0.0,0.0,0.6071428571428571,-0.0890870806374748
ant-1.3,METRICS,NONE,GB,4,0.8,0.3333333333333333,0.25,0.2857142857142857,0.7857142857142857,0.17459497553883238
ant-1.3,METRICS,NONE,GB,5,0.72,0.0,0.0,0.0,0.7738095238095238,-0.16116459280507606
ant-1.3,METRICS,SMOTE,LR,1,0.72,0.2,0.25,0.2222222222222222,0.5952380952380952,0.0545544725589981
ant-1.3,METRICS,SMOTE,LR,2,0.84,0.5,0.5,0.5,0.6071428571428572,0.40476190476190477
ant-1.3,METRICS,SMOTE,LR,3,0.84,0.5,0.75,0.6,0.8452380952380953,0.521168438562221
ant-1.3,METRICS,SMOTE,LR,4,0.64,0.14285714285714285,0.25,0.18181818181818182,0.6071428571428571,-0.029160592175990215
ant-1.3,METRICS,SMOTE,LR,5,0.68,0.3,0.75,0.42857142857142855,0.6904761904761905,0.31180478223116176
ant-1.3,METRICS,SMOTE,RF,1,0.84,0.5,0.25,0.3333333333333333,0.8452380952380952,0.27348301713730944
ant-1.3,METRICS,SMOTE,RF,2,0.8,0.4,0.5,0.4444444444444444,0.6071428571428572,0.3273268353539886
ant-1.3,METRICS,SMOTE,RF,3,0.84,0.5,0.5,0.5,0.6190476190476191,0.40476190476190477
ant-1.3,METRICS,SMOTE,RF,4,0.76,0.375,0.75,0.5,0.8273809523809523,0.40230863885375184
ant-1.3,METRICS,SMOTE,RF,5,0.92,0.75,0.75,0.75,0.8809523809523809,0.7023809523809523
ant-1.3,METRICS,SMOTE,ET,1,0.84,0.5,0.5,0.5,0.7976190476190476,0.40476190476190477
ant-1.3,METRICS,SMOTE,ET,2,0.84,0.5,0.5,0.5,0.7321428571428572,0.40476190476190477
ant-1.3,METRICS,SMOTE,ET,3,0.84,0.5,0.5,0.5,0.6130952380952381,0.40476190476190477
ant-1.3,METRICS,SMOTE,ET,4,0.68,0.16666666666666666,0.25,0.2,0.7738095238095238,0.010218988991416097
ant-1.3,METRICS,SMOTE,ET,5,0.88,0.6666666666666666,0.5,0.5714285714285714,0.8928571428571428,0.5103545438827408
ant-1.3,METRICS,SMOTE,SVM_RBF,1,0.72,0.0,0.0,0.0,0.6547619047619048,-0.16116459280507606
ant-1.3,METRICS,SMOTE,SVM_RBF,2,0.84,0.5,0.25,0.3333333333333333,0.6428571428571428,0.27348301713730944
ant-1.3,METRICS,SMOTE,SVM_RBF,3,0.8,0.4,0.5,0.4444444444444444,0.7857142857142857,0.3273268353539886
ant-1.3,METRICS,SMOTE,SVM_RBF,4,0.76,0.375,0.75,0.5,0.8333333333333334,0.40230863885375184
ant-1.3,METRICS,SMOTE,SVM_RBF,5,0.68,0.16666666666666666,0.25,0.2,0.6904761904761905,0.010218988991416097
ant-1.3,METRICS,SMOTE,GB,1,0.64,0.0,0.0,0.0,0.6071428571428572,-0.2182178902359924
ant-1.3,METRICS,SMOTE,GB,2,0.76,0.25,0.25,0.25,0.6488095238095238,0.10714285714285714
ant-1.3,METRICS,SMOTE,GB,3,0.84,0.5,0.5,0.5,0.7857142857142856,0.40476190476190477
ant-1.3,METRICS,SMOTE,GB,4,0.84,0.5,0.75,0.6,0.8333333333333334,0.521168438562221
ant-1.3,METRICS,SMOTE,GB,5,0.84,0.5,0.75,0.6,0.75,0.521168438562221
ant-1.3,METRICS,BLSMOTE,LR,1,0.84,0.5,0.25,0.3333333333333333,0.5833333333333334,0.27348301713730944
ant-1.3,METRICS,BLSMOTE,LR,2,0.84,0.5,0.5,0.5,0.5952380952380953,0.40476190476190477
ant-1.3,METRICS,BLSMOTE,LR,3,0.84,0.5,0.75,0.6,0.8809523809523809,0.521168438562221
ant-1.3,METRICS,BLSMOTE,LR,4,0.72,0.2,0.25,0.2222222222222222,0.7500000000000001,0.0545544725589981
ant-1.3,METRICS,BLSMOTE,LR,5,0.68,0.3,0.75,0.42857142857142855,0.6785714285714286,0.31180478223116176
ant-1.3,METRICS,BLSMOTE,RF,1,0.8,0.0,0.0,0.0,0.8690476190476191,-0.0890870806374748
ant-1.3,METRICS,BLSMOTE,RF,2,0.76,0.25,0.25,0.25,0.6428571428571429,0.10714285714285714
ant-1.3,METRICS,BLSMOTE,RF,3,0.88,0.6666666666666666,0.5,0.5714285714285714,0.6726190476190477,0.5103545438827408
ant-1.3,METRICS,BLSMOTE,RF,4,0.76,0.3333333333333333,0.5,0.4,0.8035714285714286,0.26569371377681855
ant-1.3,METRICS,BLSMOTE,RF,5,0.84,0.5,0.5,0.5,0.8809523809523809,0.40476190476190477
ant-1.3,METRICS,BLSMOTE,ET,1,0.8,0.3333333333333333,0.25,0.2857142857142857,0.8571428571428571,0.17459497553883238
ant-1.3,METRICS,BLSMOTE,ET,2,0.8,0.4,0.5,0.4444444444444444,0.6845238095238095,0.3273268353539886
ant-1.3,METRICS,BLSMOTE,ET,3,0.84,0.5,0.25,0.3333333333333333,0.6785714285714286,0.27348301713730944
ant-1.3,METRICS,BLSMOTE,ET,4,0.72,0.2,0.25,0.2222222222222222,0.7678571428571429,0.0545544725589981
ant-1.3,METRICS,BLSMOTE,ET,5,0.88,0.6,0.75,0.6666666666666666,0.9047619047619048,0.600099198148979
ant-1.3,METRICS,BLSMOTE,SVM_RBF,1,0.8,0.0,0.0,0.0,0.7738095238095238,-0.0890870806374748
ant-1.3,METRICS,BLSMOTE,SVM_RBF,2,0.88,0.6666666666666666,0.5,0.5714285714285714,0.6309523809523809,0.5103545438827408
ant-1.3,METRICS,BLSMOTE,SVM_RBF,3,0.8,0.4,0.5,0.4444444444444444,0.7857142857142857,0.3273268353539886
ant-1.3,METRICS,BLSMOTE,SVM_RBF,4,0.76,0.3333333333333333,0.5,0.4,0.8333333333333333,0.26569371377681855
ant-1.3,METRICS,BLSMOTE,SVM_RBF,5,0.64,0.14285714285714285,0.25,0.18181818181818182,0.7142857142857142,-0.029160592175990215
ant-1.3,METRICS,BLSMOTE,GB,1,0.76,0.25,0.25,0.25,0.8571428571428572,0.10714285714285714
ant-1.3,METRICS,BLSMOTE,GB,2,0.76,0.25,0.25,0.25,0.6190476190476191,0.10714285714285714
ant-1.3,METRICS,BLSMOTE,GB,3,0.84,0.5,0.25,0.3333333333333333,0.7976190476190476,0.27348301713730944
ant-1.3,METRICS,BLSMOTE,GB,4,0.84,0.5,0.5,0.5,0.8452380952380951,0.40476190476190477
ant-1.3,METRICS,BLSMOTE,GB,5,0.76,0.3333333333333333,0.5,0.4,0.7976190476190476,0.26569371377681855
ant-1.3,POST_TFIDF,NONE,LR,1,0.84,0.0,0.0,0.0,0.9404761904761905,0.0
ant-1.3,POST_TFIDF,NONE,LR,2,0.84,0.0,0.0,0.0,0.7142857142857143,0.0
ant-1.3,POST_TFIDF,NONE,LR,3,0.84,0.0,0.0,0.0,0.6785714285714286,0.0
ant-1.3,POST_TFIDF,NONE,LR,4,0.84,0.0,0.0,0.0,0.8095238095238095,0.0
ant-1.3,POST_TFIDF,NONE,LR,5,0.84,0.0,0.0,0.0,0.8214285714285714,0.0
ant-1.3,POST_TFIDF,NONE,RF,1,0.84,0.0,0.0,0.0,0.8452380952380952,0.0
ant-1.3,POST_TFIDF,NONE,RF,2,0.84,0.0,0.0,0.0,0.75,0.0
ant-1.3,POST_TFIDF,NONE,RF,3,0.84,0.0,0.0,0.0,0.6785714285714286,0.0
ant-1.3,POST_TFIDF,NONE,RF,4,0.84,0.0,0.0,0.0,0.8214285714285715,0.0
ant-1.3,POST_TFIDF,NONE,RF,5,0.8,0.0,0.0,0.0,0.8333333333333334,-0.0890870806374748
ant-1.3,POST_TFIDF,NONE,ET,1,0.84,0.0,0.0,0.0,0.9166666666666666,0.0
ant-1.3,POST_TFIDF,NONE,ET,2,0.84,0.0,0.0,0.0,0.7857142857142856,0.0
ant-1.3,POST_TFIDF,NONE,ET,3,0.84,0.0,0.0,0.0,0.6547619047619048,0.0
ant-1.3,POST_TFIDF,NONE,ET,4,0.84,0.0,0.0,0.0,0.8214285714285714,0.0
ant-1.3,POST_TFIDF,NONE,ET,5,0.8,0.0,0.0,0.0,0.7678571428571429,-0.0890870806374748
ant-1.3,POST_TFIDF,NONE,SVM_RBF,1,0.84,0.0,0.0,0.0,0.738095238095238,0.0
ant-1.3,POST_TFIDF,NONE,SVM_RBF,2,0.84,0.0,0.0,0.0,0.40476190476190477,0.0
ant-1.3,POST_TFIDF,NONE,SVM_RBF,3,0.84,0.0,0.0,0.0,0.5238095238095238,0.0
ant-1.3,POST_TFIDF,NONE,SVM_RBF,4,0.84,0.0,0.0,0.0,0.6785714285714286,0.0
ant-1.3,POST_TFIDF,NONE,SVM_RBF,5,0.84,0.0,0.0,0.0,0.7619047619047619,0.0
ant-1.3,POST_TFIDF,NONE,GB,1,0.72,0.0,0.0,0.0,0.7261904761904762,-0.16116459280507606
ant-1.3,POST_TFIDF,NONE,GB,2,0.8,0.3333333333333333,0.25,0.2857142857142857,0.7023809523809524,0.17459497553883238
ant-1.3,POST_TFIDF,NONE,GB,3,0.84,0.0,0.0,0.0,0.5059523809523809,0.0
ant-1.3,POST_TFIDF,NONE,GB,4,0.8,0.0,0.0,0.0,0.630952380952381,-0.0890870806374748
ant-1.3,POST_TFIDF,NONE,GB,5,0.84,0.5,0.25,0.3333333333333333,0.761904761904762,0.27348301713730944
ant-1.3,POST_TFIDF,SMOTE,LR,1,0.84,0.5,1.0,0.6666666666666666,0.9642857142857143,0.6362090102803518
ant-1.3,POST_TFIDF,SMOTE,LR,2,0.84,0.5,0.75,0.6,0.7142857142857143,0.521168438562221
ant-1.3,POST_TFIDF,SMOTE,LR,3,0.8,0.4,0.5,0.4444444444444444,0.6785714285714286,0.3273268353539886
ant-1.3,POST_TFIDF,SMOTE,LR,4,0.76,0.4,1.0,0.5714285714285714,0.8095238095238095,0.5345224838248488
ant-1.3,POST_TFIDF,SMOTE,LR,5,0.68,0.3333333333333333,1.0,0.5,0.8214285714285714,0.45425676257949793
ant-1.3,POST_TFIDF,SMOTE,RF,1,0.8,0.3333333333333333,0.25,0.2857142857142857,0.8571428571428572,0.17459497553883238
ant-1.3,POST_TFIDF,SMOTE,RF,2,0.8,0.0,0.0,0.0,0.75,-0.0890870806374748
ant-1.3,POST_TFIDF,SMOTE,RF,3,0.84,0.5,0.25,0.3333333333333333,0.6904761904761905,0.27348301713730944
ant-1.3,POST_TFIDF,SMOTE,RF,4,0.72,0.2,0.25,0.2222222222222222,0.8214285714285715,0.0545544725589981
ant-1.3,POST_TFIDF,SMOTE,RF,5,0.8,0.42857142857142855,0.75,0.5454545454545454,0.7738095238095238,0.45684927742384673
ant-1.3,POST_TFIDF,SMOTE,ET,1,0.84,0.5,0.25,0.3333333333333333,0.9047619047619048,0.27348301713730944
ant-1.3,POST_TFIDF,SMOTE,ET,2,0.84,0.5,0.25,0.3333333333333333,0.7857142857142858,0.27348301713730944
ant-1.3,POST_TFIDF,SMOTE,ET,3,0.84,0.5,0.25,0.3333333333333333,0.6547619047619048,0.27348301713730944
ant-1.3,POST_TFIDF,SMOTE,ET,4,0.72,0.2,0.25,0.2222222222222222,0.8214285714285714,0.0545544725589981
ant-1.3,POST_TFIDF,SMOTE,ET,5,0.68,0.16666666666666666,0.25,0.2,0.7857142857142858,0.010218988991416097
ant-1.3,POST_TFIDF,SMOTE,SVM_RBF,1,0.88,0.5714285714285714,1.0,0.7272727272727273,0.9642857142857143,0.6998542122237652
ant-1.3,POST_TFIDF,SMOTE,SVM_RBF,2,0.84,0.5,0.5,0.5,0.6785714285714287,0.40476190476190477
ant-1.3,POST_TFIDF,SMOTE,SVM_RBF,3,0.8,0.4,0.5,0.4444444444444444,0.5714285714285714,0.3273268353539886
ant-1.3,POST_TFIDF,SMOTE,SVM_RBF,4,0.72,0.2857142857142857,0.5,0.36363636363636365,0.7857142857142857,0.21384434262392824
ant-1.3,POST_TFIDF,SMOTE,SVM_RBF,5,0.76,0.4,1.0,0.5714285714285714,0.8095238095238095,0.5345224838248488
ant-1.3,POST_TFIDF,SMOTE,GB,1,0.88,0.6,0.75,0.6666666666666666,0.9166666666666666,0.600099198148979
ant-1.3,POST_TFIDF,SMOTE,GB,2,0.84,0.5,0.25,0.3333333333333333,0.6785714285714286,0.27348301713730944
ant-1.3,POST_TFIDF,SMOTE,GB,3,0.84,0.5,0.25,0.3333333333333333,0.4880952380952381,0.27348301713730944
ant-1.3,POST_TFIDF,SMOTE,GB,4,0.8,0.3333333333333333,0.25,0.2857142857142857,0.8571428571428571,0.17459497553883238
ant-1.3,POST_TFIDF,SMOTE,GB,5,0.76,0.375,0.75,0.5,0.7738095238095238,0.40230863885375184
ant-1.3,POST_TFIDF,BLSMOTE,LR,1,0.84,0.5,1.0,0.6666666666666666,0.9523809523809523,0.6362090102803518
ant-1.3,POST_TFIDF,BLSMOTE,LR,2,0.88,0.6,0.75,0.6666666666666666,0.7142857142857143,0.600099198148979
ant-1.3,POST_TFIDF,BLSMOTE,LR,3,0.8,0.4,0.5,0.4444444444444444,0.6904761904761905,0.3273268353539886
ant-1.3,POST_TFIDF,BLSMOTE,LR,4,0.72,0.36363636363636365,1.0,0.5333333333333333,0.8095238095238095,0.4923659639173309
ant-1.3,POST_TFIDF,BLSMOTE,LR,5,0.68,0.3333333333333333,1.0,0.5,0.8214285714285714,0.45425676257949793
ant-1.3,POST_TFIDF,BLSMOTE,RF,1,0.8,0.3333333333333333,0.25,0.2857142857142857,0.8928571428571429,0.17459497553883238
ant-1.3,POST_TFIDF,BLSMOTE,RF,2,0.8,0.0,0.0,0.0,0.8095238095238095,-0.0890870806374748
ant-1.3,POST_TFIDF,BLSMOTE,RF,3,0.8,0.3333333333333333,0.25,0.2857142857142857,0.6785714285714286,0.17459497553883238
ant-1.3,POST_TFIDF,BLSMOTE,RF,4,0.68,0.16666666666666666,0.25,0.2,0.8214285714285715,0.010218988991416097
ant-1.3,POST_TFIDF,BLSMOTE,RF,5,0.72,0.2857142857142857,0.5,0.36363636363636365,0.7857142857142857,0.21384434262392824
ant-1.3,POST_TFIDF,BLSMOTE,ET,1,0.84,0.5,0.25,0.3333333333333333,0.9166666666666667,0.27348301713730944
ant-1.3,POST_TFIDF,BLSMOTE,ET,2,0.84,0.0,0.0,0.0,0.8095238095238095,0.0
ant-1.3,POST_TFIDF,BLSMOTE,ET,3,0.8,0.3333333333333333,0.25,0.2857142857142857,0.6666666666666666,0.17459497553883238
ant-1.3,POST_TFIDF,BLSMOTE,ET,4,0.72,0.2,0.25,0.2222222222222222,0.8214285714285714,0.0545544725589981
ant-1.3,POST_TFIDF,BLSMOTE,ET,5,0.72,0.2,0.25,0.2222222222222222,0.8095238095238095,0.0545544725589981
ant-1.3,POST_TFIDF,BLSMOTE,SVM_RBF,1,0.88,0.5714285714285714,1.0,0.7272727272727273,0.9523809523809523,0.6998542122237652
ant-1.3,POST_TFIDF,BLSMOTE,SVM_RBF,2,0.84,0.5,0.5,0.5,0.7261904761904763,0.40476190476190477
ant-1.3,POST_TFIDF,BLSMOTE,SVM_RBF,3,0.8,0.4,0.5,0.4444444444444444,0.5714285714285715,0.3273268353539886
ant-1.3,POST_TFIDF,BLSMOTE,SVM_RBF,4,0.76,0.375,0.75,0.5,0.8214285714285715,0.40230863885375184
ant-1.3,POST_TFIDF,BLSMOTE,SVM_RBF,5,0.76,0.4,1.0,0.5714285714285714,0.7976190476190477,0.5345224838248488
ant-1.3,POST_TFIDF,BLSMOTE,GB,1,0.88,0.6,0.75,0.6666666666666666,0.8333333333333334,0.600099198148979
ant-1.3,POST_TFIDF,BLSMOTE,GB,2,0.84,0.5,0.25,0.3333333333333333,0.7023809523809524,0.27348301713730944
ant-1.3,POST_TFIDF,BLSMOTE,GB,3,0.88,1.0,0.25,0.4,0.5357142857142858,0.46770717334674267
ant-1.3,POST_TFIDF,BLSMOTE,GB,4,0.8,0.4,0.5,0.4444444444444444,0.8928571428571429,0.3273268353539886
ant-1.3,POST_TFIDF,BLSMOTE,GB,5,0.84,0.5,0.75,0.6,0.7857142857142858,0.521168438562221
ant-1.3,RISK_FEATURES,NONE,LR,1,0.84,0.0,0.0,0.0,0.9107142857142857,0.0
ant-1.3,RISK_FEATURES,NONE,LR,2,0.84,0.0,0.0,0.0,0.7976190476190477,0.0
ant-1.3,RISK_FEATURES,NONE,LR,3,0.84,0.0,0.0,0.0,0.5714285714285714,0.0
ant-1.3,RISK_FEATURES,NONE,LR,4,0.84,0.0,0.0,0.0,0.7797619047619048,0.0
ant-1.3,RISK_FEATURES,NONE,LR,5,0.84,0.0,0.0,0.0,0.8154761904761905,0.0
ant-1.3,RISK_FEATURES,NONE,RF,1,0.84,0.0,0.0,0.0,0.9285714285714286,0.0
ant-1.3,RISK_FEATURES,NONE,RF,2,0.84,0.0,0.0,0.0,0.6666666666666666,0.0
ant-1.3,RISK_FEATURES,NONE,RF,3,0.84,0.0,0.0,0.0,0.7261904761904763,0.0
ant-1.3,RISK_FEATURES,NONE,RF,4,0.8,0.0,0.0,0.0,0.8035714285714286,-0.0890870806374748
ant-1.3,RISK_FEATURES,NONE,RF,5,0.84,0.0,0.0,0.0,0.8273809523809523,0.0
ant-1.3,RISK_FEATURES,NONE,ET,1,0.84,0.0,0.0,0.0,0.9285714285714286,0.0
ant-1.3,RISK_FEATURES,NONE,ET,2,0.84,0.0,0.0,0.0,0.5833333333333333,0.0
ant-1.3,RISK_FEATURES,NONE,ET,3,0.84,0.0,0.0,0.0,0.7321428571428572,0.0
ant-1.3,RISK_FEATURES,NONE,ET,4,0.84,0.0,0.0,0.0,0.8035714285714286,0.0
ant-1.3,RISK_FEATURES,NONE,ET,5,0.84,0.0,0.0,0.0,0.8333333333333333,0.0
ant-1.3,RISK_FEATURES,NONE,SVM_RBF,1,0.84,0.0,0.0,0.0,0.2916666666666667,0.0
ant-1.3,RISK_FEATURES,NONE,SVM_RBF,2,0.84,0.0,0.0,0.0,0.2619047619047619,0.0
ant-1.3,RISK_FEATURES,NONE,SVM_RBF,3,0.84,0.0,0.0,0.0,0.2857142857142857,0.0
ant-1.3,RISK_FEATURES,NONE,SVM_RBF,4,0.84,0.0,0.0,0.0,0.6845238095238095,0.0
ant-1.3,RISK_FEATURES,NONE,SVM_RBF,5,0.84,0.0,0.0,0.0,0.8035714285714286,0.0
ant-1.3,RISK_FEATURES,NONE,GB,1,0.84,0.0,0.0,0.0,0.9285714285714286,0.0
ant-1.3,RISK_FEATURES,NONE,GB,2,0.84,0.0,0.0,0.0,0.75,0.0
ant-1.3,RISK_FEATURES,NONE,GB,3,0.84,0.0,0.0,0.0,0.738095238095238,0.0
ant-1.3,RISK_FEATURES,NONE,GB,4,0.84,0.0,0.0,0.0,0.8035714285714286,0.0
ant-1.3,RISK_FEATURES,NONE,GB,5,0.84,0.5,0.25,0.3333333333333333,0.8392857142857143,0.27348301713730944
ant-1.3,RISK_FEATURES,SMOTE,LR,1,0.88,0.5714285714285714,1.0,0.7272727272727273,0.9464285714285715,0.6998542122237652
ant-1.3,RISK_FEATURES,SMOTE,LR,2,0.84,0.5,0.75,0.6,0.8095238095238095,0.521168438562221
ant-1.3,RISK_FEATURES,SMOTE,LR,3,0.8,0.4,0.5,0.4444444444444444,0.6071428571428571,0.3273268353539886
ant-1.3,RISK_FEATURES,SMOTE,LR,4,0.68,0.3333333333333333,1.0,0.5,0.7916666666666667,0.45425676257949793
ant-1.3,RISK_FEATURES,SMOTE,LR,5,0.64,0.3076923076923077,1.0,0.47058823529411764,0.8154761904761905,0.4193139346887673
ant-1.3,RISK_FEATURES,SMOTE,RF,1,0.88,0.5714285714285714,1.0,0.7272727272727273,0.9285714285714285,0.6998542122237652
ant-1.3,RISK_FEATURES,SMOTE,RF,2,0.84,0.5,0.25,0.3333333333333333,0.8214285714285714,0.27348301713730944
ant-1.3,RISK_FEATURES,SMOTE,RF,3,0.8,0.4,0.5,0.4444444444444444,0.7023809523809524,0.3273268353539886
ant-1.3,RISK_FEATURES,SMOTE,RF,4,0.68,0.3,0.75,0.42857142857142855,0.7916666666666667,0.31180478223116176
ant-1.3,RISK_FEATURES,SMOTE,RF,5,0.72,0.3333333333333333,0.75,0.46153846153846156,0.7916666666666667,0.3546040716334876
ant-1.3,RISK_FEATURES,SMOTE,ET,1,0.88,0.5714285714285714,1.0,0.7272727272727273,0.9404761904761905,0.6998542122237652
ant-1.3,RISK_FEATURES,SMOTE,ET,2,0.84,0.5,0.25,0.3333333333333333,0.5595238095238095,0.27348301713730944
ant-1.3,RISK_FEATURES,SMOTE,ET,3,0.8,0.4,0.5,0.4444444444444444,0.7321428571428572,0.3273268353539886
ant-1.3,RISK_FEATURES,SMOTE,ET,4,0.68,0.3,0.75,0.42857142857142855,0.8095238095238095,0.31180478223116176
ant-1.3,RISK_FEATURES,SMOTE,ET,5,0.72,0.3333333333333333,0.75,0.46153846153846156,0.7916666666666667,0.3546040716334876
ant-1.3,RISK_FEATURES,SMOTE,SVM_RBF,1,0.88,0.5714285714285714,1.0,0.7272727272727273,0.8928571428571428,0.6998542122237652
ant-1.3,RISK_FEATURES,SMOTE,SVM_RBF,2,0.88,0.6,0.75,0.6666666666666666,0.8333333333333334,0.600099198148979
ant-1.3,RISK_FEATURES,SMOTE,SVM_RBF,3,0.8,0.4,0.5,0.4444444444444444,0.6904761904761905,0.3273268353539886
ant-1.3,RISK_FEATURES,SMOTE,SVM_RBF,4,0.68,0.3333333333333333,1.0,0.5,0.8154761904761905,0.45425676257949793
ant-1.3,RISK_FEATURES,SMOTE,SVM_RBF,5,0.68,0.3333333333333333,1.0,0.5,0.7916666666666666,0.45425676257949793
ant-1.3,RISK_FEATURES,SMOTE,GB,1,0.88,0.5714285714285714,1.0,0.7272727272727273,0.9404761904761905,0.6998542122237652
ant-1.3,RISK_FEATURES,SMOTE,GB,2,0.84,0.5,0.25,0.3333333333333333,0.7857142857142857,0.27348301713730944
ant-1.3,RISK_FEATURES,SMOTE,GB,3,0.8,0.4,0.5,0.4444444444444444,0.8095238095238095,0.3273268353539886
ant-1.3,RISK_FEATURES,SMOTE,GB,4,0.72,0.3333333333333333,0.75,0.46153846153846156,0.8035714285714285,0.3546040716334876
ant-1.3,RISK_FEATURES,SMOTE,GB,5,0.72,0.3333333333333333,0.75,0.46153846153846156,0.7916666666666666,0.3546040716334876
ant-1.3,RISK_FEATURES,BLSMOTE,LR,1,0.88,0.5714285714285714,1.0,0.7272727272727273,0.9464285714285715,0.6998542122237652
ant-1.3,RISK_FEATURES,BLSMOTE,LR,2,0.88,0.6,0.75,0.6666666666666666,0.7976190476190477,0.600099198148979
ant-1.3,RISK_FEATURES,BLSMOTE,LR,3,0.8,0.4,0.5,0.4444444444444444,0.6071428571428571,0.3273268353539886
ant-1.3,RISK_FEATURES,BLSMOTE,LR,4,0.68,0.3333333333333333,1.0,0.5,0.7916666666666667,0.45425676257949793
ant-1.3,RISK_FEATURES,BLSMOTE,LR,5,0.64,0.3076923076923077,1.0,0.47058823529411764,0.8154761904761905,0.4193139346887673
ant-1.3,RISK_FEATURES,BLSMOTE,RF,1,0.88,0.5714285714285714,1.0,0.7272727272727273,0.9285714285714285,0.6998542122237652
ant-1.3,RISK_FEATURES,BLSMOTE,RF,2,0.84,0.5,0.25,0.3333333333333333,0.7857142857142857,0.27348301713730944
ant-1.3,RISK_FEATURES,BLSMOTE,RF,3,0.8,0.4,0.5,0.4444444444444444,0.7023809523809524,0.3273268353539886
ant-1.3,RISK_FEATURES,BLSMOTE,RF,4,0.68,0.3,0.75,0.42857142857142855,0.7916666666666667,0.31180478223116176
ant-1.3,RISK_FEATURES,BLSMOTE,RF,5,0.68,0.3,0.75,0.42857142857142855,0.7797619047619048,0.31180478223116176
ant-1.3,RISK_FEATURES,BLSMOTE,ET,1,0.88,0.5714285714285714,1.0,0.7272727272727273,0.9404761904761905,0.6998542122237652
ant-1.3,RISK_FEATURES,BLSMOTE,ET,2,0.84,0.5,0.25,0.3333333333333333,0.5833333333333333,0.27348301713730944
ant-1.3,RISK_FEATURES,BLSMOTE,ET,3,0.8,0.4,0.5,0.4444444444444444,0.7321428571428572,0.3273268353539886
ant-1.3,RISK_FEATURES,BLSMOTE,ET,4,0.68,0.3,0.75,0.42857142857142855,0.8095238095238095,0.31180478223116176
ant-1.3,RISK_FEATURES,BLSMOTE,ET,5,0.72,0.2857142857142857,0.5,0.36363636363636365,0.7857142857142857,0.21384434262392824
ant-1.3,RISK_FEATURES,BLSMOTE,SVM_RBF,1,0.88,0.5714285714285714,1.0,0.7272727272727273,0.8928571428571428,0.6998542122237652
ant-1.3,RISK_FEATURES,BLSMOTE,SVM_RBF,2,0.84,0.5,0.25,0.3333333333333333,0.7380952380952381,0.27348301713730944
ant-1.3,RISK_FEATURES,BLSMOTE,SVM_RBF,3,0.8,0.4,0.5,0.4444444444444444,0.6904761904761905,0.3273268353539886
ant-1.3,RISK_FEATURES,BLSMOTE,SVM_RBF,4,0.68,0.3333333333333333,1.0,0.5,0.8154761904761905,0.45425676257949793
ant-1.3,RISK_FEATURES,BLSMOTE,SVM_RBF,5,0.68,0.3333333333333333,1.0,0.5,0.7916666666666666,0.45425676257949793
ant-1.3,RISK_FEATURES,BLSMOTE,GB,1,0.88,0.5714285714285714,1.0,0.7272727272727273,0.9404761904761905,0.6998542122237652
ant-1.3,RISK_FEATURES,BLSMOTE,GB,2,0.84,0.5,0.25,0.3333333333333333,0.7976190476190477,0.27348301713730944
ant-1.3,RISK_FEATURES,BLSMOTE,GB,3,0.8,0.4,0.5,0.4444444444444444,0.8095238095238095,0.3273268353539886
ant-1.3,RISK_FEATURES,BLSMOTE,GB,4,0.72,0.3333333333333333,0.75,0.46153846153846156,0.8035714285714285,0.3546040716334876
ant-1.3,RISK_FEATURES,BLSMOTE,GB,5,0.68,0.3333333333333333,1.0,0.5,0.7797619047619048,0.45425676257949793
ant-1.3,METRICS_RISK,NONE,LR,1,0.88,1.0,0.25,0.4,0.8214285714285715,0.46770717334674267
ant-1.3,METRICS_RISK,NONE,LR,2,0.84,0.5,0.25,0.3333333333333333,0.7499999999999999,0.27348301713730944
ant-1.3,METRICS_RISK,NONE,LR,3,0.8,0.3333333333333333,0.25,0.2857142857142857,0.8333333333333334,0.17459497553883238
ant-1.3,METRICS_RISK,NONE,LR,4,0.88,1.0,0.25,0.4,0.7738095238095238,0.46770717334674267
ant-1.3,METRICS_RISK,NONE,LR,5,0.72,0.2,0.25,0.2222222222222222,0.7023809523809523,0.0545544725589981
ant-1.3,METRICS_RISK,NONE,RF,1,0.84,0.5,0.25,0.3333333333333333,0.9166666666666667,0.27348301713730944
ant-1.3,METRICS_RISK,NONE,RF,2,0.84,0.5,0.25,0.3333333333333333,0.6785714285714286,0.27348301713730944
ant-1.3,METRICS_RISK,NONE,RF,3,0.88,1.0,0.25,0.4,0.6785714285714286,0.46770717334674267
ant-1.3,METRICS_RISK,NONE,RF,4,0.68,0.0,0.0,0.0,0.7738095238095238,-0.19047619047619047
ant-1.3,METRICS_RISK,NONE,RF,5,0.8,0.3333333333333333,0.25,0.2857142857142857,0.8690476190476191,0.17459497553883238
ant-1.3,METRICS_RISK,NONE,ET,1,0.8,0.3333333333333333,0.25,0.2857142857142857,0.8095238095238095,0.17459497553883238
ant-1.3,METRICS_RISK,NONE,ET,2,0.88,1.0,0.25,0.4,0.7023809523809523,0.46770717334674267
ant-1.3,METRICS_RISK,NONE,ET,3,0.84,0.5,0.25,0.3333333333333333,0.5952380952380952,0.27348301713730944
ant-1.3,METRICS_RISK,NONE,ET,4,0.72,0.0,0.0,0.0,0.7678571428571429,-0.16116459280507606
ant-1.3,METRICS_RISK,NONE,ET,5,0.88,0.6,0.75,0.6666666666666666,0.8392857142857143,0.600099198148979
ant-1.3,METRICS_RISK,NONE,SVM_RBF,1,0.84,0.0,0.0,0.0,0.8452380952380952,0.0
ant-1.3,METRICS_RISK,NONE,SVM_RBF,2,0.88,1.0,0.25,0.4,0.5952380952380952,0.46770717334674267
ant-1.3,METRICS_RISK,NONE,SVM_RBF,3,0.84,0.0,0.0,0.0,0.7142857142857142,0.0
ant-1.3,METRICS_RISK,NONE,SVM_RBF,4,0.84,0.0,0.0,0.0,0.8095238095238095,0.0
ant-1.3,METRICS_RISK,NONE,SVM_RBF,5,0.84,0.0,0.0,0.0,0.6428571428571429,0.0
ant-1.3,METRICS_RISK,NONE,GB,1,0.84,0.5,0.5,0.5,0.8571428571428572,0.40476190476190477
ant-1.3,METRICS_RISK,NONE,GB,2,0.76,0.25,0.25,0.25,0.6488095238095238,0.10714285714285714
ant-1.3,METRICS_RISK,NONE,GB,3,0.8,0.0,0.0,0.0,0.6428571428571429,-0.0890870806374748
ant-1.3,METRICS_RISK,NONE,GB,4,0.68,0.0,0.0,0.0,0.75,-0.19047619047619047
ant-1.3,METRICS_RISK,NONE,GB,5,0.8,0.4,0.5,0.4444444444444444,0.8333333333333333,0.3273268353539886
ant-1.3,METRICS_RISK,SMOTE,LR,1,0.76,0.3333333333333333,0.5,0.4,0.6785714285714286,0.26569371377681855
ant-1.3,METRICS_RISK,SMOTE,LR,2,0.88,0.6666666666666666,0.5,0.5714285714285714,0.7261904761904762,0.5103545438827408
ant-1.3,METRICS_RISK,SMOTE,LR,3,0.84,0.5,0.5,0.5,0.8214285714285715,0.40476190476190477
ant-1.3,METRICS_RISK,SMOTE,LR,4,0.72,0.2857142857142857,0.5,0.36363636363636365,0.7619047619047619,0.21384434262392824
ant-1.3,METRICS_RISK,SMOTE,LR,5,0.68,0.16666666666666666,0.25,0.2,0.6547619047619048,0.010218988991416097
ant-1.3,METRICS_RISK,SMOTE,RF,1,0.88,1.0,0.25,0.4,0.9047619047619048,0.46770717334674267
ant-1.3,METRICS_RISK,SMOTE,RF,2,0.76,0.25,0.25,0.25,0.6904761904761905,0.10714285714285714
ant-1.3,METRICS_RISK,SMOTE,RF,3,0.88,0.6666666666666666,0.5,0.5714285714285714,0.7083333333333334,0.5103545438827408
ant-1.3,METRICS_RISK,SMOTE,RF,4,0.76,0.3333333333333333,0.5,0.4,0.8214285714285714,0.26569371377681855
ant-1.3,METRICS_RISK,SMOTE,RF,5,0.8,0.4,0.5,0.4444444444444444,0.8571428571428572,0.3273268353539886
ant-1.3,METRICS_RISK,SMOTE,ET,1,0.8,0.4,0.5,0.4444444444444444,0.8333333333333334,0.3273268353539886
ant-1.3,METRICS_RISK,SMOTE,ET,2,0.88,0.6666666666666666,0.5,0.5714285714285714,0.6964285714285714,0.5103545438827408
ant-1.3,METRICS_RISK,SMOTE,ET,3,0.84,0.5,0.5,0.5,0.6488095238095238,0.40476190476190477
ant-1.3,METRICS_RISK,SMOTE,ET,4,0.72,0.2,0.25,0.2222222222222222,0.75,0.0545544725589981
ant-1.3,METRICS_RISK,SMOTE,ET,5,0.84,0.5,0.75,0.6,0.8690476190476191,0.521168438562221
ant-1.3,METRICS_RISK,SMOTE,SVM_RBF,1,0.84,0.5,0.5,0.5,0.7976190476190476,0.40476190476190477
ant-1.3,METRICS_RISK,SMOTE,SVM_RBF,2,0.88,0.6666666666666666,0.5,0.5714285714285714,0.6190476190476191,0.5103545438827408
ant-1.3,METRICS_RISK,SMOTE,SVM_RBF,3,0.8,0.4,0.5,0.4444444444444444,0.6904761904761905,0.3273268353539886
ant-1.3,METRICS_RISK,SMOTE,SVM_RBF,4,0.84,0.5,0.75,0.6,0.8809523809523809,0.521168438562221
ant-1.3,METRICS_RISK,SMOTE,SVM_RBF,5,0.68,0.16666666666666666,0.25,0.2,0.6904761904761905,0.010218988991416097
ant-1.3,METRICS_RISK,SMOTE,GB,1,0.76,0.25,0.25,0.25,0.7857142857142857,0.10714285714285714
ant-1.3,METRICS_RISK,SMOTE,GB,2,0.76,0.25,0.25,0.25,0.6607142857142856,0.10714285714285714
ant-1.3,METRICS_RISK,SMOTE,GB,3,0.88,0.6666666666666666,0.5,0.5714285714285714,0.7619047619047619,0.5103545438827408
ant-1.3,METRICS_RISK,SMOTE,GB,4,0.8,0.4,0.5,0.4444444444444444,0.7976190476190477,0.3273268353539886
ant-1.3,METRICS_RISK,SMOTE,GB,5,0.84,0.5,0.75,0.6,0.7976190476190476,0.521168438562221
ant-1.3,METRICS_RISK,BLSMOTE,LR,1,0.84,0.5,0.25,0.3333333333333333,0.7380952380952381,0.27348301713730944
ant-1.3,METRICS_RISK,BLSMOTE,LR,2,0.88,0.6666666666666666,0.5,0.5714285714285714,0.738095238095238,0.5103545438827408
ant-1.3,METRICS_RISK,BLSMOTE,LR,3,0.8,0.4,0.5,0.4444444444444444,0.8333333333333334,0.3273268353539886
ant-1.3,METRICS_RISK,BLSMOTE,LR,4,0.72,0.2,0.25,0.2222222222222222,0.7857142857142857,0.0545544725589981
ant-1.3,METRICS_RISK,BLSMOTE,LR,5,0.68,0.16666666666666666,0.25,0.2,0.6428571428571429,0.010218988991416097
ant-1.3,METRICS_RISK,BLSMOTE,RF,1,0.88,1.0,0.25,0.4,0.9047619047619047,0.46770717334674267
ant-1.3,METRICS_RISK,BLSMOTE,RF,2,0.84,0.5,0.25,0.3333333333333333,0.6488095238095237,0.27348301713730944
ant-1.3,METRICS_RISK,BLSMOTE,RF,3,0.84,0.5,0.5,0.5,0.6845238095238094,0.40476190476190477
ant-1.3,METRICS_RISK,BLSMOTE,RF,4,0.76,0.25,0.25,0.25,0.8452380952380952,0.10714285714285714
ant-1.3,METRICS_RISK,BLSMOTE,RF,5,0.8,0.4,0.5,0.4444444444444444,0.8214285714285715,0.3273268353539886
ant-1.3,METRICS_RISK,BLSMOTE,ET,1,0.84,0.5,0.25,0.3333333333333333,0.869047619047619,0.27348301713730944
ant-1.3,METRICS_RISK,BLSMOTE,ET,2,0.88,0.6666666666666666,0.5,0.5714285714285714,0.6904761904761905,0.5103545438827408
ant-1.3,METRICS_RISK,BLSMOTE,ET,3,0.8,0.3333333333333333,0.25,0.2857142857142857,0.630952380952381,0.17459497553883238
ant-1.3,METRICS_RISK,BLSMOTE,ET,4,0.76,0.0,0.0,0.0,0.7678571428571429,-0.12869789041755736
ant-1.3,METRICS_RISK,BLSMOTE,ET,5,0.8,0.42857142857142855,0.75,0.5454545454545454,0.8333333333333334,0.45684927742384673
ant-1.3,METRICS_RISK,BLSMOTE,SVM_RBF,1,0.84,0.0,0.0,0.0,0.8928571428571428,0.0
ant-1.3,METRICS_RISK,BLSMOTE,SVM_RBF,2,0.88,0.6666666666666666,0.5,0.5714285714285714,0.6547619047619048,0.5103545438827408
ant-1.3,METRICS_RISK,BLSMOTE,SVM_RBF,3,0.8,0.4,0.5,0.4444444444444444,0.7142857142857143,0.3273268353539886
ant-1.3,METRICS_RISK,BLSMOTE,SVM_RBF,4,0.84,0.5,0.75,0.6,0.8452380952380952,0.521168438562221
ant-1.3,METRICS_RISK,BLSMOTE,SVM_RBF,5,0.68,0.16666666666666666,0.25,0.2,0.7619047619047619,0.010218988991416097
ant-1.3,METRICS_RISK,BLSMOTE,GB,1,0.8,0.3333333333333333,0.25,0.2857142857142857,0.6904761904761905,0.17459497553883238
ant-1.3,METRICS_RISK,BLSMOTE,GB,2,0.76,0.25,0.25,0.25,0.5535714285714286,0.10714285714285714
ant-1.3,METRICS_RISK,BLSMOTE,GB,3,0.8,0.3333333333333333,0.25,0.2857142857142857,0.7857142857142857,0.17459497553883238
ant-1.3,METRICS_RISK,BLSMOTE,GB,4,0.8,0.4,0.5,0.4444444444444444,0.8452380952380952,0.3273268353539886
ant-1.3,METRICS_RISK,BLSMOTE,GB,5,0.72,0.2,0.25,0.2222222222222222,0.6071428571428571,0.0545544725589981
ant-1.3,METRICS_POST_TFIDF_RISK,NONE,LR,1,0.88,1.0,0.25,0.4,0.7857142857142858,0.46770717334674267
ant-1.3,METRICS_POST_TFIDF_RISK,NONE,LR,2,0.84,0.5,0.25,0.3333333333333333,0.738095238095238,0.27348301713730944
ant-1.3,METRICS_POST_TFIDF_RISK,NONE,LR,3,0.8,0.3333333333333333,0.25,0.2857142857142857,0.7976190476190477,0.17459497553883238
ant-1.3,METRICS_POST_TFIDF_RISK,NONE,LR,4,0.88,1.0,0.25,0.4,0.7738095238095238,0.46770717334674267
ant-1.3,METRICS_POST_TFIDF_RISK,NONE,LR,5,0.72,0.2,0.25,0.2222222222222222,0.7023809523809523,0.0545544725589981
ant-1.3,METRICS_POST_TFIDF_RISK,NONE,RF,1,0.84,0.0,0.0,0.0,0.886904761904762,0.0
ant-1.3,METRICS_POST_TFIDF_RISK,NONE,RF,2,0.84,0.0,0.0,0.0,0.738095238095238,0.0
ant-1.3,METRICS_POST_TFIDF_RISK,NONE,RF,3,0.84,0.0,0.0,0.0,0.7142857142857143,0.0
ant-1.3,METRICS_POST_TFIDF_RISK,NONE,RF,4,0.84,0.5,0.25,0.3333333333333333,0.8095238095238095,0.27348301713730944
ant-1.3,METRICS_POST_TFIDF_RISK,NONE,RF,5,0.8,0.0,0.0,0.0,0.7857142857142857,-0.0890870806374748
ant-1.3,METRICS_POST_TFIDF_RISK,NONE,ET,1,0.88,1.0,0.25,0.4,0.9285714285714286,0.46770717334674267
ant-1.3,METRICS_POST_TFIDF_RISK,NONE,ET,2,0.88,1.0,0.25,0.4,0.8154761904761906,0.46770717334674267
ant-1.3,METRICS_POST_TFIDF_RISK,NONE,ET,3,0.84,0.0,0.0,0.0,0.6666666666666667,0.0
ant-1.3,METRICS_POST_TFIDF_RISK,NONE,ET,4,0.76,0.0,0.0,0.0,0.7976190476190476,-0.12869789041755736
ant-1.3,METRICS_POST_TFIDF_RISK,NONE,ET,5,0.76,0.25,0.25,0.25,0.8333333333333334,0.10714285714285714
ant-1.3,METRICS_POST_TFIDF_RISK,NONE,SVM_RBF,1,0.84,0.0,0.0,0.0,0.8571428571428572,0.0
ant-1.3,METRICS_POST_TFIDF_RISK,NONE,SVM_RBF,2,0.88,1.0,0.25,0.4,0.5952380952380952,0.46770717334674267
ant-1.3,METRICS_POST_TFIDF_RISK,NONE,SVM_RBF,3,0.84,0.0,0.0,0.0,0.7023809523809523,0.0
ant-1.3,METRICS_POST_TFIDF_RISK,NONE,SVM_RBF,4,0.84,0.0,0.0,0.0,0.8095238095238095,0.0
ant-1.3,METRICS_POST_TFIDF_RISK,NONE,SVM_RBF,5,0.84,0.0,0.0,0.0,0.6428571428571429,0.0
ant-1.3,METRICS_POST_TFIDF_RISK,NONE,GB,1,0.84,0.5,0.25,0.3333333333333333,0.7976190476190477,0.27348301713730944
ant-1.3,METRICS_POST_TFIDF_RISK,NONE,GB,2,0.88,1.0,0.25,0.4,0.5892857142857143,0.46770717334674267
ant-1.3,METRICS_POST_TFIDF_RISK,NONE,GB,3,0.8,0.0,0.0,0.0,0.5119047619047619,-0.0890870806374748
ant-1.3,METRICS_POST_TFIDF_RISK,NONE,GB,4,0.8,0.3333333333333333,0.25,0.2857142857142857,0.7023809523809523,0.17459497553883238
ant-1.3,METRICS_POST_TFIDF_RISK,NONE,GB,5,0.84,0.5,0.75,0.6,0.8452380952380952,0.521168438562221
ant-1.3,METRICS_POST_TFIDF_RISK,SMOTE,LR,1,0.8,0.4,0.5,0.4444444444444444,0.6785714285714286,0.3273268353539886
ant-1.3,METRICS_POST_TFIDF_RISK,SMOTE,LR,2,0.88,0.6666666666666666,0.5,0.5714285714285714,0.7142857142857142,0.5103545438827408
ant-1.3,METRICS_POST_TFIDF_RISK,SMOTE,LR,3,0.84,0.5,0.5,0.5,0.7857142857142857,0.40476190476190477
ant-1.3,METRICS_POST_TFIDF_RISK,SMOTE,LR,4,0.76,0.25,0.25,0.25,0.7738095238095237,0.10714285714285714
ant-1.3,METRICS_POST_TFIDF_RISK,SMOTE,LR,5,0.68,0.16666666666666666,0.25,0.2,0.6666666666666667,0.010218988991416097
ant-1.3,METRICS_POST_TFIDF_RISK,SMOTE,RF,1,0.84,0.5,0.25,0.3333333333333333,0.9166666666666667,0.27348301713730944
ant-1.3,METRICS_POST_TFIDF_RISK,SMOTE,RF,2,0.84,0.5,0.25,0.3333333333333333,0.6964285714285714,0.27348301713730944
ant-1.3,METRICS_POST_TFIDF_RISK,SMOTE,RF,3,0.84,0.5,0.25,0.3333333333333333,0.6785714285714285,0.27348301713730944
ant-1.3,METRICS_POST_TFIDF_RISK,SMOTE,RF,4,0.72,0.2857142857142857,0.5,0.36363636363636365,0.8273809523809523,0.21384434262392824
ant-1.3,METRICS_POST_TFIDF_RISK,SMOTE,RF,5,0.84,0.5,0.75,0.6,0.8452380952380952,0.521168438562221
ant-1.3,METRICS_POST_TFIDF_RISK,SMOTE,ET,1,0.88,1.0,0.25,0.4,0.8690476190476191,0.46770717334674267
ant-1.3,METRICS_POST_TFIDF_RISK,SMOTE,ET,2,0.92,1.0,0.5,0.6666666666666666,0.8154761904761905,0.6756639246921762
ant-1.3,METRICS_POST_TFIDF_RISK,SMOTE,ET,3,0.8,0.3333333333333333,0.25,0.2857142857142857,0.6190476190476191,0.17459497553883238
ant-1.3,METRICS_POST_TFIDF_RISK,SMOTE,ET,4,0.72,0.2,0.25,0.2222222222222222,0.8095238095238095,0.0545544725589981
ant-1.3,METRICS_POST_TFIDF_RISK,SMOTE,ET,5,0.84,0.5,0.75,0.6,0.8214285714285714,0.521168438562221
ant-1.3,METRICS_POST_TFIDF_RISK,SMOTE,SVM_RBF,1,0.8,0.4,0.5,0.4444444444444444,0.7976190476190477,0.3273268353539886
ant-1.3,METRICS_POST_TFIDF_RISK,SMOTE,SVM_RBF,2,0.88,0.6666666666666666,0.5,0.5714285714285714,0.6190476190476191,0.5103545438827408
ant-1.3,METRICS_POST_TFIDF_RISK,SMOTE,SVM_RBF,3,0.8,0.4,0.5,0.4444444444444444,0.6904761904761905,0.3273268353539886
ant-1.3,METRICS_POST_TFIDF_RISK,SMOTE,SVM_RBF,4,0.84,0.5,0.75,0.6,0.8809523809523809,0.521168438562221
ant-1.3,METRICS_POST_TFIDF_RISK,SMOTE,SVM_RBF,5,0.68,0.16666666666666666,0.25,0.2,0.7023809523809523,0.010218988991416097
ant-1.3,METRICS_POST_TFIDF_RISK,SMOTE,GB,1,0.88,0.6666666666666666,0.5,0.5714285714285714,0.8809523809523809,0.5103545438827408
ant-1.3,METRICS_POST_TFIDF_RISK,SMOTE,GB,2,0.76,0.25,0.25,0.25,0.6130952380952381,0.10714285714285714
ant-1.3,METRICS_POST_TFIDF_RISK,SMOTE,GB,3,0.88,1.0,0.25,0.4,0.7023809523809524,0.46770717334674267
ant-1.3,METRICS_POST_TFIDF_RISK,SMOTE,GB,4,0.76,0.25,0.25,0.25,0.8333333333333333,0.10714285714285714
ant-1.3,METRICS_POST_TFIDF_RISK,SMOTE,GB,5,0.8,0.4,0.5,0.4444444444444444,0.8333333333333334,0.3273268353539886
ant-1.3,METRICS_POST_TFIDF_RISK,BLSMOTE,LR,1,0.8,0.3333333333333333,0.25,0.2857142857142857,0.7142857142857143,0.17459497553883238
ant-1.3,METRICS_POST_TFIDF_RISK,BLSMOTE,LR,2,0.88,0.6666666666666666,0.5,0.5714285714285714,0.738095238095238,0.5103545438827408
ant-1.3,METRICS_POST_TFIDF_RISK,BLSMOTE,LR,3,0.8,0.4,0.5,0.4444444444444444,0.8333333333333334,0.3273268353539886
ant-1.3,METRICS_POST_TFIDF_RISK,BLSMOTE,LR,4,0.76,0.25,0.25,0.25,0.7857142857142857,0.10714285714285714
ant-1.3,METRICS_POST_TFIDF_RISK,BLSMOTE,LR,5,0.68,0.16666666666666666,0.25,0.2,0.6428571428571429,0.010218988991416097
ant-1.3,METRICS_POST_TFIDF_RISK,BLSMOTE,RF,1,0.88,0.6666666666666666,0.5,0.5714285714285714,0.9166666666666666,0.5103545438827408
ant-1.3,METRICS_POST_TFIDF_RISK,BLSMOTE,RF,2,0.84,0.5,0.25,0.3333333333333333,0.7142857142857143,0.27348301713730944
ant-1.3,METRICS_POST_TFIDF_RISK,BLSMOTE,RF,3,0.88,0.6666666666666666,0.5,0.5714285714285714,0.7321428571428571,0.5103545438827408
ant-1.3,METRICS_POST_TFIDF_RISK,BLSMOTE,RF,4,0.76,0.3333333333333333,0.5,0.4,0.8214285714285715,0.26569371377681855
ant-1.3,METRICS_POST_TFIDF_RISK,BLSMOTE,RF,5,0.84,0.5,0.75,0.6,0.8809523809523809,0.521168438562221
ant-1.3,METRICS_POST_TFIDF_RISK,BLSMOTE,ET,1,0.88,1.0,0.25,0.4,0.9285714285714286,0.46770717334674267
ant-1.3,METRICS_POST_TFIDF_RISK,BLSMOTE,ET,2,0.92,1.0,0.5,0.6666666666666666,0.8035714285714286,0.6756639246921762
ant-1.3,METRICS_POST_TFIDF_RISK,BLSMOTE,ET,3,0.84,0.5,0.25,0.3333333333333333,0.6726190476190476,0.27348301713730944
ant-1.3,METRICS_POST_TFIDF_RISK,BLSMOTE,ET,4,0.8,0.3333333333333333,0.25,0.2857142857142857,0.8095238095238095,0.17459497553883238
ant-1.3,METRICS_POST_TFIDF_RISK,BLSMOTE,ET,5,0.8,0.42857142857142855,0.75,0.5454545454545454,0.8214285714285714,0.45684927742384673
ant-1.3,METRICS_POST_TFIDF_RISK,BLSMOTE,SVM_RBF,1,0.84,0.0,0.0,0.0,0.8928571428571428,0.0
ant-1.3,METRICS_POST_TFIDF_RISK,BLSMOTE,SVM_RBF,2,0.88,0.6666666666666666,0.5,0.5714285714285714,0.6547619047619048,0.5103545438827408
ant-1.3,METRICS_POST_TFIDF_RISK,BLSMOTE,SVM_RBF,3,0.8,0.4,0.5,0.4444444444444444,0.7023809523809523,0.3273268353539886
ant-1.3,METRICS_POST_TFIDF_RISK,BLSMOTE,SVM_RBF,4,0.84,0.5,0.75,0.6,0.8452380952380952,0.521168438562221
ant-1.3,METRICS_POST_TFIDF_RISK,BLSMOTE,SVM_RBF,5,0.68,0.16666666666666666,0.25,0.2,0.7619047619047619,0.010218988991416097
ant-1.3,METRICS_POST_TFIDF_RISK,BLSMOTE,GB,1,0.84,0.5,0.5,0.5,0.8214285714285715,0.40476190476190477
ant-1.3,METRICS_POST_TFIDF_RISK,BLSMOTE,GB,2,0.84,0.5,0.25,0.3333333333333333,0.625,0.27348301713730944
ant-1.3,METRICS_POST_TFIDF_RISK,BLSMOTE,GB,3,0.84,0.0,0.0,0.0,0.6904761904761905,0.0
ant-1.3,METRICS_POST_TFIDF_RISK,BLSMOTE,GB,4,0.8,0.4,0.5,0.4444444444444444,0.869047619047619,0.3273268353539886
ant-1.3,METRICS_POST_TFIDF_RISK,BLSMOTE,GB,5,0.88,0.6,0.75,0.6666666666666666,0.8809523809523809,0.600099198148979
ant-1.3,METRICS_POST_TFIDF_RISK_SELECTED,NONE,LR,1,0.88,1.0,0.25,0.4,0.7261904761904762,0.46770717334674267
ant-1.3,METRICS_POST_TFIDF_RISK_SELECTED,NONE,LR,2,0.88,1.0,0.25,0.4,0.7738095238095238,0.46770717334674267
ant-1.3,METRICS_POST_TFIDF_RISK_SELECTED,NONE,LR,3,0.84,0.5,0.5,0.5,0.7976190476190477,0.40476190476190477
ant-1.3,METRICS_POST_TFIDF_RISK_SELECTED,NONE,LR,4,0.84,0.5,0.25,0.3333333333333333,0.8809523809523809,0.27348301713730944
ant-1.3,METRICS_POST_TFIDF_RISK_SELECTED,NONE,LR,5,0.76,0.25,0.25,0.25,0.7023809523809523,0.10714285714285714
ant-1.3,METRICS_POST_TFIDF_RISK_SELECTED,NONE,RF,1,0.84,0.5,0.25,0.3333333333333333,0.9166666666666666,0.27348301713730944
ant-1.3,METRICS_POST_TFIDF_RISK_SELECTED,NONE,RF,2,0.88,1.0,0.25,0.4,0.7559523809523809,0.46770717334674267
ant-1.3,METRICS_POST_TFIDF_RISK_SELECTED,NONE,RF,3,0.8,0.0,0.0,0.0,0.7261904761904762,-0.0890870806374748
ant-1.3,METRICS_POST_TFIDF_RISK_SELECTED,NONE,RF,4,0.76,0.25,0.25,0.25,0.7857142857142858,0.10714285714285714
ant-1.3,METRICS_POST_TFIDF_RISK_SELECTED,NONE,RF,5,0.8,0.0,0.0,0.0,0.8392857142857143,-0.0890870806374748
ant-1.3,METRICS_POST_TFIDF_RISK_SELECTED,NONE,ET,1,0.88,1.0,0.25,0.4,0.9404761904761905,0.46770717334674267
ant-1.3,METRICS_POST_TFIDF_RISK_SELECTED,NONE,ET,2,0.84,0.0,0.0,0.0,0.8333333333333333,0.0
ant-1.3,METRICS_POST_TFIDF_RISK_SELECTED,NONE,ET,3,0.84,0.0,0.0,0.0,0.5833333333333333,0.0
ant-1.3,METRICS_POST_TFIDF_RISK_SELECTED,NONE,ET,4,0.76,0.25,0.25,0.25,0.8333333333333334,0.10714285714285714
ant-1.3,METRICS_POST_TFIDF_RISK_SELECTED,NONE,ET,5,0.72,0.0,0.0,0.0,0.7619047619047619,-0.16116459280507606
ant-1.3,METRICS_POST_TFIDF_RISK_SELECTED,NONE,SVM_RBF,1,0.84,0.0,0.0,0.0,0.9047619047619047,0.0
ant-1.3,METRICS_POST_TFIDF_RISK_SELECTED,NONE,SVM_RBF,2,0.84,0.0,0.0,0.0,0.7619047619047619,0.0
ant-1.3,METRICS_POST_TFIDF_RISK_SELECTED,NONE,SVM_RBF,3,0.8,0.0,0.0,0.0,0.7380952380952381,-0.0890870806374748
ant-1.3,METRICS_POST_TFIDF_RISK_SELECTED,NONE,SVM_RBF,4,0.84,0.0,0.0,0.0,0.8214285714285714,0.0
ant-1.3,METRICS_POST_TFIDF_RISK_SELECTED,NONE,SVM_RBF,5,0.76,0.0,0.0,0.0,0.6785714285714286,-0.12869789041755736
ant-1.3,METRICS_POST_TFIDF_RISK_SELECTED,NONE,GB,1,0.84,0.5,0.25,0.3333333333333333,0.9047619047619049,0.27348301713730944
ant-1.3,METRICS_POST_TFIDF_RISK_SELECTED,NONE,GB,2,0.84,0.5,0.25,0.3333333333333333,0.6547619047619048,0.27348301713730944
ant-1.3,METRICS_POST_TFIDF_RISK_SELECTED,NONE,GB,3,0.8,0.0,0.0,0.0,0.5238095238095238,-0.0890870806374748
ant-1.3,METRICS_POST_TFIDF_RISK_SELECTED,NONE,GB,4,0.8,0.3333333333333333,0.25,0.2857142857142857,0.75,0.17459497553883238
ant-1.3,METRICS_POST_TFIDF_RISK_SELECTED,NONE,GB,5,0.72,0.0,0.0,0.0,0.7261904761904763,-0.16116459280507606
ant-1.3,METRICS_POST_TFIDF_RISK_SELECTED,SMOTE,LR,1,0.8,0.4,0.5,0.4444444444444444,0.6547619047619048,0.3273268353539886
ant-1.3,METRICS_POST_TFIDF_RISK_SELECTED,SMOTE,LR,2,0.88,0.6666666666666666,0.5,0.5714285714285714,0.8214285714285714,0.5103545438827408
ant-1.3,METRICS_POST_TFIDF_RISK_SELECTED,SMOTE,LR,3,0.84,0.5,0.5,0.5,0.8095238095238095,0.40476190476190477
ant-1.3,METRICS_POST_TFIDF_RISK_SELECTED,SMOTE,LR,4,0.8,0.4444444444444444,1.0,0.6153846153846154,0.8809523809523809,0.5819143739626463
ant-1.3,METRICS_POST_TFIDF_RISK_SELECTED,SMOTE,LR,5,0.64,0.2727272727272727,0.75,0.4,0.7142857142857143,0.2725597300256653
ant-1.3,METRICS_POST_TFIDF_RISK_SELECTED,SMOTE,RF,1,0.8,0.3333333333333333,0.25,0.2857142857142857,0.8333333333333333,0.17459497553883238
ant-1.3,METRICS_POST_TFIDF_RISK_SELECTED,SMOTE,RF,2,0.84,0.5,0.25,0.3333333333333333,0.75,0.27348301713730944
ant-1.3,METRICS_POST_TFIDF_RISK_SELECTED,SMOTE,RF,3,0.84,0.5,0.25,0.3333333333333333,0.6607142857142857,0.27348301713730944
ant-1.3,METRICS_POST_TFIDF_RISK_SELECTED,SMOTE,RF,4,0.72,0.2,0.25,0.2222222222222222,0.8095238095238096,0.0545544725589981
ant-1.3,METRICS_POST_TFIDF_RISK_SELECTED,SMOTE,RF,5,0.68,0.16666666666666666,0.25,0.2,0.7976190476190476,0.010218988991416097
ant-1.3,METRICS_POST_TFIDF_RISK_SELECTED,SMOTE,ET,1,0.88,0.6666666666666666,0.5,0.5714285714285714,0.8392857142857143,0.5103545438827408
ant-1.3,METRICS_POST_TFIDF_RISK_SELECTED,SMOTE,ET,2,0.88,1.0,0.25,0.4,0.7797619047619048,0.46770717334674267
ant-1.3,METRICS_POST_TFIDF_RISK_SELECTED,SMOTE,ET,3,0.8,0.3333333333333333,0.25,0.2857142857142857,0.6130952380952381,0.17459497553883238
ant-1.3,METRICS_POST_TFIDF_RISK_SELECTED,SMOTE,ET,4,0.76,0.25,0.25,0.25,0.7797619047619048,0.10714285714285714
ant-1.3,METRICS_POST_TFIDF_RISK_SELECTED,SMOTE,ET,5,0.8,0.42857142857142855,0.75,0.5454545454545454,0.8154761904761905,0.45684927742384673
ant-1.3,METRICS_POST_TFIDF_RISK_SELECTED,SMOTE,SVM_RBF,1,0.92,0.75,0.75,0.75,0.8571428571428571,0.7023809523809523
ant-1.3,METRICS_POST_TFIDF_RISK_SELECTED,SMOTE,SVM_RBF,2,0.88,0.6,0.75,0.6666666666666666,0.7857142857142857,0.600099198148979
ant-1.3,METRICS_POST_TFIDF_RISK_SELECTED,SMOTE,SVM_RBF,3,0.8,0.4,0.5,0.4444444444444444,0.7023809523809523,0.3273268353539886
ant-1.3,METRICS_POST_TFIDF_RISK_SELECTED,SMOTE,SVM_RBF,4,0.76,0.4,1.0,0.5714285714285714,0.8452380952380952,0.5345224838248488
ant-1.3,METRICS_POST_TFIDF_RISK_SELECTED,SMOTE,SVM_RBF,5,0.72,0.3333333333333333,0.75,0.46153846153846156,0.8214285714285714,0.3546040716334876
ant-1.3,METRICS_POST_TFIDF_RISK_SELECTED,SMOTE,GB,1,0.84,0.5,0.25,0.3333333333333333,0.8809523809523809,0.27348301713730944
ant-1.3,METRICS_POST_TFIDF_RISK_SELECTED,SMOTE,GB,2,0.8,0.3333333333333333,0.25,0.2857142857142857,0.5416666666666666,0.17459497553883238
ant-1.3,METRICS_POST_TFIDF_RISK_SELECTED,SMOTE,GB,3,0.76,0.0,0.0,0.0,0.6309523809523809,-0.12869789041755736
ant-1.3,METRICS_POST_TFIDF_RISK_SELECTED,SMOTE,GB,4,0.68,0.16666666666666666,0.25,0.2,0.7261904761904762,0.010218988991416097
ant-1.3,METRICS_POST_TFIDF_RISK_SELECTED,SMOTE,GB,5,0.76,0.25,0.25,0.25,0.7738095238095238,0.10714285714285714
ant-1.3,METRICS_POST_TFIDF_RISK_SELECTED,BLSMOTE,LR,1,0.8,0.3333333333333333,0.25,0.2857142857142857,0.7261904761904762,0.17459497553883238
ant-1.3,METRICS_POST_TFIDF_RISK_SELECTED,BLSMOTE,LR,2,0.84,0.5,0.5,0.5,0.7619047619047619,0.40476190476190477
ant-1.3,METRICS_POST_TFIDF_RISK_SELECTED,BLSMOTE,LR,3,0.8,0.4,0.5,0.4444444444444444,0.761904761904762,0.3273268353539886
ant-1.3,METRICS_POST_TFIDF_RISK_SELECTED,BLSMOTE,LR,4,0.88,0.5714285714285714,1.0,0.7272727272727273,0.9047619047619049,0.6998542122237652
ant-1.3,METRICS_POST_TFIDF_RISK_SELECTED,BLSMOTE,LR,5,0.64,0.2727272727272727,0.75,0.4,0.6428571428571429,0.2725597300256653
ant-1.3,METRICS_POST_TFIDF_RISK_SELECTED,BLSMOTE,RF,1,0.84,0.5,0.5,0.5,0.8869047619047619,0.40476190476190477
ant-1.3,METRICS_POST_TFIDF_RISK_SELECTED,BLSMOTE,RF,2,0.84,0.5,0.25,0.3333333333333333,0.7797619047619048,0.27348301713730944
ant-1.3,METRICS_POST_TFIDF_RISK_SELECTED,BLSMOTE,RF,3,0.84,0.5,0.25,0.3333333333333333,0.6428571428571429,0.27348301713730944
ant-1.3,METRICS_POST_TFIDF_RISK_SELECTED,BLSMOTE,RF,4,0.72,0.2,0.25,0.2222222222222222,0.8095238095238095,0.0545544725589981
ant-1.3,METRICS_POST_TFIDF_RISK_SELECTED,BLSMOTE,RF,5,0.76,0.3333333333333333,0.5,0.4,0.7976190476190476,0.26569371377681855
ant-1.3,METRICS_POST_TFIDF_RISK_SELECTED,BLSMOTE,ET,1,0.88,0.6666666666666666,0.5,0.5714285714285714,0.8809523809523809,0.5103545438827408
ant-1.3,METRICS_POST_TFIDF_RISK_SELECTED,BLSMOTE,ET,2,0.92,1.0,0.5,0.6666666666666666,0.8273809523809523,0.6756639246921762
ant-1.3,METRICS_POST_TFIDF_RISK_SELECTED,BLSMOTE,ET,3,0.8,0.3333333333333333,0.25,0.2857142857142857,0.5654761904761905,0.17459497553883238
ant-1.3,METRICS_POST_TFIDF_RISK_SELECTED,BLSMOTE,ET,4,0.72,0.2,0.25,0.2222222222222222,0.7976190476190476,0.0545544725589981
ant-1.3,METRICS_POST_TFIDF_RISK_SELECTED,BLSMOTE,ET,5,0.68,0.25,0.5,0.3333333333333333,0.7619047619047619,0.16840826742715195
ant-1.3,METRICS_POST_TFIDF_RISK_SELECTED,BLSMOTE,SVM_RBF,1,0.88,0.6,0.75,0.6666666666666666,0.8690476190476191,0.600099198148979
ant-1.3,METRICS_POST_TFIDF_RISK_SELECTED,BLSMOTE,SVM_RBF,2,0.88,0.6,0.75,0.6666666666666666,0.7380952380952381,0.600099198148979
ant-1.3,METRICS_POST_TFIDF_RISK_SELECTED,BLSMOTE,SVM_RBF,3,0.8,0.4,0.5,0.4444444444444444,0.5833333333333333,0.3273268353539886
ant-1.3,METRICS_POST_TFIDF_RISK_SELECTED,BLSMOTE,SVM_RBF,4,0.76,0.4,1.0,0.5714285714285714,0.8333333333333333,0.5345224838248488
ant-1.3,METRICS_POST_TFIDF_RISK_SELECTED,BLSMOTE,SVM_RBF,5,0.68,0.3333333333333333,1.0,0.5,0.8333333333333334,0.45425676257949793
ant-1.3,METRICS_POST_TFIDF_RISK_SELECTED,BLSMOTE,GB,1,0.8,0.4,0.5,0.4444444444444444,0.8214285714285714,0.3273268353539886
ant-1.3,METRICS_POST_TFIDF_RISK_SELECTED,BLSMOTE,GB,2,0.88,0.6666666666666666,0.5,0.5714285714285714,0.6607142857142858,0.5103545438827408
ant-1.3,METRICS_POST_TFIDF_RISK_SELECTED,BLSMOTE,GB,3,0.84,0.5,0.25,0.3333333333333333,0.6785714285714286,0.27348301713730944
ant-1.3,METRICS_POST_TFIDF_RISK_SELECTED,BLSMOTE,GB,4,0.76,0.3333333333333333,0.5,0.4,0.8095238095238095,0.26569371377681855
ant-1.3,METRICS_POST_TFIDF_RISK_SELECTED,BLSMOTE,GB,5,0.6,0.125,0.25,0.16666666666666666,0.7261904761904762,-0.06549210399944798
camel-1.0,METRICS,NONE,LR,1,0.9705882352941176,0.0,0.0,0.0,0.9696969696969697,0.0
camel-1.0,METRICS,NONE,LR,2,0.9411764705882353,0.0,0.0,0.0,0.45128205128205123,-0.026246206877004904
camel-1.0,METRICS,NONE,LR,3,0.9558823529411765,0.0,0.0,0.0,0.8564102564102564,0.0
camel-1.0,METRICS,NONE,LR,4,0.9705882352941176,1.0,0.3333333333333333,0.5,0.6974358974358974,0.5686678156684396
camel-1.0,METRICS,NONE,LR,5,0.9552238805970149,0.0,0.0,0.0,0.5692307692307692,-0.021591675854376522
camel-1.0,METRICS,NONE,RF,1,0.9705882352941176,0.0,0.0,0.0,0.7386363636363635,0.0
camel-1.0,METRICS,NONE,RF,2,0.9558823529411765,0.0,0.0,0.0,0.5564102564102563,0.0
camel-1.0,METRICS,NONE,RF,3,0.9411764705882353,0.0,0.0,0.0,0.664102564102564,-0.026246206877004904
camel-1.0,METRICS,NONE,RF,4,0.9558823529411765,0.0,0.0,0.0,0.717948717948718,0.0
camel-1.0,METRICS,NONE,RF,5,0.9552238805970149,0.0,0.0,0.0,0.6807692307692307,-0.021591675854376522
camel-1.0,METRICS,NONE,ET,1,0.9705882352941176,0.0,0.0,0.0,0.803030303030303,0.0
camel-1.0,METRICS,NONE,ET,2,0.9264705882352942,0.0,0.0,0.0,0.6461538461538461,-0.03739787960033829
camel-1.0,METRICS,NONE,ET,3,0.9411764705882353,0.0,0.0,0.0,0.6974358974358974,-0.026246206877004904
camel-1.0,METRICS,NONE,ET,4,0.9558823529411765,0.0,0.0,0.0,0.723076923076923,0.0
camel-1.0,METRICS,NONE,ET,5,0.9552238805970149,0.0,0.0,0.0,0.6038461538461539,-0.021591675854376522
camel-1.0,METRICS,NONE,SVM_RBF,1,0.9705882352941176,0.0,0.0,0.0,0.7196969696969697,0.0
camel-1.0,METRICS,NONE,SVM_RBF,2,0.9558823529411765,0.0,0.0,0.0,0.7333333333333333,0.0
camel-1.0,METRICS,NONE,SVM_RBF,3,0.9411764705882353,0.0,0.0,0.0,0.7794871794871795,-0.026246206877004904
camel-1.0,METRICS,NONE,SVM_RBF,4,0.9558823529411765,0.0,0.0,0.0,0.6358974358974359,0.0
camel-1.0,METRICS,NONE,SVM_RBF,5,0.9701492537313433,0.0,0.0,0.0,0.46923076923076923,0.0
camel-1.0,METRICS,NONE,GB,1,0.9558823529411765,0.0,0.0,0.0,0.7575757575757576,-0.021266970502955673
camel-1.0,METRICS,NONE,GB,2,0.9411764705882353,0.0,0.0,0.0,0.5179487179487179,-0.026246206877004904
camel-1.0,METRICS,NONE,GB,3,0.9411764705882353,0.0,0.0,0.0,0.7025641025641025,-0.026246206877004904
camel-1.0,METRICS,NONE,GB,4,0.9558823529411765,0.0,0.0,0.0,0.6153846153846153,0.0
camel-1.0,METRICS,NONE,GB,5,0.9552238805970149,0.0,0.0,0.0,0.057692307692307654,-0.021591675854376522
camel-1.0,METRICS,SMOTE,LR,1,0.7941176470588235,0.125,1.0,0.2222222222222222,0.9696969696969697,0.3138229572304239
camel-1.0,METRICS,SMOTE,LR,2,0.7647058823529411,0.06666666666666667,0.3333333333333333,0.1111111111111111,0.6410256410256411,0.058415347694891886
camel-1.0,METRICS,SMOTE,LR,3,0.8382352941176471,0.0,0.0,0.0,0.5948717948717949,-0.07844645405527362
camel-1.0,METRICS,SMOTE,LR,4,0.8235294117647058,0.09090909090909091,0.3333333333333333,0.14285714285714285,0.6615384615384615,0.10009605659333606
camel-1.0,METRICS,SMOTE,LR,5,0.7611940298507462,0.0,0.0,0.0,0.25384615384615383,-0.09015387587490904
camel-1.0,METRICS,SMOTE,RF,1,0.9852941176470589,1.0,0.5,0.6666666666666666,0.9242424242424242,0.7018100265975372
camel-1.0,METRICS,SMOTE,RF,2,0.9264705882352942,0.25,0.3333333333333333,0.2857142857142857,0.6076923076923076,0.25064020591380154
camel-1.0,METRICS,SMOTE,RF,3,0.9117647058823529,0.0,0.0,0.0,0.7410256410256411,-0.046153846153846156
camel-1.0,METRICS,SMOTE,RF,4,0.9705882352941176,1.0,0.3333333333333333,0.5,0.7717948717948717,0.5686678156684396
camel-1.0,METRICS,SMOTE,RF,5,0.9104477611940298,0.0,0.0,0.0,0.46153846153846156,-0.0441995696087864
camel-1.0,METRICS,SMOTE,ET,1,0.9705882352941176,0.5,0.5,0.5,0.8825757575757576,0.48484848484848486
camel-1.0,METRICS,SMOTE,ET,2,0.9264705882352942,0.25,0.3333333333333333,0.2857142857142857,0.6282051282051282,0.25064020591380154
camel-1.0,METRICS,SMOTE,ET,3,0.9264705882352942,0.0,0.0,0.0,0.7897435897435896,-0.03739787960033829
camel-1.0,METRICS,SMOTE,ET,4,0.9558823529411765,0.0,0.0,0.0,0.8282051282051281,0.0
camel-1.0,METRICS,SMOTE,ET,5,0.9253731343283582,0.0,0.0,0.0,0.36153846153846153,-0.0379777262656375
camel-1.0,METRICS,SMOTE,SVM_RBF,1,0.8970588235294118,0.14285714285714285,0.5,0.2222222222222222,0.9166666666666667,0.2274536218568652
camel-1.0,METRICS,SMOTE,SVM_RBF,2,0.8382352941176471,0.16666666666666666,0.6666666666666666,0.26666666666666666,0.717948717948718,0.276247310054915
camel-1.0,METRICS,SMOTE,SVM_RBF,3,0.8970588235294118,0.0,0.0,0.0,0.635897435897436,-0.053708615552957466
camel-1.0,METRICS,SMOTE,SVM_RBF,4,0.9264705882352942,0.0,0.0,0.0,0.717948717948718,-0.03739787960033829
camel-1.0,METRICS,SMOTE,SVM_RBF,5,0.9253731343283582,0.0,0.0,0.0,0.49230769230769234,-0.0379777262656375
camel-1.0,METRICS,SMOTE,GB,1,0.9852941176470589,1.0,0.5,0.6666666666666666,0.9166666666666667,0.7018100265975372
camel-1.0,METRICS,SMOTE,GB,2,0.8970588235294118,0.16666666666666666,0.3333333333333333,0.2222222222222222,0.6871794871794871,0.18564413306421376
camel-1.0,METRICS,SMOTE,GB,3,0.8823529411764706,0.0,0.0,0.0,0.5051282051282051,-0.06052275326688024
camel-1.0,METRICS,SMOTE,GB,4,0.9705882352941176,1.0,0.3333333333333333,0.5,0.764102564102564,0.5686678156684396
camel-1.0,METRICS,SMOTE,GB,5,0.9104477611940298,0.0,0.0,0.0,0.1769230769230769,-0.0441995696087864
camel-1.0,METRICS,BLSMOTE,LR,1,0.8970588235294118,0.2222222222222222,1.0,0.36363636363636365,0.9545454545454545,0.4457052822810143
camel-1.0,METRICS,BLSMOTE,LR,2,0.8529411764705882,0.1111111111111111,0.3333333333333333,0.16666666666666666,0.6256410256410256,0.12741462797076364
camel-1.0,METRICS,BLSMOTE,LR,3,0.8676470588235294,0.0,0.0,0.0,0.6256410256410255,-0.06683188790311695
camel-1.0,METRICS,BLSMOTE,LR,4,0.8676470588235294,0.125,0.3333333333333333,0.18181818181818182,0.6820512820512821,0.14381849910133496
camel-1.0,METRICS,BLSMOTE,LR,5,0.835820895522388,0.09090909090909091,0.5,0.15384615384615385,0.6846153846153846,0.1590195358665494
camel-1.0,METRICS,BLSMOTE,RF,1,0.9852941176470589,1.0,0.5,0.6666666666666666,0.7954545454545454,0.7018100265975372
camel-1.0,METRICS,BLSMOTE,RF,2,0.9411764705882353,0.3333333333333333,0.3333333333333333,0.3333333333333333,0.617948717948718,0.30256410256410254
camel-1.0,METRICS,BLSMOTE,RF,3,0.9411764705882353,0.0,0.0,0.0,0.7564102564102564,-0.026246206877004904
camel-1.0,METRICS,BLSMOTE,RF,4,0.9705882352941176,1.0,0.3333333333333333,0.5,0.8897435897435897,0.5686678156684396
camel-1.0,METRICS,BLSMOTE,RF,5,0.9402985074626866,0.0,0.0,0.0,0.5153846153846153,-0.03076923076923077
camel-1.0,METRICS,BLSMOTE,ET,1,0.9852941176470589,1.0,0.5,0.6666666666666666,0.8295454545454546,0.7018100265975372
camel-1.0,METRICS,BLSMOTE,ET,2,0.9411764705882353,0.3333333333333333,0.3333333333333333,0.3333333333333333,0.6282051282051282,0.30256410256410254
camel-1.0,METRICS,BLSMOTE,ET,3,0.9264705882352942,0.0,0.0,0.0,0.8025641025641025,-0.03739787960033829
camel-1.0,METRICS,BLSMOTE,ET,4,0.9558823529411765,0.0,0.0,0.0,0.846153846153846,0.0
camel-1.0,METRICS,BLSMOTE,ET,5,0.9253731343283582,0.0,0.0,0.0,0.4461538461538461,-0.0379777262656375
camel-1.0,METRICS,BLSMOTE,SVM_RBF,1,0.9264705882352942,0.2,0.5,0.2857142857142857,0.8712121212121212,0.28443677839597487
camel-1.0,METRICS,BLSMOTE,SVM_RBF,2,0.8823529411764706,0.14285714285714285,0.3333333333333333,0.2,0.6871794871794872,0.16287957023091282
camel-1.0,METRICS,BLSMOTE,SVM_RBF,3,0.8970588235294118,0.0,0.0,0.0,0.6871794871794872,-0.053708615552957466
camel-1.0,METRICS,BLSMOTE,SVM_RBF,4,0.9117647058823529,0.0,0.0,0.0,0.7487179487179487,-0.046153846153846156
camel-1.0,METRICS,BLSMOTE,SVM_RBF,5,0.9253731343283582,0.0,0.0,0.0,0.5,-0.0379777262656375
camel-1.0,METRICS,BLSMOTE,GB,1,0.9705882352941176,0.5,0.5,0.5,0.8636363636363636,0.48484848484848486
camel-1.0,METRICS,BLSMOTE,GB,2,0.9411764705882353,0.3333333333333333,0.3333333333333333,0.3333333333333333,0.5179487179487179,0.30256410256410254
camel-1.0,METRICS,BLSMOTE,GB,3,0.9264705882352942,0.0,0.0,0.0,0.5358974358974359,-0.03739787960033829
camel-1.0,METRICS,BLSMOTE,GB,4,0.9852941176470589,1.0,0.6666666666666666,0.8,0.8512820512820513,0.810287391340663
camel-1.0,METRICS,BLSMOTE,GB,5,0.9104477611940298,0.0,0.0,0.0,0.2846153846153846,-0.0441995696087864
camel-1.0,POST_TFIDF,NONE,LR,1,0.9705882352941176,0.0,0.0,0.0,0.9621212121212122,0.0
camel-1.0,POST_TFIDF,NONE,LR,2,0.9558823529411765,0.0,0.0,0.0,0.6512820512820513,0.0
camel-1.0,POST_TFIDF,NONE,LR,3,0.9558823529411765,0.0,0.0,0.0,0.7820512820512819,0.0
camel-1.0,POST_TFIDF,NONE,LR,4,0.9558823529411765,0.0,0.0,0.0,0.8871794871794871,0.0
camel-1.0,POST_TFIDF,NONE,LR,5,0.9701492537313433,0.0,0.0,0.0,0.5423076923076923,0.0
camel-1.0,POST_TFIDF,NONE,RF,1,0.9705882352941176,0.0,0.0,0.0,0.7878787878787878,0.0
camel-1.0,POST_TFIDF,NONE,RF,2,0.9411764705882353,0.0,0.0,0.0,0.6666666666666666,-0.026246206877004904
camel-1.0,POST_TFIDF,NONE,RF,3,0.9558823529411765,0.0,0.0,0.0,0.8487179487179487,0.0
camel-1.0,POST_TFIDF,NONE,RF,4,0.9558823529411765,0.0,0.0,0.0,0.8025641025641026,0.0
camel-1.0,POST_TFIDF,NONE,RF,5,0.9552238805970149,0.0,0.0,0.0,0.36153846153846153,-0.021591675854376522
camel-1.0,POST_TFIDF,NONE,ET,1,0.9705882352941176,0.0,0.0,0.0,0.8181818181818181,0.0
camel-1.0,POST_TFIDF,NONE,ET,2,0.9411764705882353,0.0,0.0,0.0,0.7615384615384616,-0.026246206877004904
camel-1.0,POST_TFIDF,NONE,ET,3,0.9558823529411765,0.0,0.0,0.0,0.8692307692307693,0.0
camel-1.0,POST_TFIDF,NONE,ET,4,0.9411764705882353,0.0,0.0,0.0,0.6615384615384614,-0.026246206877004904
camel-1.0,POST_TFIDF,NONE,ET,5,0.9552238805970149,0.0,0.0,0.0,0.3384615384615385,-0.021591675854376522
camel-1.0,POST_TFIDF,NONE,SVM_RBF,1,0.9705882352941176,0.0,0.0,0.0,0.3560606060606061,0.0
camel-1.0,POST_TFIDF,NONE,SVM_RBF,2,0.9558823529411765,0.0,0.0,0.0,0.4051282051282051,0.0
camel-1.0,POST_TFIDF,NONE,SVM_RBF,3,0.9558823529411765,0.0,0.0,0.0,0.38717948717948714,0.0
camel-1.0,POST_TFIDF,NONE,SVM_RBF,4,0.9558823529411765,0.0,0.0,0.0,0.5128205128205128,0.0
camel-1.0,POST_TFIDF,NONE,SVM_RBF,5,0.9701492537313433,0.0,0.0,0.0,0.22692307692307692,0.0
camel-1.0,POST_TFIDF,NONE,GB,1,0.9411764705882353,0.0,0.0,0.0,0.8181818181818182,-0.030303030303030304
camel-1.0,POST_TFIDF,NONE,GB,2,0.9411764705882353,0.0,0.0,0.0,0.7128205128205128,-0.026246206877004904
camel-1.0,POST_TFIDF,NONE,GB,3,0.9411764705882353,0.0,0.0,0.0,0.5717948717948718,-0.026246206877004904
camel-1.0,POST_TFIDF,NONE,GB,4,0.8970588235294118,0.0,0.0,0.0,0.48461538461538456,-0.053708615552957466
camel-1.0,POST_TFIDF,NONE,GB,5,0.9402985074626866,0.0,0.0,0.0,0.4076923076923077,-0.03076923076923077
camel-1.0,POST_TFIDF,SMOTE,LR,1,0.7352941176470589,0.1,1.0,0.18181818181818182,0.9393939393939394,0.26967994498529685
camel-1.0,POST_TFIDF,SMOTE,LR,2,0.75,0.0625,0.3333333333333333,0.10526315789473684,0.6461538461538462,0.04965363264368483
camel-1.0,POST_TFIDF,SMOTE,LR,3,0.8088235294117647,0.08333333333333333,0.3333333333333333,0.13333333333333333,0.782051282051282,0.0883991392175728
camel-1.0,POST_TFIDF,SMOTE,LR,4,0.8382352941176471,0.16666666666666666,0.6666666666666666,0.26666666666666666,0.8564102564102565,0.276247310054915
camel-1.0,POST_TFIDF,SMOTE,LR,5,0.7014925373134329,0.0,0.0,0.0,0.5499999999999999,-0.10631548679075012
camel-1.0,POST_TFIDF,SMOTE,RF,1,0.9705882352941176,0.0,0.0,0.0,0.9696969696969697,0.0
camel-1.0,POST_TFIDF,SMOTE,RF,2,0.9117647058823529,0.2,0.3333333333333333,0.25,0.782051282051282,0.21384706154297686
camel-1.0,POST_TFIDF,SMOTE,RF,3,0.9558823529411765,0.0,0.0,0.0,0.8692307692307693,0.0
camel-1.0,POST_TFIDF,SMOTE,RF,4,0.9264705882352942,0.0,0.0,0.0,0.8769230769230769,-0.03739787960033829
camel-1.0,POST_TFIDF,SMOTE,RF,5,0.9253731343283582,0.0,0.0,0.0,0.2615384615384615,-0.0379777262656375
camel-1.0,POST_TFIDF,SMOTE,ET,1,0.9705882352941176,0.0,0.0,0.0,0.856060606060606,0.0
camel-1.0,POST_TFIDF,SMOTE,ET,2,0.9264705882352942,0.25,0.3333333333333333,0.2857142857142857,0.7076923076923076,0.25064020591380154
camel-1.0,POST_TFIDF,SMOTE,ET,3,0.9264705882352942,0.0,0.0,0.0,0.8538461538461538,-0.03739787960033829
camel-1.0,POST_TFIDF,SMOTE,ET,4,0.9411764705882353,0.0,0.0,0.0,0.664102564102564,-0.026246206877004904
camel-1.0,POST_TFIDF,SMOTE,ET,5,0.9402985074626866,0.0,0.0,0.0,0.3384615384615385,-0.03076923076923077
camel-1.0,POST_TFIDF,SMOTE,SVM_RBF,1,0.7794117647058824,0.06666666666666667,0.5,0.11764705882352941,0.8409090909090909,0.11730406620796739
camel-1.0,POST_TFIDF,SMOTE,SVM_RBF,2,0.7794117647058824,0.07142857142857142,0.3333333333333333,0.11764705882352941,0.5948717948717948,0.06771660002444933
camel-1.0,POST_TFIDF,SMOTE,SVM_RBF,3,0.8676470588235294,0.125,0.3333333333333333,0.18181818181818182,0.7461538461538462,0.14381849910133496
camel-1.0,POST_TFIDF,SMOTE,SVM_RBF,4,0.9117647058823529,0.2857142857142857,0.6666666666666666,0.4,0.6717948717948717,0.3985351186501058
camel-1.0,POST_TFIDF,SMOTE,SVM_RBF,5,0.746268656716418,0.0,0.0,0.0,0.35,-0.09421114395319916
camel-1.0,POST_TFIDF,SMOTE,GB,1,0.9411764705882353,0.0,0.0,0.0,0.9696969696969697,-0.030303030303030304
camel-1.0,POST_TFIDF,SMOTE,GB,2,0.9117647058823529,0.2,0.3333333333333333,0.25,0.8410256410256409,0.21384706154297686
camel-1.0,POST_TFIDF,SMOTE,GB,3,0.9264705882352942,0.0,0.0,0.0,0.5615384615384615,-0.03739787960033829
camel-1.0,POST_TFIDF,SMOTE,GB,4,0.9117647058823529,0.2,0.3333333333333333,0.25,0.6205128205128204,0.21384706154297686
camel-1.0,POST_TFIDF,SMOTE,GB,5,0.8955223880597015,0.0,0.0,0.0,0.18076923076923077,-0.04981354813867179
camel-1.0,POST_TFIDF,BLSMOTE,LR,1,0.7794117647058824,0.11764705882352941,1.0,0.21052631578947367,0.9242424242424242,0.3015113445777636
camel-1.0,POST_TFIDF,BLSMOTE,LR,2,0.7941176470588235,0.07692307692307693,0.3333333333333333,0.125,0.6512820512820513,0.07766541573408058
camel-1.0,POST_TFIDF,BLSMOTE,LR,3,0.8088235294117647,0.08333333333333333,0.3333333333333333,0.13333333333333333,0.8384615384615384,0.0883991392175728
camel-1.0,POST_TFIDF,BLSMOTE,LR,4,0.8676470588235294,0.2,0.6666666666666666,0.3076923076923077,0.9076923076923077,0.31519154772852787
camel-1.0,POST_TFIDF,BLSMOTE,LR,5,0.6865671641791045,0.0,0.0,0.0,0.5576923076923076,-0.11036071393157612
camel-1.0,POST_TFIDF,BLSMOTE,RF,1,0.9705882352941176,0.0,0.0,0.0,0.9090909090909091,0.0
camel-1.0,POST_TFIDF,BLSMOTE,RF,2,0.9411764705882353,0.3333333333333333,0.3333333333333333,0.3333333333333333,0.7333333333333334,0.30256410256410254
camel-1.0,POST_TFIDF,BLSMOTE,RF,3,0.9411764705882353,0.0,0.0,0.0,0.7974358974358975,-0.026246206877004904
camel-1.0,POST_TFIDF,BLSMOTE,RF,4,0.9264705882352942,0.0,0.0,0.0,0.882051282051282,-0.03739787960033829
camel-1.0,POST_TFIDF,BLSMOTE,RF,5,0.9253731343283582,0.0,0.0,0.0,0.22692307692307692,-0.0379777262656375
camel-1.0,POST_TFIDF,BLSMOTE,ET,1,0.9705882352941176,0.0,0.0,0.0,0.9166666666666666,0.0
camel-1.0,POST_TFIDF,BLSMOTE,ET,2,0.9411764705882353,0.3333333333333333,0.3333333333333333,0.3333333333333333,0.7282051282051282,0.30256410256410254
camel-1.0,POST_TFIDF,BLSMOTE,ET,3,0.9264705882352942,0.0,0.0,0.0,0.8871794871794871,-0.03739787960033829
camel-1.0,POST_TFIDF,BLSMOTE,ET,4,0.9411764705882353,0.3333333333333333,0.3333333333333333,0.3333333333333333,0.7153846153846153,0.30256410256410254
camel-1.0,POST_TFIDF,BLSMOTE,ET,5,0.9402985074626866,0.0,0.0,0.0,0.34615384615384615,-0.03076923076923077
camel-1.0,POST_TFIDF,BLSMOTE,SVM_RBF,1,0.8382352941176471,0.09090909090909091,0.5,0.15384615384615385,0.8409090909090909,0.15989581451584609
camel-1.0,POST_TFIDF,BLSMOTE,SVM_RBF,2,0.8382352941176471,0.1,0.3333333333333333,0.15384615384615385,0.5538461538461538,0.11299319635550999
camel-1.0,POST_TFIDF,BLSMOTE,SVM_RBF,3,0.8823529411764706,0.14285714285714285,0.3333333333333333,0.2,0.7307692307692307,0.16287957023091282
camel-1.0,POST_TFIDF,BLSMOTE,SVM_RBF,4,0.9117647058823529,0.2857142857142857,0.6666666666666666,0.4,0.717948717948718,0.3985351186501058
camel-1.0,POST_TFIDF,BLSMOTE,SVM_RBF,5,0.746268656716418,0.0,0.0,0.0,0.4346153846153846,-0.09421114395319916
camel-1.0,POST_TFIDF,BLSMOTE,GB,1,0.9705882352941176,0.0,0.0,0.0,0.8560606060606061,0.0
camel-1.0,POST_TFIDF,BLSMOTE,GB,2,0.9117647058823529,0.2,0.3333333333333333,0.25,0.6512820512820512,0.21384706154297686
camel-1.0,POST_TFIDF,BLSMOTE,GB,3,0.9411764705882353,0.0,0.0,0.0,0.48461538461538456,-0.026246206877004904
camel-1.0,POST_TFIDF,BLSMOTE,GB,4,0.9558823529411765,0.5,0.3333333333333333,0.4,0.7846153846153846,0.3864447558701623
camel-1.0,POST_TFIDF,BLSMOTE,GB,5,0.8805970149253731,0.0,0.0,0.0,0.08846153846153845,-0.05501346848732867
camel-1.0,RISK_FEATURES,NONE,LR,1,0.9705882352941176,0.0,0.0,0.0,0.8863636363636364,0.0
camel-1.0,RISK_FEATURES,NONE,LR,2,0.9558823529411765,0.0,0.0,0.0,0.7128205128205128,0.0
camel-1.0,RISK_FEATURES,NONE,LR,3,0.9558823529411765,0.0,0.0,0.0,0.4897435897435897,0.0
camel-1.0,RISK_FEATURES,NONE,LR,4,0.9558823529411765,0.0,0.0,0.0,0.823076923076923,0.0
camel-1.0,RISK_FEATURES,NONE,LR,5,0.9701492537313433,0.0,0.0,0.0,0.19615384615384615,0.0
camel-1.0,RISK_FEATURES,NONE,RF,1,0.9705882352941176,0.0,0.0,0.0,0.8712121212121212,0.0
camel-1.0,RISK_FEATURES,NONE,RF,2,0.9411764705882353,0.0,0.0,0.0,0.48717948717948717,-0.026246206877004904
camel-1.0,RISK_FEATURES,NONE,RF,3,0.9558823529411765,0.0,0.0,0.0,0.582051282051282,0.0
camel-1.0,RISK_FEATURES,NONE,RF,4,0.9558823529411765,0.0,0.0,0.0,0.7358974358974358,0.0
camel-1.0,RISK_FEATURES,NONE,RF,5,0.9701492537313433,0.0,0.0,0.0,0.2692307692307692,0.0
camel-1.0,RISK_FEATURES,NONE,ET,1,0.9705882352941176,0.0,0.0,0.0,0.8712121212121212,0.0
camel-1.0,RISK_FEATURES,NONE,ET,2,0.9411764705882353,0.0,0.0,0.0,0.4974358974358974,-0.026246206877004904
camel-1.0,RISK_FEATURES,NONE,ET,3,0.9558823529411765,0.0,0.0,0.0,0.46153846153846145,0.0
camel-1.0,RISK_FEATURES,NONE,ET,4,0.9558823529411765,0.0,0.0,0.0,0.6794871794871794,0.0
camel-1.0,RISK_FEATURES,NONE,ET,5,0.9701492537313433,0.0,0.0,0.0,0.29230769230769227,0.0
camel-1.0,RISK_FEATURES,NONE,SVM_RBF,1,0.9705882352941176,0.0,0.0,0.0,0.11363636363636365,0.0
camel-1.0,RISK_FEATURES,NONE,SVM_RBF,2,0.9558823529411765,0.0,0.0,0.0,0.5948717948717949,0.0
camel-1.0,RISK_FEATURES,NONE,SVM_RBF,3,0.9558823529411765,0.0,0.0,0.0,0.5,0.0
camel-1.0,RISK_FEATURES,NONE,SVM_RBF,4,0.9558823529411765,0.0,0.0,0.0,0.7384615384615385,0.0
camel-1.0,RISK_FEATURES,NONE,SVM_RBF,5,0.9701492537313433,0.0,0.0,0.0,0.5384615384615384,0.0
camel-1.0,RISK_FEATURES,NONE,GB,1,0.9705882352941176,0.0,0.0,0.0,0.8712121212121211,0.0
camel-1.0,RISK_FEATURES,NONE,GB,2,0.9411764705882353,0.0,0.0,0.0,0.6512820512820513,-0.026246206877004904
camel-1.0,RISK_FEATURES,NONE,GB,3,0.9558823529411765,0.0,0.0,0.0,0.3923076923076923,0.0
camel-1.0,RISK_FEATURES,NONE,GB,4,0.9558823529411765,0.0,0.0,0.0,0.7307692307692306,0.0
camel-1.0,RISK_FEATURES,NONE,GB,5,0.9701492537313433,0.0,0.0,0.0,0.3192307692307692,0.0
camel-1.0,RISK_FEATURES,SMOTE,LR,1,0.7205882352941176,0.09523809523809523,1.0,0.17391304347826086,0.8560606060606061,0.2604247834232906
camel-1.0,RISK_FEATURES,SMOTE,LR,2,0.7058823529411765,0.09523809523809523,0.6666666666666666,0.16666666666666666,0.7948717948717948,0.16639756937048814
camel-1.0,RISK_FEATURES,SMOTE,LR,3,0.6764705882352942,0.047619047619047616,0.3333333333333333,0.08333333333333333,0.5205128205128204,0.011397093792499188
camel-1.0,RISK_FEATURES,SMOTE,LR,4,0.8088235294117647,0.14285714285714285,0.6666666666666666,0.23529411764705882,0.7153846153846153,0.2448215539345476
camel-1.0,RISK_FEATURES,SMOTE,LR,5,0.6716417910447762,0.0,0.0,0.0,0.25769230769230766,-0.11442591353812462
camel-1.0,RISK_FEATURES,SMOTE,RF,1,0.7647058823529411,0.1111111111111111,1.0,0.2,0.8863636363636362,0.29012942659282975
camel-1.0,RISK_FEATURES,SMOTE,RF,2,0.7794117647058824,0.07142857142857142,0.3333333333333333,0.11764705882352941,0.4923076923076923,0.06771660002444933
camel-1.0,RISK_FEATURES,SMOTE,RF,3,0.8529411764705882,0.1111111111111111,0.3333333333333333,0.16666666666666666,0.7205128205128205,0.12741462797076364
camel-1.0,RISK_FEATURES,SMOTE,RF,4,0.8529411764705882,0.18181818181818182,0.6666666666666666,0.2857142857142857,0.6820512820512821,0.29456839511753186
camel-1.0,RISK_FEATURES,SMOTE,RF,5,0.7164179104477612,0.0,0.0,0.0,0.2846153846153846,-0.10228166239135175
camel-1.0,RISK_FEATURES,SMOTE,ET,1,0.7794117647058824,0.11764705882352941,1.0,0.21052631578947367,0.8863636363636364,0.3015113445777636
camel-1.0,RISK_FEATURES,SMOTE,ET,2,0.7794117647058824,0.07142857142857142,0.3333333333333333,0.11764705882352941,0.4974358974358974,0.06771660002444933
camel-1.0,RISK_FEATURES,SMOTE,ET,3,0.8382352941176471,0.1,0.3333333333333333,0.15384615384615385,0.5307692307692308,0.11299319635550999
camel-1.0,RISK_FEATURES,SMOTE,ET,4,0.8529411764705882,0.18181818181818182,0.6666666666666666,0.2857142857142857,0.6897435897435897,0.29456839511753186
camel-1.0,RISK_FEATURES,SMOTE,ET,5,0.7164179104477612,0.0,0.0,0.0,0.29230769230769227,-0.10228166239135175
camel-1.0,RISK_FEATURES,SMOTE,SVM_RBF,1,0.75,0.10526315789473684,1.0,0.19047619047619047,0.8863636363636364,0.2795530723408051
camel-1.0,RISK_FEATURES,SMOTE,SVM_RBF,2,0.7794117647058824,0.07142857142857142,0.3333333333333333,0.11764705882352941,0.5333333333333332,0.06771660002444933
camel-1.0,RISK_FEATURES,SMOTE,SVM_RBF,3,0.7794117647058824,0.07142857142857142,0.3333333333333333,0.11764705882352941,0.4897435897435897,0.06771660002444933
camel-1.0,RISK_FEATURES,SMOTE,SVM_RBF,4,0.8382352941176471,0.16666666666666666,0.6666666666666666,0.26666666666666666,0.6692307692307692,0.276247310054915
camel-1.0,RISK_FEATURES,SMOTE,SVM_RBF,5,0.6716417910447762,0.0,0.0,0.0,0.28076923076923077,-0.11442591353812462
camel-1.0,RISK_FEATURES,SMOTE,GB,1,0.7794117647058824,0.11764705882352941,1.0,0.21052631578947367,0.8863636363636364,0.3015113445777636
camel-1.0,RISK_FEATURES,SMOTE,GB,2,0.7794117647058824,0.07142857142857142,0.3333333333333333,0.11764705882352941,0.5384615384615385,0.06771660002444933
camel-1.0,RISK_FEATURES,SMOTE,GB,3,0.8529411764705882,0.1111111111111111,0.3333333333333333,0.16666666666666666,0.4641025641025641,0.12741462797076364
camel-1.0,RISK_FEATURES,SMOTE,GB,4,0.8529411764705882,0.18181818181818182,0.6666666666666666,0.2857142857142857,0.741025641025641,0.29456839511753186
camel-1.0,RISK_FEATURES,SMOTE,GB,5,0.7014925373134329,0.0,0.0,0.0,0.32307692307692304,-0.10631548679075012
camel-1.0,RISK_FEATURES,BLSMOTE,LR,1,0.7205882352941176,0.09523809523809523,1.0,0.17391304347826086,0.8712121212121212,0.2604247834232906
camel-1.0,RISK_FEATURES,BLSMOTE,LR,2,0.7647058823529411,0.11764705882352941,0.6666666666666666,0.2,0.7025641025641025,0.20672455764868075
camel-1.0,RISK_FEATURES,BLSMOTE,LR,3,0.8088235294117647,0.08333333333333333,0.3333333333333333,0.13333333333333333,0.7051282051282051,0.0883991392175728
camel-1.0,RISK_FEATURES,BLSMOTE,LR,4,0.8382352941176471,0.16666666666666666,0.6666666666666666,0.26666666666666666,0.823076923076923,0.276247310054915
camel-1.0,RISK_FEATURES,BLSMOTE,LR,5,0.6716417910447762,0.0,0.0,0.0,0.28076923076923077,-0.11442591353812462
camel-1.0,RISK_FEATURES,BLSMOTE,RF,1,0.7647058823529411,0.1111111111111111,1.0,0.2,0.8863636363636362,0.29012942659282975
camel-1.0,RISK_FEATURES,BLSMOTE,RF,2,0.7794117647058824,0.07142857142857142,0.3333333333333333,0.11764705882352941,0.47692307692307684,0.06771660002444933
camel-1.0,RISK_FEATURES,BLSMOTE,RF,3,0.8529411764705882,0.1111111111111111,0.3333333333333333,0.16666666666666666,0.6076923076923078,0.12741462797076364
camel-1.0,RISK_FEATURES,BLSMOTE,RF,4,0.8529411764705882,0.18181818181818182,0.6666666666666666,0.2857142857142857,0.6846153846153845,0.29456839511753186
camel-1.0,RISK_FEATURES,BLSMOTE,RF,5,0.7014925373134329,0.0,0.0,0.0,0.2846153846153846,-0.10631548679075012
camel-1.0,RISK_FEATURES,BLSMOTE,ET,1,0.7794117647058824,0.11764705882352941,1.0,0.21052631578947367,0.8863636363636364,0.3015113445777636
camel-1.0,RISK_FEATURES,BLSMOTE,ET,2,0.7794117647058824,0.07142857142857142,0.3333333333333333,0.11764705882352941,0.4974358974358974,0.06771660002444933
camel-1.0,RISK_FEATURES,BLSMOTE,ET,3,0.8529411764705882,0.1111111111111111,0.3333333333333333,0.16666666666666666,0.46153846153846145,0.12741462797076364
camel-1.0,RISK_FEATURES,BLSMOTE,ET,4,0.8529411764705882,0.18181818181818182,0.6666666666666666,0.2857142857142857,0.6897435897435897,0.29456839511753186
camel-1.0,RISK_FEATURES,BLSMOTE,ET,5,0.7164179104477612,0.0,0.0,0.0,0.29230769230769227,-0.10228166239135175
camel-1.0,RISK_FEATURES,BLSMOTE,SVM_RBF,1,0.75,0.10526315789473684,1.0,0.19047619047619047,0.8863636363636364,0.2795530723408051
camel-1.0,RISK_FEATURES,BLSMOTE,SVM_RBF,2,0.7794117647058824,0.07142857142857142,0.3333333333333333,0.11764705882352941,0.5435897435897435,0.06771660002444933
camel-1.0,RISK_FEATURES,BLSMOTE,SVM_RBF,3,0.8088235294117647,0.08333333333333333,0.3333333333333333,0.13333333333333333,0.4948717948717949,0.0883991392175728
camel-1.0,RISK_FEATURES,BLSMOTE,SVM_RBF,4,0.8382352941176471,0.16666666666666666,0.6666666666666666,0.26666666666666666,0.9051282051282051,0.276247310054915
camel-1.0,RISK_FEATURES,BLSMOTE,SVM_RBF,5,0.6716417910447762,0.0,0.0,0.0,0.28076923076923077,-0.11442591353812462
camel-1.0,RISK_FEATURES,BLSMOTE,GB,1,0.7647058823529411,0.1111111111111111,1.0,0.2,0.8863636363636364,0.29012942659282975
camel-1.0,RISK_FEATURES,BLSMOTE,GB,2,0.7794117647058824,0.07142857142857142,0.3333333333333333,0.11764705882352941,0.5846153846153845,0.06771660002444933
camel-1.0,RISK_FEATURES,BLSMOTE,GB,3,0.8529411764705882,0.1111111111111111,0.3333333333333333,0.16666666666666666,0.35128205128205126,0.12741462797076364
camel-1.0,RISK_FEATURES,BLSMOTE,GB,4,0.8529411764705882,0.18181818181818182,0.6666666666666666,0.2857142857142857,0.7307692307692307,0.29456839511753186
camel-1.0,RISK_FEATURES,BLSMOTE,GB,5,0.7014925373134329,0.0,0.0,0.0,0.30000000000000004,-0.10631548679075012
camel-1.0,METRICS_RISK,NONE,LR,1,0.9705882352941176,0.0,0.0,0.0,0.962121212121212,0.0
camel-1.0,METRICS_RISK,NONE,LR,2,0.9411764705882353,0.0,0.0,0.0,0.6871794871794872,-0.026246206877004904
camel-1.0,METRICS_RISK,NONE,LR,3,0.9558823529411765,0.0,0.0,0.0,0.4923076923076923,0.0
camel-1.0,METRICS_RISK,NONE,LR,4,0.9705882352941176,1.0,0.3333333333333333,0.5,0.6615384615384615,0.5686678156684396
camel-1.0,METRICS_RISK,NONE,LR,5,0.9552238805970149,0.0,0.0,0.0,0.5538461538461539,-0.021591675854376522
camel-1.0,METRICS_RISK,NONE,RF,1,0.9705882352941176,0.0,0.0,0.0,0.7537878787878788,0.0
camel-1.0,METRICS_RISK,NONE,RF,2,0.9558823529411765,0.0,0.0,0.0,0.5692307692307692,0.0
camel-1.0,METRICS_RISK,NONE,RF,3,0.9411764705882353,0.0,0.0,0.0,0.7666666666666666,-0.026246206877004904
camel-1.0,METRICS_RISK,NONE,RF,4,0.9558823529411765,0.0,0.0,0.0,0.6282051282051281,0.0
camel-1.0,METRICS_RISK,NONE,RF,5,0.9552238805970149,0.0,0.0,0.0,0.6730769230769231,-0.021591675854376522
camel-1.0,METRICS_RISK,NONE,ET,1,0.9705882352941176,0.0,0.0,0.0,0.7765151515151515,0.0
camel-1.0,METRICS_RISK,NONE,ET,2,0.9411764705882353,0.0,0.0,0.0,0.6102564102564103,-0.026246206877004904
camel-1.0,METRICS_RISK,NONE,ET,3,0.9411764705882353,0.0,0.0,0.0,0.7769230769230768,-0.026246206877004904
camel-1.0,METRICS_RISK,NONE,ET,4,0.9558823529411765,0.0,0.0,0.0,0.7153846153846153,0.0
camel-1.0,METRICS_RISK,NONE,ET,5,0.9552238805970149,0.0,0.0,0.0,0.4192307692307692,-0.021591675854376522
camel-1.0,METRICS_RISK,NONE,SVM_RBF,1,0.9705882352941176,0.0,0.0,0.0,0.7196969696969697,0.0
camel-1.0,METRICS_RISK,NONE,SVM_RBF,2,0.9558823529411765,0.0,0.0,0.0,0.7794871794871795,0.0
camel-1.0,METRICS_RISK,NONE,SVM_RBF,3,0.9411764705882353,0.0,0.0,0.0,0.764102564102564,-0.026246206877004904
camel-1.0,METRICS_RISK,NONE,SVM_RBF,4,0.9558823529411765,0.0,0.0,0.0,0.5025641025641026,0.0
camel-1.0,METRICS_RISK,NONE,SVM_RBF,5,0.9701492537313433,0.0,0.0,0.0,0.45384615384615384,0.0
camel-1.0,METRICS_RISK,NONE,GB,1,0.9558823529411765,0.0,0.0,0.0,0.7272727272727273,-0.021266970502955673
camel-1.0,METRICS_RISK,NONE,GB,2,0.9411764705882353,0.0,0.0,0.0,0.523076923076923,-0.026246206877004904
camel-1.0,METRICS_RISK,NONE,GB,3,0.9411764705882353,0.0,0.0,0.0,0.5025641025641026,-0.026246206877004904
camel-1.0,METRICS_RISK,NONE,GB,4,0.9411764705882353,0.0,0.0,0.0,0.6102564102564102,-0.026246206877004904
camel-1.0,METRICS_RISK,NONE,GB,5,0.9552238805970149,0.0,0.0,0.0,0.2653846153846154,-0.021591675854376522
camel-1.0,METRICS_RISK,SMOTE,LR,1,0.7941176470588235,0.125,1.0,0.2222222222222222,0.9242424242424243,0.3138229572304239
camel-1.0,METRICS_RISK,SMOTE,LR,2,0.8529411764705882,0.1111111111111111,0.3333333333333333,0.16666666666666666,0.8102564102564103,0.12741462797076364
camel-1.0,METRICS_RISK,SMOTE,LR,3,0.8382352941176471,0.0,0.0,0.0,0.39999999999999997,-0.07844645405527362
camel-1.0,METRICS_RISK,SMOTE,LR,4,0.8676470588235294,0.125,0.3333333333333333,0.18181818181818182,0.6205128205128205,0.14381849910133496
camel-1.0,METRICS_RISK,SMOTE,LR,5,0.835820895522388,0.0,0.0,0.0,0.3153846153846154,-0.06909801595573181
camel-1.0,METRICS_RISK,SMOTE,RF,1,0.9558823529411765,0.3333333333333333,0.5,0.4,0.9393939393939393,0.3864447558701623
camel-1.0,METRICS_RISK,SMOTE,RF,2,0.9411764705882353,0.3333333333333333,0.3333333333333333,0.3333333333333333,0.6923076923076923,0.30256410256410254
camel-1.0,METRICS_RISK,SMOTE,RF,3,0.9117647058823529,0.0,0.0,0.0,0.7282051282051283,-0.046153846153846156
camel-1.0,METRICS_RISK,SMOTE,RF,4,0.9705882352941176,1.0,0.3333333333333333,0.5,0.8179487179487179,0.5686678156684396
camel-1.0,METRICS_RISK,SMOTE,RF,5,0.9402985074626866,0.0,0.0,0.0,0.38076923076923075,-0.03076923076923077
camel-1.0,METRICS_RISK,SMOTE,ET,1,0.9852941176470589,1.0,0.5,0.6666666666666666,0.9166666666666666,0.7018100265975372
camel-1.0,METRICS_RISK,SMOTE,ET,2,0.9411764705882353,0.3333333333333333,0.3333333333333333,0.3333333333333333,0.676923076923077,0.30256410256410254
camel-1.0,METRICS_RISK,SMOTE,ET,3,0.9264705882352942,0.0,0.0,0.0,0.7230769230769231,-0.03739787960033829
camel-1.0,METRICS_RISK,SMOTE,ET,4,0.9558823529411765,0.0,0.0,0.0,0.7589743589743589,0.0
camel-1.0,METRICS_RISK,SMOTE,ET,5,0.9402985074626866,0.0,0.0,0.0,0.42307692307692313,-0.03076923076923077
camel-1.0,METRICS_RISK,SMOTE,SVM_RBF,1,0.9264705882352942,0.2,0.5,0.2857142857142857,0.8939393939393939,0.28443677839597487
camel-1.0,METRICS_RISK,SMOTE,SVM_RBF,2,0.8823529411764706,0.14285714285714285,0.3333333333333333,0.2,0.8410256410256409,0.16287957023091282
camel-1.0,METRICS_RISK,SMOTE,SVM_RBF,3,0.9117647058823529,0.0,0.0,0.0,0.6102564102564102,-0.046153846153846156
camel-1.0,METRICS_RISK,SMOTE,SVM_RBF,4,0.9117647058823529,0.0,0.0,0.0,0.49743589743589745,-0.046153846153846156
camel-1.0,METRICS_RISK,SMOTE,SVM_RBF,5,0.9253731343283582,0.0,0.0,0.0,0.5692307692307692,-0.0379777262656375
camel-1.0,METRICS_RISK,SMOTE,GB,1,0.9705882352941176,0.5,0.5,0.5,0.8939393939393939,0.48484848484848486
camel-1.0,METRICS_RISK,SMOTE,GB,2,0.8970588235294118,0.16666666666666666,0.3333333333333333,0.2222222222222222,0.6153846153846154,0.18564413306421376
camel-1.0,METRICS_RISK,SMOTE,GB,3,0.8823529411764706,0.0,0.0,0.0,0.5564102564102564,-0.06052275326688024
camel-1.0,METRICS_RISK,SMOTE,GB,4,0.9558823529411765,0.0,0.0,0.0,0.6820512820512821,0.0
camel-1.0,METRICS_RISK,SMOTE,GB,5,0.9104477611940298,0.0,0.0,0.0,0.07692307692307687,-0.0441995696087864
camel-1.0,METRICS_RISK,BLSMOTE,LR,1,0.8970588235294118,0.14285714285714285,0.5,0.2222222222222222,0.9015151515151515,0.2274536218568652
camel-1.0,METRICS_RISK,BLSMOTE,LR,2,0.8529411764705882,0.1111111111111111,0.3333333333333333,0.16666666666666666,0.7999999999999999,0.12741462797076364
camel-1.0,METRICS_RISK,BLSMOTE,LR,3,0.8676470588235294,0.0,0.0,0.0,0.482051282051282,-0.06683188790311695
camel-1.0,METRICS_RISK,BLSMOTE,LR,4,0.8676470588235294,0.125,0.3333333333333333,0.18181818181818182,0.6512820512820512,0.14381849910133496
camel-1.0,METRICS_RISK,BLSMOTE,LR,5,0.8507462686567164,0.0,0.0,0.0,0.6,-0.0645917880798583
camel-1.0,METRICS_RISK,BLSMOTE,RF,1,0.9852941176470589,1.0,0.5,0.6666666666666666,0.7424242424242424,0.7018100265975372
camel-1.0,METRICS_RISK,BLSMOTE,RF,2,0.9558823529411765,0.5,0.3333333333333333,0.4,0.6717948717948717,0.3864447558701623
camel-1.0,METRICS_RISK,BLSMOTE,RF,3,0.9264705882352942,0.0,0.0,0.0,0.7230769230769231,-0.03739787960033829
camel-1.0,METRICS_RISK,BLSMOTE,RF,4,0.9705882352941176,1.0,0.3333333333333333,0.5,0.8589743589743589,0.5686678156684396
camel-1.0,METRICS_RISK,BLSMOTE,RF,5,0.8955223880597015,0.0,0.0,0.0,0.5307692307692308,-0.04981354813867179
camel-1.0,METRICS_RISK,BLSMOTE,ET,1,0.9852941176470589,1.0,0.5,0.6666666666666666,0.7613636363636364,0.7018100265975372
camel-1.0,METRICS_RISK,BLSMOTE,ET,2,0.9411764705882353,0.3333333333333333,0.3333333333333333,0.3333333333333333,0.623076923076923,0.30256410256410254
camel-1.0,METRICS_RISK,BLSMOTE,ET,3,0.9264705882352942,0.0,0.0,0.0,0.764102564102564,-0.03739787960033829
camel-1.0,METRICS_RISK,BLSMOTE,ET,4,0.9558823529411765,0.0,0.0,0.0,0.8256410256410257,0.0
camel-1.0,METRICS_RISK,BLSMOTE,ET,5,0.9104477611940298,0.0,0.0,0.0,0.4346153846153846,-0.0441995696087864
camel-1.0,METRICS_RISK,BLSMOTE,SVM_RBF,1,0.9264705882352942,0.2,0.5,0.2857142857142857,0.7878787878787878,0.28443677839597487
camel-1.0,METRICS_RISK,BLSMOTE,SVM_RBF,2,0.9117647058823529,0.2,0.3333333333333333,0.25,0.8102564102564102,0.21384706154297686
camel-1.0,METRICS_RISK,BLSMOTE,SVM_RBF,3,0.9264705882352942,0.0,0.0,0.0,0.6307692307692307,-0.03739787960033829
camel-1.0,METRICS_RISK,BLSMOTE,SVM_RBF,4,0.9264705882352942,0.0,0.0,0.0,0.605128205128205,-0.03739787960033829
camel-1.0,METRICS_RISK,BLSMOTE,SVM_RBF,5,0.9402985074626866,0.0,0.0,0.0,0.5923076923076923,-0.03076923076923077
camel-1.0,METRICS_RISK,BLSMOTE,GB,1,0.9852941176470589,1.0,0.5,0.6666666666666666,0.8787878787878788,0.7018100265975372
camel-1.0,METRICS_RISK,BLSMOTE,GB,2,0.9117647058823529,0.2,0.3333333333333333,0.25,0.6256410256410255,0.21384706154297686
camel-1.0,METRICS_RISK,BLSMOTE,GB,3,0.9264705882352942,0.0,0.0,0.0,0.45897435897435895,-0.03739787960033829
camel-1.0,METRICS_RISK,BLSMOTE,GB,4,0.9705882352941176,1.0,0.3333333333333333,0.5,0.8615384615384616,0.5686678156684396
camel-1.0,METRICS_RISK,BLSMOTE,GB,5,0.9253731343283582,0.0,0.0,0.0,0.34615384615384615,-0.0379777262656375
camel-1.0,METRICS_POST_TFIDF_RISK,NONE,LR,1,0.9705882352941176,0.0,0.0,0.0,0.9696969696969697,0.0
camel-1.0,METRICS_POST_TFIDF_RISK,NONE,LR,2,0.9411764705882353,0.0,0.0,0.0,0.676923076923077,-0.026246206877004904
camel-1.0,METRICS_POST_TFIDF_RISK,NONE,LR,3,0.9558823529411765,0.0,0.0,0.0,0.47179487179487173,0.0
camel-1.0,METRICS_POST_TFIDF_RISK,NONE,LR,4,0.9705882352941176,1.0,0.3333333333333333,0.5,0.6615384615384615,0.5686678156684396
camel-1.0,METRICS_POST_TFIDF_RISK,NONE,LR,5,0.9552238805970149,0.0,0.0,0.0,0.5461538461538461,-0.021591675854376522
camel-1.0,METRICS_POST_TFIDF_RISK,NONE,RF,1,0.9705882352941176,0.0,0.0,0.0,0.8522727272727272,0.0
camel-1.0,METRICS_POST_TFIDF_RISK,NONE,RF,2,0.9558823529411765,0.0,0.0,0.0,0.6794871794871795,0.0
camel-1.0,METRICS_POST_TFIDF_RISK,NONE,RF,3,0.9558823529411765,0.0,0.0,0.0,0.8333333333333333,0.0
camel-1.0,METRICS_POST_TFIDF_RISK,NONE,RF,4,0.9558823529411765,0.0,0.0,0.0,0.7794871794871794,0.0
camel-1.0,METRICS_POST_TFIDF_RISK,NONE,RF,5,0.9552238805970149,0.0,0.0,0.0,0.6384615384615384,-0.021591675854376522
camel-1.0,METRICS_POST_TFIDF_RISK,NONE,ET,1,0.9705882352941176,0.0,0.0,0.0,0.8598484848484849,0.0
camel-1.0,METRICS_POST_TFIDF_RISK,NONE,ET,2,0.9264705882352942,0.0,0.0,0.0,0.7256410256410256,-0.03739787960033829
camel-1.0,METRICS_POST_TFIDF_RISK,NONE,ET,3,0.9411764705882353,0.0,0.0,0.0,0.8358974358974358,-0.026246206877004904
camel-1.0,METRICS_POST_TFIDF_RISK,NONE,ET,4,0.9558823529411765,0.0,0.0,0.0,0.8307692307692307,0.0
camel-1.0,METRICS_POST_TFIDF_RISK,NONE,ET,5,0.9402985074626866,0.0,0.0,0.0,0.5615384615384615,-0.03076923076923077
camel-1.0,METRICS_POST_TFIDF_RISK,NONE,SVM_RBF,1,0.9705882352941176,0.0,0.0,0.0,0.7196969696969697,0.0
camel-1.0,METRICS_POST_TFIDF_RISK,NONE,SVM_RBF,2,0.9558823529411765,0.0,0.0,0.0,0.764102564102564,0.0
camel-1.0,METRICS_POST_TFIDF_RISK,NONE,SVM_RBF,3,0.9411764705882353,0.0,0.0,0.0,0.7589743589743589,-0.026246206877004904
camel-1.0,METRICS_POST_TFIDF_RISK,NONE,SVM_RBF,4,0.9558823529411765,0.0,0.0,0.0,0.5076923076923077,0.0
camel-1.0,METRICS_POST_TFIDF_RISK,NONE,SVM_RBF,5,0.9701492537313433,0.0,0.0,0.0,0.45384615384615384,0.0
camel-1.0,METRICS_POST_TFIDF_RISK,NONE,GB,1,0.9411764705882353,0.0,0.0,0.0,0.8560606060606061,-0.030303030303030304
camel-1.0,METRICS_POST_TFIDF_RISK,NONE,GB,2,0.9264705882352942,0.0,0.0,0.0,0.7,-0.03739787960033829
camel-1.0,METRICS_POST_TFIDF_RISK,NONE,GB,3,0.9411764705882353,0.0,0.0,0.0,0.676923076923077,-0.026246206877004904
camel-1.0,METRICS_POST_TFIDF_RISK,NONE,GB,4,0.9264705882352942,0.0,0.0,0.0,0.7153846153846154,-0.03739787960033829
camel-1.0,METRICS_POST_TFIDF_RISK,NONE,GB,5,0.9402985074626866,0.0,0.0,0.0,0.5692307692307692,-0.03076923076923077
camel-1.0,METRICS_POST_TFIDF_RISK,SMOTE,LR,1,0.7941176470588235,0.07142857142857142,0.5,0.125,0.9015151515151515,0.12662286273293105
camel-1.0,METRICS_POST_TFIDF_RISK,SMOTE,LR,2,0.8529411764705882,0.1111111111111111,0.3333333333333333,0.16666666666666666,0.7846153846153846,0.12741462797076364
camel-1.0,METRICS_POST_TFIDF_RISK,SMOTE,LR,3,0.8529411764705882,0.0,0.0,0.0,0.41025641025641024,-0.0727759781882802
camel-1.0,METRICS_POST_TFIDF_RISK,SMOTE,LR,4,0.8676470588235294,0.125,0.3333333333333333,0.18181818181818182,0.6256410256410256,0.14381849910133496
camel-1.0,METRICS_POST_TFIDF_RISK,SMOTE,LR,5,0.8507462686567164,0.0,0.0,0.0,0.33076923076923076,-0.0645917880798583
camel-1.0,METRICS_POST_TFIDF_RISK,SMOTE,RF,1,0.9558823529411765,0.0,0.0,0.0,0.9734848484848484,-0.021266970502955673
camel-1.0,METRICS_POST_TFIDF_RISK,SMOTE,RF,2,0.9264705882352942,0.25,0.3333333333333333,0.2857142857142857,0.7102564102564102,0.25064020591380154
camel-1.0,METRICS_POST_TFIDF_RISK,SMOTE,RF,3,0.9411764705882353,0.0,0.0,0.0,0.7923076923076922,-0.026246206877004904
camel-1.0,METRICS_POST_TFIDF_RISK,SMOTE,RF,4,0.9558823529411765,0.0,0.0,0.0,0.9102564102564104,0.0
camel-1.0,METRICS_POST_TFIDF_RISK,SMOTE,RF,5,0.9402985074626866,0.0,0.0,0.0,0.3153846153846154,-0.03076923076923077
camel-1.0,METRICS_POST_TFIDF_RISK,SMOTE,ET,1,0.9705882352941176,0.0,0.0,0.0,0.9090909090909091,0.0
camel-1.0,METRICS_POST_TFIDF_RISK,SMOTE,ET,2,0.9411764705882353,0.3333333333333333,0.3333333333333333,0.3333333333333333,0.7128205128205127,0.30256410256410254
camel-1.0,METRICS_POST_TFIDF_RISK,SMOTE,ET,3,0.9411764705882353,0.0,0.0,0.0,0.8051282051282052,-0.026246206877004904
camel-1.0,METRICS_POST_TFIDF_RISK,SMOTE,ET,4,0.9558823529411765,0.0,0.0,0.0,0.8307692307692307,0.0
camel-1.0,METRICS_POST_TFIDF_RISK,SMOTE,ET,5,0.9402985074626866,0.0,0.0,0.0,0.33461538461538465,-0.03076923076923077
camel-1.0,METRICS_POST_TFIDF_RISK,SMOTE,SVM_RBF,1,0.9264705882352942,0.2,0.5,0.2857142857142857,0.8939393939393939,0.28443677839597487
camel-1.0,METRICS_POST_TFIDF_RISK,SMOTE,SVM_RBF,2,0.8823529411764706,0.14285714285714285,0.3333333333333333,0.2,0.8410256410256409,0.16287957023091282
camel-1.0,METRICS_POST_TFIDF_RISK,SMOTE,SVM_RBF,3,0.9117647058823529,0.0,0.0,0.0,0.6051282051282051,-0.046153846153846156
camel-1.0,METRICS_POST_TFIDF_RISK,SMOTE,SVM_RBF,4,0.9117647058823529,0.0,0.0,0.0,0.5128205128205128,-0.046153846153846156
camel-1.0,METRICS_POST_TFIDF_RISK,SMOTE,SVM_RBF,5,0.9253731343283582,0.0,0.0,0.0,0.5692307692307692,-0.0379777262656375
camel-1.0,METRICS_POST_TFIDF_RISK,SMOTE,GB,1,0.9852941176470589,0.6666666666666666,1.0,0.8,0.9848484848484848,0.810287391340663
camel-1.0,METRICS_POST_TFIDF_RISK,SMOTE,GB,2,0.9117647058823529,0.2,0.3333333333333333,0.25,0.7948717948717948,0.21384706154297686
camel-1.0,METRICS_POST_TFIDF_RISK,SMOTE,GB,3,0.9411764705882353,0.0,0.0,0.0,0.4333333333333333,-0.026246206877004904
camel-1.0,METRICS_POST_TFIDF_RISK,SMOTE,GB,4,0.9411764705882353,0.0,0.0,0.0,0.8615384615384615,-0.026246206877004904
camel-1.0,METRICS_POST_TFIDF_RISK,SMOTE,GB,5,0.9104477611940298,0.0,0.0,0.0,0.33461538461538465,-0.0441995696087864
camel-1.0,METRICS_POST_TFIDF_RISK,BLSMOTE,LR,1,0.9117647058823529,0.16666666666666666,0.5,0.25,0.9015151515151515,0.2527141685011451
camel-1.0,METRICS_POST_TFIDF_RISK,BLSMOTE,LR,2,0.8676470588235294,0.125,0.3333333333333333,0.18181818181818182,0.7794871794871794,0.14381849910133496
camel-1.0,METRICS_POST_TFIDF_RISK,BLSMOTE,LR,3,0.8676470588235294,0.0,0.0,0.0,0.4666666666666666,-0.06683188790311695
camel-1.0,METRICS_POST_TFIDF_RISK,BLSMOTE,LR,4,0.8676470588235294,0.125,0.3333333333333333,0.18181818181818182,0.6461538461538461,0.14381849910133496
camel-1.0,METRICS_POST_TFIDF_RISK,BLSMOTE,LR,5,0.835820895522388,0.0,0.0,0.0,0.6,-0.06909801595573181
camel-1.0,METRICS_POST_TFIDF_RISK,BLSMOTE,RF,1,0.9705882352941176,0.0,0.0,0.0,0.7954545454545454,0.0
camel-1.0,METRICS_POST_TFIDF_RISK,BLSMOTE,RF,2,0.9264705882352942,0.25,0.3333333333333333,0.2857142857142857,0.7743589743589744,0.25064020591380154
camel-1.0,METRICS_POST_TFIDF_RISK,BLSMOTE,RF,3,0.9411764705882353,0.0,0.0,0.0,0.7153846153846154,-0.026246206877004904
camel-1.0,METRICS_POST_TFIDF_RISK,BLSMOTE,RF,4,0.9558823529411765,0.0,0.0,0.0,0.9076923076923076,0.0
camel-1.0,METRICS_POST_TFIDF_RISK,BLSMOTE,RF,5,0.9402985074626866,0.0,0.0,0.0,0.4115384615384615,-0.03076923076923077
camel-1.0,METRICS_POST_TFIDF_RISK,BLSMOTE,ET,1,0.9705882352941176,0.0,0.0,0.0,0.7954545454545454,0.0
camel-1.0,METRICS_POST_TFIDF_RISK,BLSMOTE,ET,2,0.9264705882352942,0.25,0.3333333333333333,0.2857142857142857,0.6641025641025641,0.25064020591380154
camel-1.0,METRICS_POST_TFIDF_RISK,BLSMOTE,ET,3,0.9411764705882353,0.0,0.0,0.0,0.8102564102564103,-0.026246206877004904
camel-1.0,METRICS_POST_TFIDF_RISK,BLSMOTE,ET,4,0.9558823529411765,0.0,0.0,0.0,0.8923076923076922,0.0
camel-1.0,METRICS_POST_TFIDF_RISK,BLSMOTE,ET,5,0.9402985074626866,0.0,0.0,0.0,0.36538461538461536,-0.03076923076923077
camel-1.0,METRICS_POST_TFIDF_RISK,BLSMOTE,SVM_RBF,1,0.9411764705882353,0.25,0.5,0.3333333333333333,0.7878787878787878,0.3263956049169334
camel-1.0,METRICS_POST_TFIDF_RISK,BLSMOTE,SVM_RBF,2,0.9117647058823529,0.2,0.3333333333333333,0.25,0.8307692307692307,0.21384706154297686
camel-1.0,METRICS_POST_TFIDF_RISK,BLSMOTE,SVM_RBF,3,0.9264705882352942,0.0,0.0,0.0,0.6512820512820512,-0.03739787960033829
camel-1.0,METRICS_POST_TFIDF_RISK,BLSMOTE,SVM_RBF,4,0.9411764705882353,0.3333333333333333,0.3333333333333333,0.3333333333333333,0.6153846153846153,0.30256410256410254
camel-1.0,METRICS_POST_TFIDF_RISK,BLSMOTE,SVM_RBF,5,0.9402985074626866,0.0,0.0,0.0,0.5692307692307692,-0.03076923076923077
camel-1.0,METRICS_POST_TFIDF_RISK,BLSMOTE,GB,1,0.9558823529411765,0.0,0.0,0.0,0.9545454545454545,-0.021266970502955673
camel-1.0,METRICS_POST_TFIDF_RISK,BLSMOTE,GB,2,0.9117647058823529,0.2,0.3333333333333333,0.25,0.7974358974358974,0.21384706154297686
camel-1.0,METRICS_POST_TFIDF_RISK,BLSMOTE,GB,3,0.9411764705882353,0.0,0.0,0.0,0.2897435897435897,-0.026246206877004904
camel-1.0,METRICS_POST_TFIDF_RISK,BLSMOTE,GB,4,0.9558823529411765,0.0,0.0,0.0,0.6974358974358974,0.0
camel-1.0,METRICS_POST_TFIDF_RISK,BLSMOTE,GB,5,0.9104477611940298,0.0,0.0,0.0,0.12692307692307692,-0.0441995696087864
camel-1.0,METRICS_POST_TFIDF_RISK_SELECTED,NONE,LR,1,0.9705882352941176,0.0,0.0,0.0,0.9772727272727273,0.0
camel-1.0,METRICS_POST_TFIDF_RISK_SELECTED,NONE,LR,2,0.9558823529411765,0.0,0.0,0.0,0.7282051282051281,0.0
camel-1.0,METRICS_POST_TFIDF_RISK_SELECTED,NONE,LR,3,0.9558823529411765,0.0,0.0,0.0,0.5435897435897435,0.0
camel-1.0,METRICS_POST_TFIDF_RISK_SELECTED,NONE,LR,4,0.9558823529411765,0.0,0.0,0.0,0.8153846153846154,0.0
camel-1.0,METRICS_POST_TFIDF_RISK_SELECTED,NONE,LR,5,0.9701492537313433,0.0,0.0,0.0,0.16153846153846152,0.0
camel-1.0,METRICS_POST_TFIDF_RISK_SELECTED,NONE,RF,1,0.9705882352941176,0.0,0.0,0.0,0.8674242424242424,0.0
camel-1.0,METRICS_POST_TFIDF_RISK_SELECTED,NONE,RF,2,0.9558823529411765,0.0,0.0,0.0,0.7769230769230769,0.0
camel-1.0,METRICS_POST_TFIDF_RISK_SELECTED,NONE,RF,3,0.9411764705882353,0.0,0.0,0.0,0.8435897435897435,-0.026246206877004904
camel-1.0,METRICS_POST_TFIDF_RISK_SELECTED,NONE,RF,4,0.9558823529411765,0.0,0.0,0.0,0.7692307692307692,0.0
camel-1.0,METRICS_POST_TFIDF_RISK_SELECTED,NONE,RF,5,0.9701492537313433,0.0,0.0,0.0,0.3038461538461538,0.0
camel-1.0,METRICS_POST_TFIDF_RISK_SELECTED,NONE,ET,1,0.9705882352941176,0.0,0.0,0.0,0.7727272727272727,0.0
camel-1.0,METRICS_POST_TFIDF_RISK_SELECTED,NONE,ET,2,0.9558823529411765,0.0,0.0,0.0,0.6564102564102563,0.0
camel-1.0,METRICS_POST_TFIDF_RISK_SELECTED,NONE,ET,3,0.9411764705882353,0.0,0.0,0.0,0.858974358974359,-0.026246206877004904
camel-1.0,METRICS_POST_TFIDF_RISK_SELECTED,NONE,ET,4,0.9558823529411765,0.0,0.0,0.0,0.8410256410256409,0.0
camel-1.0,METRICS_POST_TFIDF_RISK_SELECTED,NONE,ET,5,0.9402985074626866,0.0,0.0,0.0,0.23076923076923078,-0.03076923076923077
camel-1.0,METRICS_POST_TFIDF_RISK_SELECTED,NONE,SVM_RBF,1,0.9705882352941176,0.0,0.0,0.0,0.5151515151515151,0.0
camel-1.0,METRICS_POST_TFIDF_RISK_SELECTED,NONE,SVM_RBF,2,0.9558823529411765,0.0,0.0,0.0,0.7487179487179487,0.0
camel-1.0,METRICS_POST_TFIDF_RISK_SELECTED,NONE,SVM_RBF,3,0.9411764705882353,0.0,0.0,0.0,0.4717948717948718,-0.026246206877004904
camel-1.0,METRICS_POST_TFIDF_RISK_SELECTED,NONE,SVM_RBF,4,0.9558823529411765,0.0,0.0,0.0,0.28717948717948716,0.0
camel-1.0,METRICS_POST_TFIDF_RISK_SELECTED,NONE,SVM_RBF,5,0.9701492537313433,0.0,0.0,0.0,0.2,0.0
camel-1.0,METRICS_POST_TFIDF_RISK_SELECTED,NONE,GB,1,0.9411764705882353,0.0,0.0,0.0,0.9090909090909091,-0.030303030303030304
camel-1.0,METRICS_POST_TFIDF_RISK_SELECTED,NONE,GB,2,0.9117647058823529,0.0,0.0,0.0,0.7384615384615385,-0.046153846153846156
camel-1.0,METRICS_POST_TFIDF_RISK_SELECTED,NONE,GB,3,0.9411764705882353,0.0,0.0,0.0,0.6743589743589744,-0.026246206877004904
camel-1.0,METRICS_POST_TFIDF_RISK_SELECTED,NONE,GB,4,0.9411764705882353,0.0,0.0,0.0,0.7538461538461538,-0.026246206877004904
camel-1.0,METRICS_POST_TFIDF_RISK_SELECTED,NONE,GB,5,0.9552238805970149,0.0,0.0,0.0,0.36923076923076925,-0.021591675854376522
camel-1.0,METRICS_POST_TFIDF_RISK_SELECTED,SMOTE,LR,1,0.7352941176470589,0.1,1.0,0.18181818181818182,0.9621212121212122,0.26967994498529685
camel-1.0,METRICS_POST_TFIDF_RISK_SELECTED,SMOTE,LR,2,0.7647058823529411,0.06666666666666667,0.3333333333333333,0.1111111111111111,0.6307692307692307,0.058415347694891886
camel-1.0,METRICS_POST_TFIDF_RISK_SELECTED,SMOTE,LR,3,0.7794117647058824,0.07142857142857142,0.3333333333333333,0.11764705882352941,0.5435897435897435,0.06771660002444933
camel-1.0,METRICS_POST_TFIDF_RISK_SELECTED,SMOTE,LR,4,0.8235294117647058,0.09090909090909091,0.3333333333333333,0.14285714285714285,0.5025641025641026,0.10009605659333606
camel-1.0,METRICS_POST_TFIDF_RISK_SELECTED,SMOTE,LR,5,0.746268656716418,0.0,0.0,0.0,0.30769230769230765,-0.09421114395319916
camel-1.0,METRICS_POST_TFIDF_RISK_SELECTED,SMOTE,RF,1,0.9558823529411765,0.3333333333333333,0.5,0.4,0.9696969696969697,0.3864447558701623
camel-1.0,METRICS_POST_TFIDF_RISK_SELECTED,SMOTE,RF,2,0.9411764705882353,0.3333333333333333,0.3333333333333333,0.3333333333333333,0.7076923076923076,0.30256410256410254
camel-1.0,METRICS_POST_TFIDF_RISK_SELECTED,SMOTE,RF,3,0.9411764705882353,0.0,0.0,0.0,0.7692307692307692,-0.026246206877004904
camel-1.0,METRICS_POST_TFIDF_RISK_SELECTED,SMOTE,RF,4,0.9264705882352942,0.25,0.3333333333333333,0.2857142857142857,0.882051282051282,0.25064020591380154
camel-1.0,METRICS_POST_TFIDF_RISK_SELECTED,SMOTE,RF,5,0.8955223880597015,0.0,0.0,0.0,0.32692307692307687,-0.04981354813867179
camel-1.0,METRICS_POST_TFIDF_RISK_SELECTED,SMOTE,ET,1,0.9558823529411765,0.0,0.0,0.0,0.8939393939393939,-0.021266970502955673
camel-1.0,METRICS_POST_TFIDF_RISK_SELECTED,SMOTE,ET,2,0.9411764705882353,0.3333333333333333,0.3333333333333333,0.3333333333333333,0.6128205128205128,0.30256410256410254
camel-1.0,METRICS_POST_TFIDF_RISK_SELECTED,SMOTE,ET,3,0.9411764705882353,0.0,0.0,0.0,0.7743589743589743,-0.026246206877004904
camel-1.0,METRICS_POST_TFIDF_RISK_SELECTED,SMOTE,ET,4,0.9558823529411765,0.0,0.0,0.0,0.7743589743589744,0.0
camel-1.0,METRICS_POST_TFIDF_RISK_SELECTED,SMOTE,ET,5,0.9402985074626866,0.0,0.0,0.0,0.23846153846153845,-0.03076923076923077
camel-1.0,METRICS_POST_TFIDF_RISK_SELECTED,SMOTE,SVM_RBF,1,0.75,0.058823529411764705,0.5,0.10526315789473684,0.7651515151515151,0.1005037815259212
camel-1.0,METRICS_POST_TFIDF_RISK_SELECTED,SMOTE,SVM_RBF,2,0.8823529411764706,0.2222222222222222,0.6666666666666666,0.3333333333333333,0.7794871794871794,0.3387364499710545
camel-1.0,METRICS_POST_TFIDF_RISK_SELECTED,SMOTE,SVM_RBF,3,0.7941176470588235,0.0,0.0,0.0,0.6358974358974359,-0.09437628193085972
camel-1.0,METRICS_POST_TFIDF_RISK_SELECTED,SMOTE,SVM_RBF,4,0.8823529411764706,0.14285714285714285,0.3333333333333333,0.2,0.7435897435897435,0.16287957023091282
camel-1.0,METRICS_POST_TFIDF_RISK_SELECTED,SMOTE,SVM_RBF,5,0.7611940298507462,0.0,0.0,0.0,0.27692307692307694,-0.09015387587490904
camel-1.0,METRICS_POST_TFIDF_RISK_SELECTED,SMOTE,GB,1,0.9705882352941176,0.5,0.5,0.5,0.9848484848484849,0.48484848484848486
camel-1.0,METRICS_POST_TFIDF_RISK_SELECTED,SMOTE,GB,2,0.9117647058823529,0.2,0.3333333333333333,0.25,0.805128205128205,0.21384706154297686
camel-1.0,METRICS_POST_TFIDF_RISK_SELECTED,SMOTE,GB,3,0.9411764705882353,0.0,0.0,0.0,0.6076923076923076,-0.026246206877004904
camel-1.0,METRICS_POST_TFIDF_RISK_SELECTED,SMOTE,GB,4,0.9411764705882353,0.0,0.0,0.0,0.6358974358974359,-0.026246206877004904
camel-1.0,METRICS_POST_TFIDF_RISK_SELECTED,SMOTE,GB,5,0.8955223880597015,0.0,0.0,0.0,0.1269230769230769,-0.04981354813867179
camel-1.0,METRICS_POST_TFIDF_RISK_SELECTED,BLSMOTE,LR,1,0.8529411764705882,0.1,0.5,0.16666666666666666,0.8484848484848485,0.17347634964786218
camel-1.0,METRICS_POST_TFIDF_RISK_SELECTED,BLSMOTE,LR,2,0.8382352941176471,0.1,0.3333333333333333,0.15384615384615385,0.6923076923076923,0.11299319635550999
camel-1.0,METRICS_POST_TFIDF_RISK_SELECTED,BLSMOTE,LR,3,0.8676470588235294,0.0,0.0,0.0,0.5538461538461539,-0.06683188790311695
camel-1.0,METRICS_POST_TFIDF_RISK_SELECTED,BLSMOTE,LR,4,0.9264705882352942,0.25,0.3333333333333333,0.2857142857142857,0.6102564102564103,0.25064020591380154
camel-1.0,METRICS_POST_TFIDF_RISK_SELECTED,BLSMOTE,LR,5,0.6865671641791045,0.0,0.0,0.0,0.06153846153846154,-0.11036071393157612
camel-1.0,METRICS_POST_TFIDF_RISK_SELECTED,BLSMOTE,RF,1,0.9705882352941176,0.0,0.0,0.0,0.7803030303030303,0.0
camel-1.0,METRICS_POST_TFIDF_RISK_SELECTED,BLSMOTE,RF,2,0.9411764705882353,0.3333333333333333,0.3333333333333333,0.3333333333333333,0.7333333333333333,0.30256410256410254
camel-1.0,METRICS_POST_TFIDF_RISK_SELECTED,BLSMOTE,RF,3,0.9411764705882353,0.0,0.0,0.0,0.7333333333333333,-0.026246206877004904
camel-1.0,METRICS_POST_TFIDF_RISK_SELECTED,BLSMOTE,RF,4,0.9705882352941176,1.0,0.3333333333333333,0.5,0.8051282051282052,0.5686678156684396
camel-1.0,METRICS_POST_TFIDF_RISK_SELECTED,BLSMOTE,RF,5,0.9402985074626866,0.0,0.0,0.0,0.29230769230769227,-0.03076923076923077
camel-1.0,METRICS_POST_TFIDF_RISK_SELECTED,BLSMOTE,ET,1,0.9852941176470589,1.0,0.5,0.6666666666666666,0.8295454545454545,0.7018100265975372
camel-1.0,METRICS_POST_TFIDF_RISK_SELECTED,BLSMOTE,ET,2,0.9264705882352942,0.25,0.3333333333333333,0.2857142857142857,0.7153846153846153,0.25064020591380154
camel-1.0,METRICS_POST_TFIDF_RISK_SELECTED,BLSMOTE,ET,3,0.9411764705882353,0.0,0.0,0.0,0.8692307692307693,-0.026246206877004904
camel-1.0,METRICS_POST_TFIDF_RISK_SELECTED,BLSMOTE,ET,4,0.9558823529411765,0.0,0.0,0.0,0.8564102564102564,0.0
camel-1.0,METRICS_POST_TFIDF_RISK_SELECTED,BLSMOTE,ET,5,0.9402985074626866,0.0,0.0,0.0,0.40384615384615385,-0.03076923076923077
camel-1.0,METRICS_POST_TFIDF_RISK_SELECTED,BLSMOTE,SVM_RBF,1,0.9558823529411765,0.3333333333333333,0.5,0.4,0.7727272727272727,0.3864447558701623
camel-1.0,METRICS_POST_TFIDF_RISK_SELECTED,BLSMOTE,SVM_RBF,2,0.8529411764705882,0.1111111111111111,0.3333333333333333,0.16666666666666666,0.8153846153846153,0.12741462797076364
camel-1.0,METRICS_POST_TFIDF_RISK_SELECTED,BLSMOTE,SVM_RBF,3,0.8970588235294118,0.16666666666666666,0.3333333333333333,0.2222222222222222,0.6256410256410255,0.18564413306421376
camel-1.0,METRICS_POST_TFIDF_RISK_SELECTED,BLSMOTE,SVM_RBF,4,0.8676470588235294,0.0,0.0,0.0,0.8102564102564103,-0.06683188790311695
camel-1.0,METRICS_POST_TFIDF_RISK_SELECTED,BLSMOTE,SVM_RBF,5,0.7910447761194029,0.0,0.0,0.0,0.3076923076923077,-0.08193464903987027
camel-1.0,METRICS_POST_TFIDF_RISK_SELECTED,BLSMOTE,GB,1,0.9558823529411765,0.0,0.0,0.0,0.8787878787878788,-0.021266970502955673
camel-1.0,METRICS_POST_TFIDF_RISK_SELECTED,BLSMOTE,GB,2,0.8823529411764706,0.14285714285714285,0.3333333333333333,0.2,0.7307692307692307,0.16287957023091282
camel-1.0,METRICS_POST_TFIDF_RISK_SELECTED,BLSMOTE,GB,3,0.9411764705882353,0.0,0.0,0.0,0.26410256410256405,-0.026246206877004904
camel-1.0,METRICS_POST_TFIDF_RISK_SELECTED,BLSMOTE,GB,4,0.9558823529411765,0.0,0.0,0.0,0.8153846153846153,0.0
camel-1.0,METRICS_POST_TFIDF_RISK_SELECTED,BLSMOTE,GB,5,0.9253731343283582,0.0,0.0,0.0,0.36538461538461536,-0.0379777262656375
jedit-3.2,METRICS,NONE,LR,1,0.7818181818181819,0.7142857142857143,0.5555555555555556,0.625,0.8393393393393394,0.48197354760524314
jedit-3.2,METRICS,NONE,LR,2,0.7818181818181819,0.6666666666666666,0.6666666666666666,0.6666666666666666,0.9099099099099099,0.5045045045045045
jedit-3.2,METRICS,NONE,LR,3,0.8518518518518519,0.8571428571428571,0.6666666666666666,0.75,0.9104938271604938,0.6573757351339166
jedit-3.2,METRICS,NONE,LR,4,0.7407407407407407,0.625,0.5555555555555556,0.5882352941176471,0.7731481481481481,0.40147753427348304
jedit-3.2,METRICS,NONE,LR,5,0.8148148148148148,0.75,0.6666666666666666,0.7058823529411765,0.8194444444444444,0.5735393346764044
jedit-3.2,METRICS,NONE,RF,1,0.8,0.7692307692307693,0.5555555555555556,0.6451612903225806,0.81006006006006,0.5240269788897081
jedit-3.2,METRICS,NONE,RF,2,0.8363636363636363,0.7647058823529411,0.7222222222222222,0.7428571428571429,0.8558558558558559,0.623548062942868
jedit-3.2,METRICS,NONE,RF,3,0.7777777777777778,0.6875,0.6111111111111112,0.6470588235294118,0.8819444444444444,0.48750843447494374
jedit-3.2,METRICS,NONE,RF,4,0.7592592592592593,0.6666666666666666,0.5555555555555556,0.6060606060606061,0.7955246913580246,0.43852900965351455
jedit-3.2,METRICS,NONE,RF,5,0.8148148148148148,0.7,0.7777777777777778,0.7368421052631579,0.8912037037037037,0.5965587590013045
jedit-3.2,METRICS,NONE,ET,1,0.7454545454545455,0.625,0.5555555555555556,0.5882352941176471,0.8055555555555556,0.406417015114759
jedit-3.2,METRICS,NONE,ET,2,0.8181818181818182,0.75,0.6666666666666666,0.7058823529411765,0.8626126126126126,0.5770501130637036
jedit-3.2,METRICS,NONE,ET,3,0.7962962962962963,0.7692307692307693,0.5555555555555556,0.6451612903225806,0.8896604938271605,0.5206793080569355
jedit-3.2,METRICS,NONE,ET,4,0.7777777777777778,0.7142857142857143,0.5555555555555556,0.625,0.8063271604938271,0.4780914437337575
jedit-3.2,METRICS,NONE,ET,5,0.7962962962962963,0.7058823529411765,0.6666666666666666,0.6857142857142857,0.8680555555555556,0.5356896807128708
jedit-3.2,METRICS,NONE,SVM_RBF,1,0.7454545454545455,0.6666666666666666,0.4444444444444444,0.5333333333333333,0.7702702702702702,0.3821079318567817
jedit-3.2,METRICS,NONE,SVM_RBF,2,0.7818181818181819,0.7142857142857143,0.5555555555555556,0.625,0.8588588588588588,0.48197354760524314
jedit-3.2,METRICS,NONE,SVM_RBF,3,0.8333333333333334,0.9090909090909091,0.5555555555555556,0.6896551724137931,0.8904320987654321,0.6177432843242374
jedit-3.2,METRICS,NONE,SVM_RBF,4,0.7777777777777778,0.6875,0.6111111111111112,0.6470588235294118,0.7669753086419753,0.48750843447494374
jedit-3.2,METRICS,NONE,SVM_RBF,5,0.7777777777777778,0.75,0.5,0.6,0.8441358024691359,0.4724555912615341
jedit-3.2,METRICS,NONE,GB,1,0.7818181818181819,0.7142857142857143,0.5555555555555556,0.625,0.8528528528528528,0.48197354760524314
jedit-3.2,METRICS,NONE,GB,2,0.8181818181818182,0.7222222222222222,0.7222222222222222,0.7222222222222222,0.8513513513513513,0.5870870870870871
jedit-3.2,METRICS,NONE,GB,3,0.7777777777777778,0.7142857142857143,0.5555555555555556,0.625,0.8472222222222222,0.4780914437337575
jedit-3.2,METRICS,NONE,GB,4,0.7962962962962963,0.7333333333333333,0.6111111111111112,0.6666666666666666,0.7901234567901234,0.5262348115842175
jedit-3.2,METRICS,NONE,GB,5,0.7592592592592593,0.631578947368421,0.6666666666666666,0.6486486486486487,0.853395061728395,0.46614722254101953
jedit-3.2,METRICS,SMOTE,LR,1,0.7272727272727273,0.5714285714285714,0.6666666666666666,0.6153846153846154,0.8333333333333333,0.4089431028298538
jedit-3.2,METRICS,SMOTE,LR,2,0.8,0.6842105263157895,0.7222222222222222,0.7027027027027027,0.885885885885886,0.5526417184843724
jedit-3.2,METRICS,SMOTE,LR,3,0.8703703703703703,0.7894736842105263,0.8333333333333334,0.8108108108108109,0.9151234567901235,0.7129310462392063
jedit-3.2,METRICS,SMOTE,LR,4,0.7962962962962963,0.6666666666666666,0.7777777777777778,0.717948717948718,0.7654320987654321,0.5640760748177662
jedit-3.2,METRICS,SMOTE,LR,5,0.7407407407407407,0.5833333333333334,0.7777777777777778,0.6666666666666666,0.8287037037037036,0.4743416490252569
jedit-3.2,METRICS,SMOTE,RF,1,0.8,0.7058823529411765,0.6666666666666666,0.6857142857142857,0.8130630630630631,0.5396968564346584
jedit-3.2,METRICS,SMOTE,RF,2,0.8181818181818182,0.75,0.6666666666666666,0.7058823529411765,0.8858858858858859,0.5770501130637036
jedit-3.2,METRICS,SMOTE,RF,3,0.8148148148148148,0.7,0.7777777777777778,0.7368421052631579,0.8850308641975309,0.5965587590013045
jedit-3.2,METRICS,SMOTE,RF,4,0.7037037037037037,0.55,0.6111111111111112,0.5789473684210527,0.7854938271604939,0.3525119939553163
jedit-3.2,METRICS,SMOTE,RF,5,0.7407407407407407,0.5909090909090909,0.7222222222222222,0.65,0.8966049382716049,0.45305152225567213
jedit-3.2,METRICS,SMOTE,ET,1,0.7272727272727273,0.5714285714285714,0.6666666666666666,0.6153846153846154,0.8018018018018018,0.4089431028298538
jedit-3.2,METRICS,SMOTE,ET,2,0.8,0.7058823529411765,0.6666666666666666,0.6857142857142857,0.8708708708708709,0.5396968564346584
jedit-3.2,METRICS,SMOTE,ET,3,0.8333333333333334,0.7368421052631579,0.7777777777777778,0.7567567567567568,0.8634259259259259,0.6306697716731441
jedit-3.2,METRICS,SMOTE,ET,4,0.7407407407407407,0.6111111111111112,0.6111111111111112,0.6111111111111112,0.798611111111111,0.4166666666666667
jedit-3.2,METRICS,SMOTE,ET,5,0.7777777777777778,0.65,0.7222222222222222,0.6842105263157895,0.8819444444444444,0.5152098373193085
jedit-3.2,METRICS,SMOTE,SVM_RBF,1,0.6909090909090909,0.5263157894736842,0.5555555555555556,0.5405405405405406,0.7837837837837838,0.30817554274731757
jedit-3.2,METRICS,SMOTE,SVM_RBF,2,0.7636363636363637,0.6470588235294118,0.6111111111111112,0.6285714285714286,0.8783783783783784,0.45584564992644877
jedit-3.2,METRICS,SMOTE,SVM_RBF,3,0.8333333333333334,0.7368421052631579,0.7777777777777778,0.7567567567567568,0.8703703703703703,0.6306697716731441
jedit-3.2,METRICS,SMOTE,SVM_RBF,4,0.6851851851851852,0.5238095238095238,0.6111111111111112,0.5641025641025641,0.7438271604938271,0.3223291856101521
jedit-3.2,METRICS,SMOTE,SVM_RBF,5,0.7592592592592593,0.6086956521739131,0.7777777777777778,0.6829268292682927,0.8441358024691359,0.5031457842657572
jedit-3.2,METRICS,SMOTE,GB,1,0.7636363636363637,0.6666666666666666,0.5555555555555556,0.6060606060606061,0.8078078078078078,0.4429403980178329
jedit-3.2,METRICS,SMOTE,GB,2,0.7636363636363637,0.631578947368421,0.6666666666666666,0.6486486486486487,0.8468468468468469,0.4711529932386874
jedit-3.2,METRICS,SMOTE,GB,3,0.7962962962962963,0.7333333333333333,0.6111111111111112,0.6666666666666666,0.8719135802469137,0.5262348115842175
jedit-3.2,METRICS,SMOTE,GB,4,0.6851851851851852,0.5238095238095238,0.6111111111111112,0.5641025641025641,0.7422839506172839,0.3223291856101521
jedit-3.2,METRICS,SMOTE,GB,5,0.7592592592592593,0.6086956521739131,0.7777777777777778,0.6829268292682927,0.8626543209876544,0.5031457842657572
jedit-3.2,METRICS,BLSMOTE,LR,1,0.7454545454545455,0.5833333333333334,0.7777777777777778,0.6666666666666666,0.8543543543543544,0.4801678939367542
jedit-3.2,METRICS,BLSMOTE,LR,2,0.8181818181818182,0.7,0.7777777777777778,0.7368421052631579,0.8603603603603603,0.600478859390454
jedit-3.2,METRICS,BLSMOTE,LR,3,0.8703703703703703,0.7894736842105263,0.8333333333333334,0.8108108108108109,0.9135802469135801,0.7129310462392063
jedit-3.2,METRICS,BLSMOTE,LR,4,0.7777777777777778,0.65,0.7222222222222222,0.6842105263157895,0.757716049382716,0.5152098373193085
jedit-3.2,METRICS,BLSMOTE,LR,5,0.7222222222222222,0.5555555555555556,0.8333333333333334,0.6666666666666666,0.816358024691358,0.4714045207910317
jedit-3.2,METRICS,BLSMOTE,RF,1,0.7818181818181819,0.65,0.7222222222222222,0.6842105263157895,0.8115615615615615,0.5199268172771004
jedit-3.2,METRICS,BLSMOTE,RF,2,0.8363636363636363,0.7647058823529411,0.7222222222222222,0.7428571428571429,0.8881381381381381,0.623548062942868
jedit-3.2,METRICS,BLSMOTE,RF,3,0.7962962962962963,0.6666666666666666,0.7777777777777778,0.717948717948718,0.8919753086419754,0.5640760748177662
jedit-3.2,METRICS,BLSMOTE,RF,4,0.7222222222222222,0.5789473684210527,0.6111111111111112,0.5945945945945946,0.8125,0.3838859479749573
jedit-3.2,METRICS,BLSMOTE,RF,5,0.7777777777777778,0.65,0.7222222222222222,0.6842105263157895,0.8842592592592592,0.5152098373193085
jedit-3.2,METRICS,BLSMOTE,ET,1,0.6727272727272727,0.5,0.5555555555555556,0.5263157894736842,0.7807807807807807,0.27827069093703966
jedit-3.2,METRICS,BLSMOTE,ET,2,0.8,0.7058823529411765,0.6666666666666666,0.6857142857142857,0.8716216216216216,0.5396968564346584
jedit-3.2,METRICS,BLSMOTE,ET,3,0.8148148148148148,0.75,0.6666666666666666,0.7058823529411765,0.8804012345679012,0.5735393346764044
jedit-3.2,METRICS,BLSMOTE,ET,4,0.7037037037037037,0.55,0.6111111111111112,0.5789473684210527,0.8024691358024691,0.3525119939553163
jedit-3.2,METRICS,BLSMOTE,ET,5,0.7592592592592593,0.6190476190476191,0.7222222222222222,0.6666666666666666,0.8549382716049383,0.48349377841522817
jedit-3.2,METRICS,BLSMOTE,SVM_RBF,1,0.7090909090909091,0.5454545454545454,0.6666666666666666,0.6,0.7807807807807808,0.3796631983009996
jedit-3.2,METRICS,BLSMOTE,SVM_RBF,2,0.7454545454545455,0.5909090909090909,0.7222222222222222,0.65,0.8558558558558558,0.4587596979470412
jedit-3.2,METRICS,BLSMOTE,SVM_RBF,3,0.8333333333333334,0.7142857142857143,0.8333333333333334,0.7692307692307693,0.8657407407407408,0.6446583712203042
jedit-3.2,METRICS,BLSMOTE,SVM_RBF,4,0.7407407407407407,0.5909090909090909,0.7222222222222222,0.65,0.7546296296296295,0.45305152225567213
jedit-3.2,METRICS,BLSMOTE,SVM_RBF,5,0.7592592592592593,0.5925925925925926,0.8888888888888888,0.7111111111111111,0.8425925925925926,0.5499719409228703
jedit-3.2,METRICS,BLSMOTE,GB,1,0.7272727272727273,0.5789473684210527,0.6111111111111112,0.5945945945945946,0.7822822822822822,0.38966426799300247
jedit-3.2,METRICS,BLSMOTE,GB,2,0.8,0.6666666666666666,0.7777777777777778,0.717948717948718,0.8603603603603603,0.5684599159904351
jedit-3.2,METRICS,BLSMOTE,GB,3,0.7962962962962963,0.7058823529411765,0.6666666666666666,0.6857142857142857,0.8533950617283951,0.5356896807128708
jedit-3.2,METRICS,BLSMOTE,GB,4,0.7407407407407407,0.6111111111111112,0.6111111111111112,0.6111111111111112,0.7885802469135803,0.4166666666666667
jedit-3.2,METRICS,BLSMOTE,GB,5,0.7037037037037037,0.5454545454545454,0.6666666666666666,0.6,0.8287037037037037,0.3731012536223182
jedit-3.2,POST_TFIDF,NONE,LR,1,0.7636363636363637,0.6923076923076923,0.5,0.5806451612903226,0.7635135135135136,0.43281975155130953
jedit-3.2,POST_TFIDF,NONE,LR,2,0.8,0.7058823529411765,0.6666666666666666,0.6857142857142857,0.8813813813813813,0.5396968564346584
jedit-3.2,POST_TFIDF,NONE,LR,3,0.7962962962962963,0.8888888888888888,0.4444444444444444,0.5925925925925926,0.8611111111111112,0.5270462766947299
jedit-3.2,POST_TFIDF,NONE,LR,4,0.7407407407407407,0.6428571428571429,0.5,0.5625,0.7646604938271604,0.38844929803367795
jedit-3.2,POST_TFIDF,NONE,LR,5,0.7407407407407407,0.7,0.3888888888888889,0.5,0.783179012345679,0.37080992435478316
jedit-3.2,POST_TFIDF,NONE,RF,1,0.7454545454545455,0.6666666666666666,0.4444444444444444,0.5333333333333333,0.7094594594594594,0.3821079318567817
jedit-3.2,POST_TFIDF,NONE,RF,2,0.7818181818181819,0.7142857142857143,0.5555555555555556,0.625,0.8768768768768768,0.48197354760524314
jedit-3.2,POST_TFIDF,NONE,RF,3,0.7407407407407407,0.6428571428571429,0.5,0.5625,0.7870370370370372,0.38844929803367795
jedit-3.2,POST_TFIDF,NONE,RF,4,0.7407407407407407,0.6,0.6666666666666666,0.631578947368421,0.7492283950617283,0.4338609156373124
jedit-3.2,POST_TFIDF,NONE,RF,5,0.7962962962962963,0.7333333333333333,0.6111111111111112,0.6666666666666666,0.8341049382716049,0.5262348115842175
jedit-3.2,POST_TFIDF,NONE,ET,1,0.7090909090909091,0.5833333333333334,0.3888888888888889,0.4666666666666667,0.6884384384384384,0.2882867878740898
jedit-3.2,POST_TFIDF,NONE,ET,2,0.8,0.7058823529411765,0.6666666666666666,0.6857142857142857,0.8445945945945946,0.5396968564346584
jedit-3.2,POST_TFIDF,NONE,ET,3,0.7777777777777778,0.7142857142857143,0.5555555555555556,0.625,0.779320987654321,0.4780914437337575
jedit-3.2,POST_TFIDF,NONE,ET,4,0.7407407407407407,0.6,0.6666666666666666,0.631578947368421,0.7229938271604939,0.4338609156373124
jedit-3.2,POST_TFIDF,NONE,ET,5,0.7962962962962963,0.7692307692307693,0.5555555555555556,0.6451612903225806,0.7993827160493826,0.5206793080569355
jedit-3.2,POST_TFIDF,NONE,SVM_RBF,1,0.7818181818181819,0.6875,0.6111111111111112,0.6470588235294118,0.7785285285285285,0.49173356408923125
jedit-3.2,POST_TFIDF,NONE,SVM_RBF,2,0.8181818181818182,0.6818181818181818,0.8333333333333334,0.75,0.8423423423423423,0.6169526972391244
jedit-3.2,POST_TFIDF,NONE,SVM_RBF,3,0.7962962962962963,0.7058823529411765,0.6666666666666666,0.6857142857142857,0.8271604938271605,0.5356896807128708
jedit-3.2,POST_TFIDF,NONE,SVM_RBF,4,0.7592592592592593,0.631578947368421,0.6666666666666666,0.6486486486486487,0.8449074074074074,0.46614722254101953
jedit-3.2,POST_TFIDF,NONE,SVM_RBF,5,0.7777777777777778,0.75,0.5,0.6,0.7646604938271605,0.4724555912615341
jedit-3.2,POST_TFIDF,NONE,GB,1,0.7272727272727273,0.6,0.5,0.5454545454545454,0.7229729729729729,0.3559342484071871
jedit-3.2,POST_TFIDF,NONE,GB,2,0.8363636363636363,0.7368421052631579,0.7777777777777778,0.7567567567567568,0.8798798798798799,0.6341304437300573
jedit-3.2,POST_TFIDF,NONE,GB,3,0.8333333333333334,0.8461538461538461,0.6111111111111112,0.7096774193548387,0.7731481481481483,0.6125638918316889
jedit-3.2,POST_TFIDF,NONE,GB,4,0.7407407407407407,0.625,0.5555555555555556,0.5882352941176471,0.8094135802469135,0.40147753427348304
jedit-3.2,POST_TFIDF,NONE,GB,5,0.7777777777777778,0.6666666666666666,0.6666666666666666,0.6666666666666666,0.7847222222222222,0.5
jedit-3.2,POST_TFIDF,SMOTE,LR,1,0.7636363636363637,0.6190476190476191,0.7222222222222222,0.6666666666666666,0.7650150150150151,0.48870150941014445
jedit-3.2,POST_TFIDF,SMOTE,LR,2,0.8,0.64,0.8888888888888888,0.7441860465116279,0.8783783783783783,0.6084161159684794
jedit-3.2,POST_TFIDF,SMOTE,LR,3,0.7962962962962963,0.6842105263157895,0.7222222222222222,0.7027027027027027,0.8564814814814815,0.5484084971070818
jedit-3.2,POST_TFIDF,SMOTE,LR,4,0.7407407407407407,0.5833333333333334,0.7777777777777778,0.6666666666666666,0.7939814814814815,0.4743416490252569
jedit-3.2,POST_TFIDF,SMOTE,LR,5,0.7592592592592593,0.631578947368421,0.6666666666666666,0.6486486486486487,0.7631172839506173,0.46614722254101953
jedit-3.2,POST_TFIDF,SMOTE,RF,1,0.6909090909090909,0.5294117647058824,0.5,0.5142857142857142,0.7394894894894894,0.28814323691002947
jedit-3.2,POST_TFIDF,SMOTE,RF,2,0.8,0.6666666666666666,0.7777777777777778,0.717948717948718,0.8783783783783783,0.5684599159904351
jedit-3.2,POST_TFIDF,SMOTE,RF,3,0.7592592592592593,0.6666666666666666,0.5555555555555556,0.6060606060606061,0.7654320987654322,0.43852900965351455
jedit-3.2,POST_TFIDF,SMOTE,RF,4,0.7222222222222222,0.5652173913043478,0.7222222222222222,0.6341463414634146,0.7415123456790124,0.4237017130659008
jedit-3.2,POST_TFIDF,SMOTE,RF,5,0.7777777777777778,0.6875,0.6111111111111112,0.6470588235294118,0.8140432098765433,0.48750843447494374
jedit-3.2,POST_TFIDF,SMOTE,ET,1,0.7272727272727273,0.6153846153846154,0.4444444444444444,0.5161290322580645,0.6959459459459459,0.341612524212911
jedit-3.2,POST_TFIDF,SMOTE,ET,2,0.8,0.6521739130434783,0.8333333333333334,0.7317073170731707,0.8566066066066066,0.5870374394760959
jedit-3.2,POST_TFIDF,SMOTE,ET,3,0.7777777777777778,0.6666666666666666,0.6666666666666666,0.6666666666666666,0.7716049382716049,0.5
jedit-3.2,POST_TFIDF,SMOTE,ET,4,0.7222222222222222,0.5652173913043478,0.7222222222222222,0.6341463414634146,0.7260802469135802,0.4237017130659008
jedit-3.2,POST_TFIDF,SMOTE,ET,5,0.8333333333333334,0.8,0.6666666666666666,0.7272727272727273,0.7870370370370369,0.6139406135149204
jedit-3.2,POST_TFIDF,SMOTE,SVM_RBF,1,0.7090909090909091,0.55,0.6111111111111112,0.5789473684210527,0.78003003003003,0.35882273305039325
jedit-3.2,POST_TFIDF,SMOTE,SVM_RBF,2,0.7636363636363637,0.5925925925925926,0.8888888888888888,0.7111111111111111,0.8558558558558558,0.5552623278781815
jedit-3.2,POST_TFIDF,SMOTE,SVM_RBF,3,0.8333333333333334,0.7368421052631579,0.7777777777777778,0.7567567567567568,0.861111111111111,0.6306697716731441
jedit-3.2,POST_TFIDF,SMOTE,SVM_RBF,4,0.7592592592592593,0.6,0.8333333333333334,0.6976744186046512,0.8186728395061729,0.5252257314388903
jedit-3.2,POST_TFIDF,SMOTE,SVM_RBF,5,0.7962962962962963,0.7058823529411765,0.6666666666666666,0.6857142857142857,0.7739197530864197,0.5356896807128708
jedit-3.2,POST_TFIDF,SMOTE,GB,1,0.7090909090909091,0.5833333333333334,0.3888888888888889,0.4666666666666667,0.7530030030030029,0.2882867878740898
jedit-3.2,POST_TFIDF,SMOTE,GB,2,0.8,0.6666666666666666,0.7777777777777778,0.717948717948718,0.8573573573573573,0.5684599159904351
jedit-3.2,POST_TFIDF,SMOTE,GB,3,0.7962962962962963,0.7692307692307693,0.5555555555555556,0.6451612903225806,0.757716049382716,0.5206793080569355
jedit-3.2,POST_TFIDF,SMOTE,GB,4,0.7037037037037037,0.5454545454545454,0.6666666666666666,0.6,0.7847222222222222,0.3731012536223182
jedit-3.2,POST_TFIDF,SMOTE,GB,5,0.7592592592592593,0.631578947368421,0.6666666666666666,0.6486486486486487,0.7662037037037037,0.46614722254101953
jedit-3.2,POST_TFIDF,BLSMOTE,LR,1,0.7272727272727273,0.5652173913043478,0.7222222222222222,0.6341463414634146,0.7687687687687688,0.4299227963073111
jedit-3.2,POST_TFIDF,BLSMOTE,LR,2,0.7818181818181819,0.6153846153846154,0.8888888888888888,0.7272727272727273,0.8798798798798799,0.5813991982108335
jedit-3.2,POST_TFIDF,BLSMOTE,LR,3,0.7777777777777778,0.6363636363636364,0.7777777777777778,0.7,0.8657407407407407,0.5330017908890261
jedit-3.2,POST_TFIDF,BLSMOTE,LR,4,0.7407407407407407,0.5769230769230769,0.8333333333333334,0.6818181818181818,0.7430555555555555,0.49793529744291115
jedit-3.2,POST_TFIDF,BLSMOTE,LR,5,0.7222222222222222,0.5652173913043478,0.7222222222222222,0.6341463414634146,0.7785493827160493,0.4237017130659008
jedit-3.2,POST_TFIDF,BLSMOTE,RF,1,0.7636363636363637,0.6666666666666666,0.5555555555555556,0.6060606060606061,0.7349849849849849,0.4429403980178329
jedit-3.2,POST_TFIDF,BLSMOTE,RF,2,0.8181818181818182,0.7,0.7777777777777778,0.7368421052631579,0.8603603603603603,0.600478859390454
jedit-3.2,POST_TFIDF,BLSMOTE,RF,3,0.7962962962962963,0.7058823529411765,0.6666666666666666,0.6857142857142857,0.7762345679012346,0.5356896807128708
jedit-3.2,POST_TFIDF,BLSMOTE,RF,4,0.7037037037037037,0.5384615384615384,0.7777777777777778,0.6363636363636364,0.7291666666666666,0.41931393468876726
jedit-3.2,POST_TFIDF,BLSMOTE,RF,5,0.7777777777777778,0.6666666666666666,0.6666666666666666,0.6666666666666666,0.8341049382716049,0.5
jedit-3.2,POST_TFIDF,BLSMOTE,ET,1,0.7272727272727273,0.6,0.5,0.5454545454545454,0.6734234234234234,0.3559342484071871
jedit-3.2,POST_TFIDF,BLSMOTE,ET,2,0.8363636363636363,0.7142857142857143,0.8333333333333334,0.7692307692307693,0.8521021021021021,0.6482183225707258
jedit-3.2,POST_TFIDF,BLSMOTE,ET,3,0.7592592592592593,0.6470588235294118,0.6111111111111112,0.6285714285714286,0.7700617283950617,0.4511070995476807
jedit-3.2,POST_TFIDF,BLSMOTE,ET,4,0.7222222222222222,0.56,0.7777777777777778,0.6511627906976745,0.7229938271604939,0.4464418717230567
jedit-3.2,POST_TFIDF,BLSMOTE,ET,5,0.8333333333333334,0.8,0.6666666666666666,0.7272727272727273,0.8209876543209876,0.6139406135149204
jedit-3.2,POST_TFIDF,BLSMOTE,SVM_RBF,1,0.6727272727272727,0.5,0.6666666666666666,0.5714285714285714,0.731981981981982,0.3239002361466862
jedit-3.2,POST_TFIDF,BLSMOTE,SVM_RBF,2,0.7818181818181819,0.6153846153846154,0.8888888888888888,0.7272727272727273,0.8618618618618619,0.5813991982108335
jedit-3.2,POST_TFIDF,BLSMOTE,SVM_RBF,3,0.7592592592592593,0.6190476190476191,0.7222222222222222,0.6666666666666666,0.8317901234567902,0.48349377841522817
jedit-3.2,POST_TFIDF,BLSMOTE,SVM_RBF,4,0.6851851851851852,0.5172413793103449,0.8333333333333334,0.6382978723404256,0.7631172839506173,0.42018058515111223
jedit-3.2,POST_TFIDF,BLSMOTE,SVM_RBF,5,0.7222222222222222,0.5652173913043478,0.7222222222222222,0.6341463414634146,0.7955246913580247,0.4237017130659008
jedit-3.2,POST_TFIDF,BLSMOTE,GB,1,0.7090909090909091,0.5714285714285714,0.4444444444444444,0.5,0.6989489489489489,0.30406384882478427
jedit-3.2,POST_TFIDF,BLSMOTE,GB,2,0.7454545454545455,0.5909090909090909,0.7222222222222222,0.65,0.8363363363363363,0.4587596979470412
jedit-3.2,POST_TFIDF,BLSMOTE,GB,3,0.7592592592592593,0.6923076923076923,0.5,0.5806451612903226,0.7052469135802469,0.4287947242821822
jedit-3.2,POST_TFIDF,BLSMOTE,GB,4,0.6296296296296297,0.45,0.5,0.47368421052631576,0.732253086419753,0.18981415059132417
jedit-3.2,POST_TFIDF,BLSMOTE,GB,5,0.7407407407407407,0.6,0.6666666666666666,0.631578947368421,0.7847222222222222,0.4338609156373124
jedit-3.2,RISK_FEATURES,NONE,LR,1,0.7272727272727273,0.5882352941176471,0.5555555555555556,0.5714285714285714,0.774024024024024,0.3719944434182391
jedit-3.2,RISK_FEATURES,NONE,LR,2,0.7272727272727273,0.5714285714285714,0.6666666666666666,0.6153846153846154,0.8265765765765766,0.4089431028298538
jedit-3.2,RISK_FEATURES,NONE,LR,3,0.7037037037037037,0.5625,0.5,0.5294117647058824,0.7330246913580246,0.3154466340720224
jedit-3.2,RISK_FEATURES,NONE,LR,4,0.7407407407407407,0.625,0.5555555555555556,0.5882352941176471,0.6898148148148149,0.40147753427348304
jedit-3.2,RISK_FEATURES,NONE,LR,5,0.6851851851851852,0.5454545454545454,0.3333333333333333,0.41379310344827586,0.6743827160493827,0.2275896310668243
jedit-3.2,RISK_FEATURES,NONE,RF,1,0.7090909090909091,0.5714285714285714,0.4444444444444444,0.5,0.7304804804804805,0.30406384882478427
jedit-3.2,RISK_FEATURES,NONE,RF,2,0.7272727272727273,0.5714285714285714,0.6666666666666666,0.6153846153846154,0.8025525525525525,0.4089431028298538
jedit-3.2,RISK_FEATURES,NONE,RF,3,0.7407407407407407,0.6428571428571429,0.5,0.5625,0.7445987654320988,0.38844929803367795
jedit-3.2,RISK_FEATURES,NONE,RF,4,0.7407407407407407,0.625,0.5555555555555556,0.5882352941176471,0.7777777777777778,0.40147753427348304
jedit-3.2,RISK_FEATURES,NONE,RF,5,0.7037037037037037,0.6,0.3333333333333333,0.42857142857142855,0.8009259259259259,0.26967994498529685
jedit-3.2,RISK_FEATURES,NONE,ET,1,0.7090909090909091,0.5714285714285714,0.4444444444444444,0.5,0.7312312312312312,0.30406384882478427
jedit-3.2,RISK_FEATURES,NONE,ET,2,0.7272727272727273,0.5714285714285714,0.6666666666666666,0.6153846153846154,0.7995495495495495,0.4089431028298538
jedit-3.2,RISK_FEATURES,NONE,ET,3,0.7407407407407407,0.6428571428571429,0.5,0.5625,0.7654320987654321,0.38844929803367795
jedit-3.2,RISK_FEATURES,NONE,ET,4,0.7777777777777778,0.7142857142857143,0.5555555555555556,0.625,0.7924382716049382,0.4780914437337575
jedit-3.2,RISK_FEATURES,NONE,ET,5,0.7037037037037037,0.625,0.2777777777777778,0.38461538461538464,0.7978395061728395,0.25802342327107
jedit-3.2,RISK_FEATURES,NONE,SVM_RBF,1,0.7090909090909091,0.5833333333333334,0.3888888888888889,0.4666666666666667,0.7214714714714715,0.2882867878740898
jedit-3.2,RISK_FEATURES,NONE,SVM_RBF,2,0.7272727272727273,0.5714285714285714,0.6666666666666666,0.6153846153846154,0.686936936936937,0.4089431028298538
jedit-3.2,RISK_FEATURES,NONE,SVM_RBF,3,0.7592592592592593,0.6923076923076923,0.5,0.5806451612903226,0.6975308641975309,0.4287947242821822
jedit-3.2,RISK_FEATURES,NONE,SVM_RBF,4,0.7962962962962963,0.7692307692307693,0.5555555555555556,0.6451612903225806,0.7530864197530864,0.5206793080569355
jedit-3.2,RISK_FEATURES,NONE,SVM_RBF,5,0.7037037037037037,0.6,0.3333333333333333,0.42857142857142855,0.705246913580247,0.26967994498529685
jedit-3.2,RISK_FEATURES,NONE,GB,1,0.7090909090909091,0.5714285714285714,0.4444444444444444,0.5,0.7244744744744744,0.30406384882478427
jedit-3.2,RISK_FEATURES,NONE,GB,2,0.7272727272727273,0.5714285714285714,0.6666666666666666,0.6153846153846154,0.795045045045045,0.4089431028298538
jedit-3.2,RISK_FEATURES,NONE,GB,3,0.7407407407407407,0.6428571428571429,0.5,0.5625,0.7376543209876543,0.38844929803367795
jedit-3.2,RISK_FEATURES,NONE,GB,4,0.7407407407407407,0.625,0.5555555555555556,0.5882352941176471,0.7947530864197531,0.40147753427348304
jedit-3.2,RISK_FEATURES,NONE,GB,5,0.6851851851851852,0.5454545454545454,0.3333333333333333,0.41379310344827586,0.7885802469135803,0.2275896310668243
jedit-3.2,RISK_FEATURES,SMOTE,LR,1,0.6545454545454545,0.4827586206896552,0.7777777777777778,0.5957446808510638,0.774024024024024,0.3499684494084629
jedit-3.2,RISK_FEATURES,SMOTE,LR,2,0.7454545454545455,0.5714285714285714,0.8888888888888888,0.6956521739130435,0.8325825825825826,0.5298950134065895
jedit-3.2,RISK_FEATURES,SMOTE,LR,3,0.6851851851851852,0.5238095238095238,0.6111111111111112,0.5641025641025641,0.7330246913580246,0.3223291856101521
jedit-3.2,RISK_FEATURES,SMOTE,LR,4,0.6481481481481481,0.48148148148148145,0.7222222222222222,0.5777777777777777,0.679783950617284,0.3142696805273545
jedit-3.2,RISK_FEATURES,SMOTE,LR,5,0.7222222222222222,0.5789473684210527,0.6111111111111112,0.5945945945945946,0.6766975308641976,0.3838859479749573
jedit-3.2,RISK_FEATURES,SMOTE,RF,1,0.6181818181818182,0.44,0.6111111111111112,0.5116279069767442,0.692942942942943,0.21931278598863793
jedit-3.2,RISK_FEATURES,SMOTE,RF,2,0.7454545454545455,0.5833333333333334,0.7777777777777778,0.6666666666666666,0.7965465465465467,0.4801678939367542
jedit-3.2,RISK_FEATURES,SMOTE,RF,3,0.6481481481481481,0.47619047619047616,0.5555555555555556,0.5128205128205128,0.7353395061728395,0.24174688920761409
jedit-3.2,RISK_FEATURES,SMOTE,RF,4,0.7037037037037037,0.5384615384615384,0.7777777777777778,0.6363636363636364,0.771604938271605,0.41931393468876726
jedit-3.2,RISK_FEATURES,SMOTE,RF,5,0.6296296296296297,0.4375,0.3888888888888889,0.4117647058823529,0.757716049382716,0.1433848336691011
jedit-3.2,RISK_FEATURES,SMOTE,ET,1,0.6545454545454545,0.4782608695652174,0.6111111111111112,0.5365853658536586,0.6981981981981982,0.2728081531385263
jedit-3.2,RISK_FEATURES,SMOTE,ET,2,0.7454545454545455,0.5833333333333334,0.7777777777777778,0.6666666666666666,0.7972972972972973,0.4801678939367542
jedit-3.2,RISK_FEATURES,SMOTE,ET,3,0.7222222222222222,0.5789473684210527,0.6111111111111112,0.5945945945945946,0.7569444444444444,0.3838859479749573
jedit-3.2,RISK_FEATURES,SMOTE,ET,4,0.7037037037037037,0.5416666666666666,0.7222222222222222,0.6190476190476191,0.7800925925925924,0.3952847075210474
jedit-3.2,RISK_FEATURES,SMOTE,ET,5,0.7037037037037037,0.625,0.2777777777777778,0.38461538461538464,0.8101851851851852,0.25802342327107
jedit-3.2,RISK_FEATURES,SMOTE,SVM_RBF,1,0.6545454545454545,0.4782608695652174,0.6111111111111112,0.5365853658536586,0.6644144144144144,0.2728081531385263
jedit-3.2,RISK_FEATURES,SMOTE,SVM_RBF,2,0.7454545454545455,0.5833333333333334,0.7777777777777778,0.6666666666666666,0.8175675675675675,0.4801678939367542
jedit-3.2,RISK_FEATURES,SMOTE,SVM_RBF,3,0.6851851851851852,0.5238095238095238,0.6111111111111112,0.5641025641025641,0.7129629629629629,0.3223291856101521
jedit-3.2,RISK_FEATURES,SMOTE,SVM_RBF,4,0.6481481481481481,0.48,0.6666666666666666,0.5581395348837209,0.7407407407407408,0.28887415229138963
jedit-3.2,RISK_FEATURES,SMOTE,SVM_RBF,5,0.7037037037037037,0.6,0.3333333333333333,0.42857142857142855,0.7175925925925926,0.26967994498529685
jedit-3.2,RISK_FEATURES,SMOTE,GB,1,0.6181818181818182,0.44,0.6111111111111112,0.5116279069767442,0.6824324324324325,0.21931278598863793
jedit-3.2,RISK_FEATURES,SMOTE,GB,2,0.7454545454545455,0.5833333333333334,0.7777777777777778,0.6666666666666666,0.792042042042042,0.4801678939367542
jedit-3.2,RISK_FEATURES,SMOTE,GB,3,0.6481481481481481,0.47619047619047616,0.5555555555555556,0.5128205128205128,0.7253086419753086,0.24174688920761409
jedit-3.2,RISK_FEATURES,SMOTE,GB,4,0.6851851851851852,0.5185185185185185,0.7777777777777778,0.6222222222222222,0.7870370370370371,0.3928371006591931
jedit-3.2,RISK_FEATURES,SMOTE,GB,5,0.7407407407407407,0.625,0.5555555555555556,0.5882352941176471,0.7808641975308642,0.40147753427348304
jedit-3.2,RISK_FEATURES,BLSMOTE,LR,1,0.6363636363636364,0.4666666666666667,0.7777777777777778,0.5833333333333334,0.7139639639639639,0.32543187598314016
jedit-3.2,RISK_FEATURES,BLSMOTE,LR,2,0.6909090909090909,0.5161290322580645,0.8888888888888888,0.6530612244897959,0.7815315315315314,0.45743805280365335
jedit-3.2,RISK_FEATURES,BLSMOTE,LR,3,0.6481481481481481,0.48148148148148145,0.7222222222222222,0.5777777777777777,0.6512345679012346,0.3142696805273545
jedit-3.2,RISK_FEATURES,BLSMOTE,LR,4,0.6481481481481481,0.48,0.6666666666666666,0.5581395348837209,0.6589506172839505,0.28887415229138963
jedit-3.2,RISK_FEATURES,BLSMOTE,LR,5,0.7037037037037037,0.5416666666666666,0.7222222222222222,0.6190476190476191,0.6851851851851851,0.3952847075210474
jedit-3.2,RISK_FEATURES,BLSMOTE,RF,1,0.5818181818181818,0.43243243243243246,0.8888888888888888,0.5818181818181818,0.6696696696696697,0.3213213213213213
jedit-3.2,RISK_FEATURES,BLSMOTE,RF,2,0.7454545454545455,0.5833333333333334,0.7777777777777778,0.6666666666666666,0.8025525525525526,0.4801678939367542
jedit-3.2,RISK_FEATURES,BLSMOTE,RF,3,0.6296296296296297,0.4583333333333333,0.6111111111111112,0.5238095238095238,0.6921296296296297,0.23717082451262844
jedit-3.2,RISK_FEATURES,BLSMOTE,RF,4,0.6851851851851852,0.5185185185185185,0.7777777777777778,0.6222222222222222,0.7561728395061729,0.3928371006591931
jedit-3.2,RISK_FEATURES,BLSMOTE,RF,5,0.6481481481481481,0.48,0.6666666666666666,0.5581395348837209,0.7175925925925926,0.28887415229138963
jedit-3.2,RISK_FEATURES,BLSMOTE,ET,1,0.6181818181818182,0.45714285714285713,0.8888888888888888,0.6037735849056604,0.6801801801801802,0.36614564596978905
jedit-3.2,RISK_FEATURES,BLSMOTE,ET,2,0.7454545454545455,0.5833333333333334,0.7777777777777778,0.6666666666666666,0.8078078078078078,0.4801678939367542
jedit-3.2,RISK_FEATURES,BLSMOTE,ET,3,0.6666666666666666,0.5,0.7222222222222222,0.5909090909090909,0.7229938271604938,0.34069257193462343
jedit-3.2,RISK_FEATURES,BLSMOTE,ET,4,0.7037037037037037,0.5416666666666666,0.7222222222222222,0.6190476190476191,0.7554012345679012,0.3952847075210474
jedit-3.2,RISK_FEATURES,BLSMOTE,ET,5,0.6296296296296297,0.4583333333333333,0.6111111111111112,0.5238095238095238,0.7222222222222222,0.23717082451262844
jedit-3.2,RISK_FEATURES,BLSMOTE,SVM_RBF,1,0.6,0.4473684210526316,0.9444444444444444,0.6071428571428571,0.641891891891892,0.38266641515564764
jedit-3.2,RISK_FEATURES,BLSMOTE,SVM_RBF,2,0.7454545454545455,0.5833333333333334,0.7777777777777778,0.6666666666666666,0.7605105105105106,0.4801678939367542
jedit-3.2,RISK_FEATURES,BLSMOTE,SVM_RBF,3,0.6296296296296297,0.46875,0.8333333333333334,0.6,0.7453703703703703,0.3464511640778669
jedit-3.2,RISK_FEATURES,BLSMOTE,SVM_RBF,4,0.6481481481481481,0.48148148148148145,0.7222222222222222,0.5777777777777777,0.7407407407407408,0.3142696805273545
jedit-3.2,RISK_FEATURES,BLSMOTE,SVM_RBF,5,0.6296296296296297,0.4722222222222222,0.9444444444444444,0.6296296296296297,0.7052469135802469,0.4166666666666667
jedit-3.2,RISK_FEATURES,BLSMOTE,GB,1,0.5818181818181818,0.43243243243243246,0.8888888888888888,0.5818181818181818,0.6554054054054054,0.3213213213213213
jedit-3.2,RISK_FEATURES,BLSMOTE,GB,2,0.7454545454545455,0.5833333333333334,0.7777777777777778,0.6666666666666666,0.795045045045045,0.4801678939367542
jedit-3.2,RISK_FEATURES,BLSMOTE,GB,3,0.6296296296296297,0.4583333333333333,0.6111111111111112,0.5238095238095238,0.6944444444444444,0.23717082451262844
jedit-3.2,RISK_FEATURES,BLSMOTE,GB,4,0.6851851851851852,0.52,0.7222222222222222,0.6046511627906976,0.7623456790123457,0.3676580120072232
jedit-3.2,RISK_FEATURES,BLSMOTE,GB,5,0.6481481481481481,0.48,0.6666666666666666,0.5581395348837209,0.7253086419753086,0.28887415229138963
jedit-3.2,METRICS_RISK,NONE,LR,1,0.8181818181818182,0.7857142857142857,0.6111111111111112,0.6875,0.8513513513513513,0.5709283969954726
jedit-3.2,METRICS_RISK,NONE,LR,2,0.8,0.7058823529411765,0.6666666666666666,0.6857142857142857,0.8963963963963965,0.5396968564346584
jedit-3.2,METRICS_RISK,NONE,LR,3,0.8518518518518519,0.9166666666666666,0.6111111111111112,0.7333333333333333,0.8749999999999999,0.6614378277661477
jedit-3.2,METRICS_RISK,NONE,LR,4,0.7777777777777778,0.6875,0.6111111111111112,0.6470588235294118,0.7638888888888888,0.48750843447494374
jedit-3.2,METRICS_RISK,NONE,LR,5,0.7407407407407407,0.6428571428571429,0.5,0.5625,0.8302469135802469,0.38844929803367795
jedit-3.2,METRICS_RISK,NONE,RF,1,0.7454545454545455,0.6428571428571429,0.5,0.5625,0.7927927927927929,0.3930186982150137
jedit-3.2,METRICS_RISK,NONE,RF,2,0.8181818181818182,0.75,0.6666666666666666,0.7058823529411765,0.8558558558558559,0.5770501130637036
jedit-3.2,METRICS_RISK,NONE,RF,3,0.8333333333333334,0.8461538461538461,0.6111111111111112,0.7096774193548387,0.8811728395061729,0.6125638918316889
jedit-3.2,METRICS_RISK,NONE,RF,4,0.7592592592592593,0.6666666666666666,0.5555555555555556,0.6060606060606061,0.8055555555555555,0.43852900965351455
jedit-3.2,METRICS_RISK,NONE,RF,5,0.7777777777777778,0.6875,0.6111111111111112,0.6470588235294118,0.8842592592592592,0.48750843447494374
jedit-3.2,METRICS_RISK,NONE,ET,1,0.7272727272727273,0.5882352941176471,0.5555555555555556,0.5714285714285714,0.801051051051051,0.3719944434182391
jedit-3.2,METRICS_RISK,NONE,ET,2,0.8181818181818182,0.7222222222222222,0.7222222222222222,0.7222222222222222,0.8693693693693694,0.5870870870870871
jedit-3.2,METRICS_RISK,NONE,ET,3,0.8518518518518519,0.8571428571428571,0.6666666666666666,0.75,0.8672839506172839,0.6573757351339166
jedit-3.2,METRICS_RISK,NONE,ET,4,0.8148148148148148,0.7857142857142857,0.6111111111111112,0.6875,0.7955246913580247,0.567733589433837
jedit-3.2,METRICS_RISK,NONE,ET,5,0.8333333333333334,0.8,0.6666666666666666,0.7272727272727273,0.8950617283950617,0.6139406135149204
jedit-3.2,METRICS_RISK,NONE,SVM_RBF,1,0.8181818181818182,0.8333333333333334,0.5555555555555556,0.6666666666666666,0.7912912912912912,0.5697502198221656
jedit-3.2,METRICS_RISK,NONE,SVM_RBF,2,0.7818181818181819,0.7142857142857143,0.5555555555555556,0.625,0.8813813813813814,0.48197354760524314
jedit-3.2,METRICS_RISK,NONE,SVM_RBF,3,0.8148148148148148,0.9,0.5,0.6428571428571429,0.8904320987654321,0.5730698830937558
jedit-3.2,METRICS_RISK,NONE,SVM_RBF,4,0.7962962962962963,0.7692307692307693,0.5555555555555556,0.6451612903225806,0.765432098765432,0.5206793080569355
jedit-3.2,METRICS_RISK,NONE,SVM_RBF,5,0.7592592592592593,0.7272727272727273,0.4444444444444444,0.5517241379310345,0.8518518518518517,0.42266645769553085
jedit-3.2,METRICS_RISK,NONE,GB,1,0.7454545454545455,0.6666666666666666,0.4444444444444444,0.5333333333333333,0.8438438438438438,0.3821079318567817
jedit-3.2,METRICS_RISK,NONE,GB,2,0.7818181818181819,0.6666666666666666,0.6666666666666666,0.6666666666666666,0.8483483483483484,0.5045045045045045
jedit-3.2,METRICS_RISK,NONE,GB,3,0.8148148148148148,0.75,0.6666666666666666,0.7058823529411765,0.8672839506172839,0.5735393346764044
jedit-3.2,METRICS_RISK,NONE,GB,4,0.7222222222222222,0.5882352941176471,0.5555555555555556,0.5714285714285714,0.7808641975308642,0.36652451838249056
jedit-3.2,METRICS_RISK,NONE,GB,5,0.7592592592592593,0.631578947368421,0.6666666666666666,0.6486486486486487,0.8611111111111112,0.46614722254101953
jedit-3.2,METRICS_RISK,SMOTE,LR,1,0.7636363636363637,0.6086956521739131,0.7777777777777778,0.6829268292682927,0.8408408408408408,0.5084801178917036
jedit-3.2,METRICS_RISK,SMOTE,LR,2,0.8,0.6666666666666666,0.7777777777777778,0.717948717948718,0.8813813813813813,0.5684599159904351
jedit-3.2,METRICS_RISK,SMOTE,LR,3,0.8518518518518519,0.8125,0.7222222222222222,0.7647058823529411,0.8919753086419752,0.659570234877865
jedit-3.2,METRICS_RISK,SMOTE,LR,4,0.7592592592592593,0.631578947368421,0.6666666666666666,0.6486486486486487,0.7577160493827161,0.46614722254101953
jedit-3.2,METRICS_RISK,SMOTE,LR,5,0.7962962962962963,0.6521739130434783,0.8333333333333334,0.7317073170731707,0.8348765432098765,0.5825898554656136
jedit-3.2,METRICS_RISK,SMOTE,RF,1,0.8,0.7058823529411765,0.6666666666666666,0.6857142857142857,0.828078078078078,0.5396968564346584
jedit-3.2,METRICS_RISK,SMOTE,RF,2,0.8363636363636363,0.7647058823529411,0.7222222222222222,0.7428571428571429,0.8716216216216216,0.623548062942868
jedit-3.2,METRICS_RISK,SMOTE,RF,3,0.8148148148148148,0.7,0.7777777777777778,0.7368421052631579,0.8804012345679012,0.5965587590013045
jedit-3.2,METRICS_RISK,SMOTE,RF,4,0.7222222222222222,0.5789473684210527,0.6111111111111112,0.5945945945945946,0.8217592592592592,0.3838859479749573
jedit-3.2,METRICS_RISK,SMOTE,RF,5,0.7777777777777778,0.625,0.8333333333333334,0.7142857142857143,0.8819444444444444,0.5533985905294664
jedit-3.2,METRICS_RISK,SMOTE,ET,1,0.7272727272727273,0.5714285714285714,0.6666666666666666,0.6153846153846154,0.7972972972972973,0.4089431028298538
jedit-3.2,METRICS_RISK,SMOTE,ET,2,0.7636363636363637,0.631578947368421,0.6666666666666666,0.6486486486486487,0.8566066066066066,0.4711529932386874
jedit-3.2,METRICS_RISK,SMOTE,ET,3,0.8518518518518519,0.8125,0.7222222222222222,0.7647058823529411,0.8796296296296297,0.659570234877865
jedit-3.2,METRICS_RISK,SMOTE,ET,4,0.7407407407407407,0.6111111111111112,0.6111111111111112,0.6111111111111112,0.8125,0.4166666666666667
jedit-3.2,METRICS_RISK,SMOTE,ET,5,0.8148148148148148,0.7222222222222222,0.7222222222222222,0.7222222222222222,0.9012345679012346,0.5833333333333334
jedit-3.2,METRICS_RISK,SMOTE,SVM_RBF,1,0.7454545454545455,0.5909090909090909,0.7222222222222222,0.65,0.8093093093093092,0.4587596979470412
jedit-3.2,METRICS_RISK,SMOTE,SVM_RBF,2,0.8181818181818182,0.6818181818181818,0.8333333333333334,0.75,0.8933933933933935,0.6169526972391244
jedit-3.2,METRICS_RISK,SMOTE,SVM_RBF,3,0.8888888888888888,0.875,0.7777777777777778,0.8235294117647058,0.8672839506172838,0.7456011350793257
jedit-3.2,METRICS_RISK,SMOTE,SVM_RBF,4,0.7407407407407407,0.6,0.6666666666666666,0.631578947368421,0.7592592592592592,0.4338609156373124
jedit-3.2,METRICS_RISK,SMOTE,SVM_RBF,5,0.7777777777777778,0.6666666666666666,0.6666666666666666,0.6666666666666666,0.8580246913580247,0.5
jedit-3.2,METRICS_RISK,SMOTE,GB,1,0.8181818181818182,0.7857142857142857,0.6111111111111112,0.6875,0.8423423423423424,0.5709283969954726
jedit-3.2,METRICS_RISK,SMOTE,GB,2,0.7636363636363637,0.6190476190476191,0.7222222222222222,0.6666666666666666,0.8483483483483484,0.48870150941014445
jedit-3.2,METRICS_RISK,SMOTE,GB,3,0.7777777777777778,0.6875,0.6111111111111112,0.6470588235294118,0.8472222222222222,0.48750843447494374
jedit-3.2,METRICS_RISK,SMOTE,GB,4,0.7407407407407407,0.6,0.6666666666666666,0.631578947368421,0.7885802469135802,0.4338609156373124
jedit-3.2,METRICS_RISK,SMOTE,GB,5,0.7407407407407407,0.5833333333333334,0.7777777777777778,0.6666666666666666,0.8240740740740741,0.4743416490252569
jedit-3.2,METRICS_RISK,BLSMOTE,LR,1,0.8,0.6666666666666666,0.7777777777777778,0.717948717948718,0.8663663663663663,0.5684599159904351
jedit-3.2,METRICS_RISK,BLSMOTE,LR,2,0.8363636363636363,0.6956521739130435,0.8888888888888888,0.7804878048780488,0.8693693693693693,0.6655947610604883
jedit-3.2,METRICS_RISK,BLSMOTE,LR,3,0.8518518518518519,0.7777777777777778,0.7777777777777778,0.7777777777777778,0.8719135802469137,0.6666666666666666
jedit-3.2,METRICS_RISK,BLSMOTE,LR,4,0.7592592592592593,0.6190476190476191,0.7222222222222222,0.6666666666666666,0.7608024691358025,0.48349377841522817
jedit-3.2,METRICS_RISK,BLSMOTE,LR,5,0.7407407407407407,0.5833333333333334,0.7777777777777778,0.6666666666666666,0.8487654320987654,0.4743416490252569
jedit-3.2,METRICS_RISK,BLSMOTE,RF,1,0.8181818181818182,0.7222222222222222,0.7222222222222222,0.7222222222222222,0.8355855855855856,0.5870870870870871
jedit-3.2,METRICS_RISK,BLSMOTE,RF,2,0.8181818181818182,0.7222222222222222,0.7222222222222222,0.7222222222222222,0.8798798798798798,0.5870870870870871
jedit-3.2,METRICS_RISK,BLSMOTE,RF,3,0.8148148148148148,0.7222222222222222,0.7222222222222222,0.7222222222222222,0.8688271604938271,0.5833333333333334
jedit-3.2,METRICS_RISK,BLSMOTE,RF,4,0.7407407407407407,0.6111111111111112,0.6111111111111112,0.6111111111111112,0.7970679012345679,0.4166666666666667
jedit-3.2,METRICS_RISK,BLSMOTE,RF,5,0.7777777777777778,0.6363636363636364,0.7777777777777778,0.7,0.8819444444444444,0.5330017908890261
jedit-3.2,METRICS_RISK,BLSMOTE,ET,1,0.7272727272727273,0.5714285714285714,0.6666666666666666,0.6153846153846154,0.8138138138138138,0.4089431028298538
jedit-3.2,METRICS_RISK,BLSMOTE,ET,2,0.8181818181818182,0.7,0.7777777777777778,0.7368421052631579,0.8761261261261261,0.600478859390454
jedit-3.2,METRICS_RISK,BLSMOTE,ET,3,0.7962962962962963,0.7058823529411765,0.6666666666666666,0.6857142857142857,0.8757716049382716,0.5356896807128708
jedit-3.2,METRICS_RISK,BLSMOTE,ET,4,0.7407407407407407,0.6111111111111112,0.6111111111111112,0.6111111111111112,0.7939814814814815,0.4166666666666667
jedit-3.2,METRICS_RISK,BLSMOTE,ET,5,0.8148148148148148,0.7222222222222222,0.7222222222222222,0.7222222222222222,0.9197530864197531,0.5833333333333334
jedit-3.2,METRICS_RISK,BLSMOTE,SVM_RBF,1,0.7272727272727273,0.5714285714285714,0.6666666666666666,0.6153846153846154,0.8138138138138138,0.4089431028298538
jedit-3.2,METRICS_RISK,BLSMOTE,SVM_RBF,2,0.8,0.6521739130434783,0.8333333333333334,0.7317073170731707,0.903903903903904,0.5870374394760959
jedit-3.2,METRICS_RISK,BLSMOTE,SVM_RBF,3,0.8333333333333334,0.7647058823529411,0.7222222222222222,0.7428571428571429,0.8641975308641976,0.620272261878061
jedit-3.2,METRICS_RISK,BLSMOTE,SVM_RBF,4,0.7222222222222222,0.5714285714285714,0.6666666666666666,0.6153846153846154,0.7484567901234568,0.40291148201269017
jedit-3.2,METRICS_RISK,BLSMOTE,SVM_RBF,5,0.7592592592592593,0.6,0.8333333333333334,0.6976744186046512,0.8688271604938272,0.5252257314388903
jedit-3.2,METRICS_RISK,BLSMOTE,GB,1,0.7636363636363637,0.6470588235294118,0.6111111111111112,0.6285714285714286,0.8078078078078078,0.45584564992644877
jedit-3.2,METRICS_RISK,BLSMOTE,GB,2,0.8,0.6842105263157895,0.7222222222222222,0.7027027027027027,0.8363363363363363,0.5526417184843724
jedit-3.2,METRICS_RISK,BLSMOTE,GB,3,0.7592592592592593,0.6470588235294118,0.6111111111111112,0.6285714285714286,0.8333333333333334,0.4511070995476807
jedit-3.2,METRICS_RISK,BLSMOTE,GB,4,0.7037037037037037,0.55,0.6111111111111112,0.5789473684210527,0.7993827160493827,0.3525119939553163
jedit-3.2,METRICS_RISK,BLSMOTE,GB,5,0.7592592592592593,0.6086956521739131,0.7777777777777778,0.6829268292682927,0.875,0.5031457842657572
jedit-3.2,METRICS_POST_TFIDF_RISK,NONE,LR,1,0.8181818181818182,0.7857142857142857,0.6111111111111112,0.6875,0.8483483483483483,0.5709283969954726
jedit-3.2,METRICS_POST_TFIDF_RISK,NONE,LR,2,0.8,0.7058823529411765,0.6666666666666666,0.6857142857142857,0.8993993993993993,0.5396968564346584
jedit-3.2,METRICS_POST_TFIDF_RISK,NONE,LR,3,0.8518518518518519,0.9166666666666666,0.6111111111111112,0.7333333333333333,0.8904320987654322,0.6614378277661477
jedit-3.2,METRICS_POST_TFIDF_RISK,NONE,LR,4,0.7777777777777778,0.6875,0.6111111111111112,0.6470588235294118,0.7623456790123457,0.48750843447494374
jedit-3.2,METRICS_POST_TFIDF_RISK,NONE,LR,5,0.7407407407407407,0.6428571428571429,0.5,0.5625,0.8302469135802468,0.38844929803367795
jedit-3.2,METRICS_POST_TFIDF_RISK,NONE,RF,1,0.7636363636363637,0.6923076923076923,0.5,0.5806451612903226,0.7605105105105106,0.43281975155130953
jedit-3.2,METRICS_POST_TFIDF_RISK,NONE,RF,2,0.8,0.7058823529411765,0.6666666666666666,0.6857142857142857,0.8656156156156156,0.5396968564346584
jedit-3.2,METRICS_POST_TFIDF_RISK,NONE,RF,3,0.8148148148148148,0.7857142857142857,0.6111111111111112,0.6875,0.8364197530864198,0.567733589433837
jedit-3.2,METRICS_POST_TFIDF_RISK,NONE,RF,4,0.7222222222222222,0.5882352941176471,0.5555555555555556,0.5714285714285714,0.7901234567901235,0.36652451838249056
jedit-3.2,METRICS_POST_TFIDF_RISK,NONE,RF,5,0.7777777777777778,0.6875,0.6111111111111112,0.6470588235294118,0.8912037037037036,0.48750843447494374
jedit-3.2,METRICS_POST_TFIDF_RISK,NONE,ET,1,0.7454545454545455,0.6428571428571429,0.5,0.5625,0.7492492492492492,0.3930186982150137
jedit-3.2,METRICS_POST_TFIDF_RISK,NONE,ET,2,0.8,0.7058823529411765,0.6666666666666666,0.6857142857142857,0.8828828828828829,0.5396968564346584
jedit-3.2,METRICS_POST_TFIDF_RISK,NONE,ET,3,0.7777777777777778,0.75,0.5,0.6,0.8024691358024691,0.4724555912615341
jedit-3.2,METRICS_POST_TFIDF_RISK,NONE,ET,4,0.7592592592592593,0.6470588235294118,0.6111111111111112,0.6285714285714286,0.8117283950617283,0.4511070995476807
jedit-3.2,METRICS_POST_TFIDF_RISK,NONE,ET,5,0.7962962962962963,0.7333333333333333,0.6111111111111112,0.6666666666666666,0.908179012345679,0.5262348115842175
jedit-3.2,METRICS_POST_TFIDF_RISK,NONE,SVM_RBF,1,0.8181818181818182,0.8333333333333334,0.5555555555555556,0.6666666666666666,0.7897897897897898,0.5697502198221656
jedit-3.2,METRICS_POST_TFIDF_RISK,NONE,SVM_RBF,2,0.7818181818181819,0.7142857142857143,0.5555555555555556,0.625,0.8813813813813814,0.48197354760524314
jedit-3.2,METRICS_POST_TFIDF_RISK,NONE,SVM_RBF,3,0.8148148148148148,0.9,0.5,0.6428571428571429,0.8888888888888888,0.5730698830937558
jedit-3.2,METRICS_POST_TFIDF_RISK,NONE,SVM_RBF,4,0.7777777777777778,0.7142857142857143,0.5555555555555556,0.625,0.7685185185185184,0.4780914437337575
jedit-3.2,METRICS_POST_TFIDF_RISK,NONE,SVM_RBF,5,0.7592592592592593,0.7272727272727273,0.4444444444444444,0.5517241379310345,0.8533950617283951,0.42266645769553085
jedit-3.2,METRICS_POST_TFIDF_RISK,NONE,GB,1,0.7454545454545455,0.6428571428571429,0.5,0.5625,0.7777777777777778,0.3930186982150137
jedit-3.2,METRICS_POST_TFIDF_RISK,NONE,GB,2,0.7636363636363637,0.631578947368421,0.6666666666666666,0.6486486486486487,0.8228228228228228,0.4711529932386874
jedit-3.2,METRICS_POST_TFIDF_RISK,NONE,GB,3,0.7037037037037037,0.5714285714285714,0.4444444444444444,0.5,0.8009259259259258,0.29880715233359845
jedit-3.2,METRICS_POST_TFIDF_RISK,NONE,GB,4,0.7777777777777778,0.6875,0.6111111111111112,0.6470588235294118,0.8101851851851852,0.48750843447494374
jedit-3.2,METRICS_POST_TFIDF_RISK,NONE,GB,5,0.8333333333333334,0.7647058823529411,0.7222222222222222,0.7428571428571429,0.8780864197530864,0.620272261878061
jedit-3.2,METRICS_POST_TFIDF_RISK,SMOTE,LR,1,0.7454545454545455,0.5909090909090909,0.7222222222222222,0.65,0.8543543543543544,0.4587596979470412
jedit-3.2,METRICS_POST_TFIDF_RISK,SMOTE,LR,2,0.8181818181818182,0.6818181818181818,0.8333333333333334,0.75,0.8888888888888888,0.6169526972391244
jedit-3.2,METRICS_POST_TFIDF_RISK,SMOTE,LR,3,0.8518518518518519,0.8125,0.7222222222222222,0.7647058823529411,0.8966049382716049,0.659570234877865
jedit-3.2,METRICS_POST_TFIDF_RISK,SMOTE,LR,4,0.7407407407407407,0.6111111111111112,0.6111111111111112,0.6111111111111112,0.75,0.4166666666666667
jedit-3.2,METRICS_POST_TFIDF_RISK,SMOTE,LR,5,0.8148148148148148,0.6818181818181818,0.8333333333333334,0.75,0.8333333333333335,0.61295205952238
jedit-3.2,METRICS_POST_TFIDF_RISK,SMOTE,RF,1,0.8,0.7333333333333333,0.6111111111111112,0.6666666666666666,0.795045045045045,0.5299465476284786
jedit-3.2,METRICS_POST_TFIDF_RISK,SMOTE,RF,2,0.7818181818181819,0.6666666666666666,0.6666666666666666,0.6666666666666666,0.8678678678678678,0.5045045045045045
jedit-3.2,METRICS_POST_TFIDF_RISK,SMOTE,RF,3,0.7592592592592593,0.6470588235294118,0.6111111111111112,0.6285714285714286,0.8294753086419753,0.4511070995476807
jedit-3.2,METRICS_POST_TFIDF_RISK,SMOTE,RF,4,0.7407407407407407,0.6,0.6666666666666666,0.631578947368421,0.7932098765432098,0.4338609156373124
jedit-3.2,METRICS_POST_TFIDF_RISK,SMOTE,RF,5,0.8333333333333334,0.7647058823529411,0.7222222222222222,0.7428571428571429,0.8996913580246912,0.620272261878061
jedit-3.2,METRICS_POST_TFIDF_RISK,SMOTE,ET,1,0.7090909090909091,0.5625,0.5,0.5294117647058824,0.740990990990991,0.32110046614028664
jedit-3.2,METRICS_POST_TFIDF_RISK,SMOTE,ET,2,0.8363636363636363,0.7368421052631579,0.7777777777777778,0.7567567567567568,0.8956456456456456,0.6341304437300573
jedit-3.2,METRICS_POST_TFIDF_RISK,SMOTE,ET,3,0.7962962962962963,0.7058823529411765,0.6666666666666666,0.6857142857142857,0.8294753086419754,0.5356896807128708
jedit-3.2,METRICS_POST_TFIDF_RISK,SMOTE,ET,4,0.7407407407407407,0.6111111111111112,0.6111111111111112,0.6111111111111112,0.7978395061728395,0.4166666666666667
jedit-3.2,METRICS_POST_TFIDF_RISK,SMOTE,ET,5,0.8333333333333334,0.8,0.6666666666666666,0.7272727272727273,0.9182098765432098,0.6139406135149204
jedit-3.2,METRICS_POST_TFIDF_RISK,SMOTE,SVM_RBF,1,0.7454545454545455,0.5909090909090909,0.7222222222222222,0.65,0.8138138138138138,0.4587596979470412
jedit-3.2,METRICS_POST_TFIDF_RISK,SMOTE,SVM_RBF,2,0.8181818181818182,0.6818181818181818,0.8333333333333334,0.75,0.8858858858858859,0.6169526972391244
jedit-3.2,METRICS_POST_TFIDF_RISK,SMOTE,SVM_RBF,3,0.8888888888888888,0.875,0.7777777777777778,0.8235294117647058,0.8641975308641974,0.7456011350793257
jedit-3.2,METRICS_POST_TFIDF_RISK,SMOTE,SVM_RBF,4,0.7407407407407407,0.6,0.6666666666666666,0.631578947368421,0.7577160493827161,0.4338609156373124
jedit-3.2,METRICS_POST_TFIDF_RISK,SMOTE,SVM_RBF,5,0.7777777777777778,0.6666666666666666,0.6666666666666666,0.6666666666666666,0.8549382716049383,0.5
jedit-3.2,METRICS_POST_TFIDF_RISK,SMOTE,GB,1,0.7454545454545455,0.6111111111111112,0.6111111111111112,0.6111111111111112,0.8558558558558559,0.4219219219219219
jedit-3.2,METRICS_POST_TFIDF_RISK,SMOTE,GB,2,0.7818181818181819,0.6666666666666666,0.6666666666666666,0.6666666666666666,0.8513513513513513,0.5045045045045045
jedit-3.2,METRICS_POST_TFIDF_RISK,SMOTE,GB,3,0.7777777777777778,0.6875,0.6111111111111112,0.6470588235294118,0.7955246913580247,0.48750843447494374
jedit-3.2,METRICS_POST_TFIDF_RISK,SMOTE,GB,4,0.7592592592592593,0.6470588235294118,0.6111111111111112,0.6285714285714286,0.7947530864197531,0.4511070995476807
jedit-3.2,METRICS_POST_TFIDF_RISK,SMOTE,GB,5,0.7777777777777778,0.65,0.7222222222222222,0.6842105263157895,0.8873456790123456,0.5152098373193085
jedit-3.2,METRICS_POST_TFIDF_RISK,BLSMOTE,LR,1,0.7818181818181819,0.65,0.7222222222222222,0.6842105263157895,0.8633633633633634,0.5199268172771004
jedit-3.2,METRICS_POST_TFIDF_RISK,BLSMOTE,LR,2,0.8363636363636363,0.7142857142857143,0.8333333333333334,0.7692307692307693,0.9039039039039038,0.6482183225707258
jedit-3.2,METRICS_POST_TFIDF_RISK,BLSMOTE,LR,3,0.8333333333333334,0.7647058823529411,0.7222222222222222,0.7428571428571429,0.8873456790123456,0.620272261878061
jedit-3.2,METRICS_POST_TFIDF_RISK,BLSMOTE,LR,4,0.7407407407407407,0.6,0.6666666666666666,0.631578947368421,0.7453703703703703,0.4338609156373124
jedit-3.2,METRICS_POST_TFIDF_RISK,BLSMOTE,LR,5,0.7592592592592593,0.6,0.8333333333333334,0.6976744186046512,0.8472222222222222,0.5252257314388903
jedit-3.2,METRICS_POST_TFIDF_RISK,BLSMOTE,RF,1,0.7818181818181819,0.6666666666666666,0.6666666666666666,0.6666666666666666,0.7897897897897898,0.5045045045045045
jedit-3.2,METRICS_POST_TFIDF_RISK,BLSMOTE,RF,2,0.8,0.7058823529411765,0.6666666666666666,0.6857142857142857,0.8596096096096096,0.5396968564346584
jedit-3.2,METRICS_POST_TFIDF_RISK,BLSMOTE,RF,3,0.7962962962962963,0.7058823529411765,0.6666666666666666,0.6857142857142857,0.8341049382716049,0.5356896807128708
jedit-3.2,METRICS_POST_TFIDF_RISK,BLSMOTE,RF,4,0.7407407407407407,0.6,0.6666666666666666,0.631578947368421,0.7939814814814815,0.4338609156373124
jedit-3.2,METRICS_POST_TFIDF_RISK,BLSMOTE,RF,5,0.7962962962962963,0.6666666666666666,0.7777777777777778,0.717948717948718,0.904320987654321,0.5640760748177662
jedit-3.2,METRICS_POST_TFIDF_RISK,BLSMOTE,ET,1,0.7272727272727273,0.5882352941176471,0.5555555555555556,0.5714285714285714,0.75,0.3719944434182391
jedit-3.2,METRICS_POST_TFIDF_RISK,BLSMOTE,ET,2,0.8,0.6842105263157895,0.7222222222222222,0.7027027027027027,0.8986486486486487,0.5526417184843724
jedit-3.2,METRICS_POST_TFIDF_RISK,BLSMOTE,ET,3,0.7962962962962963,0.7333333333333333,0.6111111111111112,0.6666666666666666,0.8148148148148149,0.5262348115842175
jedit-3.2,METRICS_POST_TFIDF_RISK,BLSMOTE,ET,4,0.7407407407407407,0.6,0.6666666666666666,0.631578947368421,0.7847222222222223,0.4338609156373124
jedit-3.2,METRICS_POST_TFIDF_RISK,BLSMOTE,ET,5,0.8148148148148148,0.75,0.6666666666666666,0.7058823529411765,0.9197530864197532,0.5735393346764044
jedit-3.2,METRICS_POST_TFIDF_RISK,BLSMOTE,SVM_RBF,1,0.7272727272727273,0.5714285714285714,0.6666666666666666,0.6153846153846154,0.7987987987987988,0.4089431028298538
jedit-3.2,METRICS_POST_TFIDF_RISK,BLSMOTE,SVM_RBF,2,0.7818181818181819,0.6363636363636364,0.7777777777777778,0.7,0.9054054054054054,0.5378561975930828
jedit-3.2,METRICS_POST_TFIDF_RISK,BLSMOTE,SVM_RBF,3,0.8333333333333334,0.7647058823529411,0.7222222222222222,0.7428571428571429,0.8626543209876543,0.620272261878061
jedit-3.2,METRICS_POST_TFIDF_RISK,BLSMOTE,SVM_RBF,4,0.7222222222222222,0.5714285714285714,0.6666666666666666,0.6153846153846154,0.7453703703703703,0.40291148201269017
jedit-3.2,METRICS_POST_TFIDF_RISK,BLSMOTE,SVM_RBF,5,0.7777777777777778,0.625,0.8333333333333334,0.7142857142857143,0.8688271604938271,0.5533985905294664
jedit-3.2,METRICS_POST_TFIDF_RISK,BLSMOTE,GB,1,0.7636363636363637,0.6666666666666666,0.5555555555555556,0.6060606060606061,0.7912912912912914,0.4429403980178329
jedit-3.2,METRICS_POST_TFIDF_RISK,BLSMOTE,GB,2,0.8545454545454545,0.75,0.8333333333333334,0.7894736842105263,0.8753753753753754,0.6810309015038076
jedit-3.2,METRICS_POST_TFIDF_RISK,BLSMOTE,GB,3,0.7777777777777778,0.7142857142857143,0.5555555555555556,0.625,0.8063271604938272,0.4780914437337575
jedit-3.2,METRICS_POST_TFIDF_RISK,BLSMOTE,GB,4,0.7592592592592593,0.6470588235294118,0.6111111111111112,0.6285714285714286,0.7824074074074073,0.4511070995476807
jedit-3.2,METRICS_POST_TFIDF_RISK,BLSMOTE,GB,5,0.7777777777777778,0.6363636363636364,0.7777777777777778,0.7,0.8672839506172839,0.5330017908890261
jedit-3.2,METRICS_POST_TFIDF_RISK_SELECTED,NONE,LR,1,0.8,0.7058823529411765,0.6666666666666666,0.6857142857142857,0.8273273273273273,0.5396968564346584
jedit-3.2,METRICS_POST_TFIDF_RISK_SELECTED,NONE,LR,2,0.7636363636363637,0.6470588235294118,0.6111111111111112,0.6285714285714286,0.8573573573573573,0.45584564992644877
jedit-3.2,METRICS_POST_TFIDF_RISK_SELECTED,NONE,LR,3,0.7962962962962963,0.8888888888888888,0.4444444444444444,0.5925925925925926,0.8333333333333333,0.5270462766947299
jedit-3.2,METRICS_POST_TFIDF_RISK_SELECTED,NONE,LR,4,0.7222222222222222,0.6363636363636364,0.3888888888888889,0.4827586206896552,0.7438271604938271,0.3251280443811776
jedit-3.2,METRICS_POST_TFIDF_RISK_SELECTED,NONE,LR,5,0.7777777777777778,0.6875,0.6111111111111112,0.6470588235294118,0.8410493827160493,0.48750843447494374
jedit-3.2,METRICS_POST_TFIDF_RISK_SELECTED,NONE,RF,1,0.7636363636363637,0.6666666666666666,0.5555555555555556,0.6060606060606061,0.7229729729729729,0.4429403980178329
jedit-3.2,METRICS_POST_TFIDF_RISK_SELECTED,NONE,RF,2,0.7818181818181819,0.6875,0.6111111111111112,0.6470588235294118,0.8588588588588589,0.49173356408923125
jedit-3.2,METRICS_POST_TFIDF_RISK_SELECTED,NONE,RF,3,0.8148148148148148,0.8333333333333334,0.5555555555555556,0.6666666666666666,0.8302469135802469,0.5669467095138409
jedit-3.2,METRICS_POST_TFIDF_RISK_SELECTED,NONE,RF,4,0.7037037037037037,0.5555555555555556,0.5555555555555556,0.5555555555555556,0.763888888888889,0.3333333333333333
jedit-3.2,METRICS_POST_TFIDF_RISK_SELECTED,NONE,RF,5,0.7962962962962963,0.6842105263157895,0.7222222222222222,0.7027027027027027,0.8927469135802468,0.5484084971070818
jedit-3.2,METRICS_POST_TFIDF_RISK_SELECTED,NONE,ET,1,0.7636363636363637,0.7272727272727273,0.4444444444444444,0.5517241379310345,0.7575075075075075,0.4262413420606707
jedit-3.2,METRICS_POST_TFIDF_RISK_SELECTED,NONE,ET,2,0.8181818181818182,0.75,0.6666666666666666,0.7058823529411765,0.8986486486486487,0.5770501130637036
jedit-3.2,METRICS_POST_TFIDF_RISK_SELECTED,NONE,ET,3,0.7962962962962963,0.7333333333333333,0.6111111111111112,0.6666666666666666,0.8055555555555556,0.5262348115842175
jedit-3.2,METRICS_POST_TFIDF_RISK_SELECTED,NONE,ET,4,0.6666666666666666,0.5,0.5555555555555556,0.5263157894736842,0.7546296296296297,0.27116307227332026
jedit-3.2,METRICS_POST_TFIDF_RISK_SELECTED,NONE,ET,5,0.7962962962962963,0.7692307692307693,0.5555555555555556,0.6451612903225806,0.8950617283950618,0.5206793080569355
jedit-3.2,METRICS_POST_TFIDF_RISK_SELECTED,NONE,SVM_RBF,1,0.7272727272727273,0.6363636363636364,0.3888888888888889,0.4827586206896552,0.7822822822822822,0.32936830977415466
jedit-3.2,METRICS_POST_TFIDF_RISK_SELECTED,NONE,SVM_RBF,2,0.8,0.7333333333333333,0.6111111111111112,0.6666666666666666,0.7492492492492492,0.5299465476284786
jedit-3.2,METRICS_POST_TFIDF_RISK_SELECTED,NONE,SVM_RBF,3,0.8703703703703703,0.9230769230769231,0.6666666666666666,0.7741935483870968,0.8302469135802468,0.7044484756064422
jedit-3.2,METRICS_POST_TFIDF_RISK_SELECTED,NONE,SVM_RBF,4,0.7407407407407407,0.6428571428571429,0.5,0.5625,0.7391975308641975,0.38844929803367795
jedit-3.2,METRICS_POST_TFIDF_RISK_SELECTED,NONE,SVM_RBF,5,0.8148148148148148,0.9,0.5,0.6428571428571429,0.8472222222222222,0.5730698830937558
jedit-3.2,METRICS_POST_TFIDF_RISK_SELECTED,NONE,GB,1,0.6909090909090909,0.5333333333333333,0.4444444444444444,0.48484848484848486,0.7342342342342343,0.2689280987965414
jedit-3.2,METRICS_POST_TFIDF_RISK_SELECTED,NONE,GB,2,0.7272727272727273,0.6,0.5,0.5454545454545454,0.8258258258258258,0.3559342484071871
jedit-3.2,METRICS_POST_TFIDF_RISK_SELECTED,NONE,GB,3,0.7407407407407407,0.6666666666666666,0.4444444444444444,0.5333333333333333,0.8518518518518517,0.37796447300922725
jedit-3.2,METRICS_POST_TFIDF_RISK_SELECTED,NONE,GB,4,0.7407407407407407,0.625,0.5555555555555556,0.5882352941176471,0.7469135802469135,0.40147753427348304
jedit-3.2,METRICS_POST_TFIDF_RISK_SELECTED,NONE,GB,5,0.7592592592592593,0.631578947368421,0.6666666666666666,0.6486486486486487,0.8410493827160495,0.46614722254101953
jedit-3.2,METRICS_POST_TFIDF_RISK_SELECTED,SMOTE,LR,1,0.7272727272727273,0.56,0.7777777777777778,0.6511627906976745,0.8018018018018019,0.4527747839765428
jedit-3.2,METRICS_POST_TFIDF_RISK_SELECTED,SMOTE,LR,2,0.7454545454545455,0.6,0.6666666666666666,0.631578947368421,0.8123123123123124,0.43937477516374684
jedit-3.2,METRICS_POST_TFIDF_RISK_SELECTED,SMOTE,LR,3,0.8518518518518519,0.7777777777777778,0.7777777777777778,0.7777777777777778,0.8919753086419753,0.6666666666666666
jedit-3.2,METRICS_POST_TFIDF_RISK_SELECTED,SMOTE,LR,4,0.7592592592592593,0.6470588235294118,0.6111111111111112,0.6285714285714286,0.7700617283950617,0.4511070995476807
jedit-3.2,METRICS_POST_TFIDF_RISK_SELECTED,SMOTE,LR,5,0.7777777777777778,0.6363636363636364,0.7777777777777778,0.7,0.8256172839506173,0.5330017908890261
jedit-3.2,METRICS_POST_TFIDF_RISK_SELECTED,SMOTE,RF,1,0.7454545454545455,0.625,0.5555555555555556,0.5882352941176471,0.7424924924924924,0.406417015114759
jedit-3.2,METRICS_POST_TFIDF_RISK_SELECTED,SMOTE,RF,2,0.7818181818181819,0.65,0.7222222222222222,0.6842105263157895,0.8648648648648648,0.5199268172771004
jedit-3.2,METRICS_POST_TFIDF_RISK_SELECTED,SMOTE,RF,3,0.7962962962962963,0.7058823529411765,0.6666666666666666,0.6857142857142857,0.8503086419753086,0.5356896807128708
jedit-3.2,METRICS_POST_TFIDF_RISK_SELECTED,SMOTE,RF,4,0.7222222222222222,0.5789473684210527,0.6111111111111112,0.5945945945945946,0.7569444444444444,0.3838859479749573
jedit-3.2,METRICS_POST_TFIDF_RISK_SELECTED,SMOTE,RF,5,0.7777777777777778,0.6363636363636364,0.7777777777777778,0.7,0.8865740740740741,0.5330017908890261
jedit-3.2,METRICS_POST_TFIDF_RISK_SELECTED,SMOTE,ET,1,0.7272727272727273,0.6,0.5,0.5454545454545454,0.7447447447447447,0.3559342484071871
jedit-3.2,METRICS_POST_TFIDF_RISK_SELECTED,SMOTE,ET,2,0.8181818181818182,0.7222222222222222,0.7222222222222222,0.7222222222222222,0.8798798798798798,0.5870870870870871
jedit-3.2,METRICS_POST_TFIDF_RISK_SELECTED,SMOTE,ET,3,0.7407407407407407,0.625,0.5555555555555556,0.5882352941176471,0.8101851851851851,0.40147753427348304
jedit-3.2,METRICS_POST_TFIDF_RISK_SELECTED,SMOTE,ET,4,0.7222222222222222,0.5714285714285714,0.6666666666666666,0.6153846153846154,0.7415123456790124,0.40291148201269017
jedit-3.2,METRICS_POST_TFIDF_RISK_SELECTED,SMOTE,ET,5,0.8333333333333334,0.7647058823529411,0.7222222222222222,0.7428571428571429,0.9058641975308641,0.620272261878061
jedit-3.2,METRICS_POST_TFIDF_RISK_SELECTED,SMOTE,SVM_RBF,1,0.7636363636363637,0.6190476190476191,0.7222222222222222,0.6666666666666666,0.7942942942942943,0.48870150941014445
jedit-3.2,METRICS_POST_TFIDF_RISK_SELECTED,SMOTE,SVM_RBF,2,0.7818181818181819,0.6363636363636364,0.7777777777777778,0.7,0.8768768768768769,0.5378561975930828
jedit-3.2,METRICS_POST_TFIDF_RISK_SELECTED,SMOTE,SVM_RBF,3,0.7777777777777778,0.7142857142857143,0.5555555555555556,0.625,0.7577160493827161,0.4780914437337575
jedit-3.2,METRICS_POST_TFIDF_RISK_SELECTED,SMOTE,SVM_RBF,4,0.6851851851851852,0.5263157894736842,0.5555555555555556,0.5405405405405406,0.7175925925925927,0.301624673408895
jedit-3.2,METRICS_POST_TFIDF_RISK_SELECTED,SMOTE,SVM_RBF,5,0.7407407407407407,0.5909090909090909,0.7222222222222222,0.65,0.8641975308641975,0.45305152225567213
jedit-3.2,METRICS_POST_TFIDF_RISK_SELECTED,SMOTE,GB,1,0.7818181818181819,0.7142857142857143,0.5555555555555556,0.625,0.7807807807807808,0.48197354760524314
jedit-3.2,METRICS_POST_TFIDF_RISK_SELECTED,SMOTE,GB,2,0.7454545454545455,0.6,0.6666666666666666,0.631578947368421,0.8438438438438438,0.43937477516374684
jedit-3.2,METRICS_POST_TFIDF_RISK_SELECTED,SMOTE,GB,3,0.8518518518518519,0.7777777777777778,0.7777777777777778,0.7777777777777778,0.8564814814814815,0.6666666666666666
jedit-3.2,METRICS_POST_TFIDF_RISK_SELECTED,SMOTE,GB,4,0.7037037037037037,0.55,0.6111111111111112,0.5789473684210527,0.7453703703703703,0.3525119939553163
jedit-3.2,METRICS_POST_TFIDF_RISK_SELECTED,SMOTE,GB,5,0.7962962962962963,0.6842105263157895,0.7222222222222222,0.7027027027027027,0.8580246913580247,0.5484084971070818
jedit-3.2,METRICS_POST_TFIDF_RISK_SELECTED,BLSMOTE,LR,1,0.6545454545454545,0.4782608695652174,0.6111111111111112,0.5365853658536586,0.7852852852852853,0.2728081531385263
jedit-3.2,METRICS_POST_TFIDF_RISK_SELECTED,BLSMOTE,LR,2,0.7454545454545455,0.5909090909090909,0.7222222222222222,0.65,0.8573573573573573,0.4587596979470412
jedit-3.2,METRICS_POST_TFIDF_RISK_SELECTED,BLSMOTE,LR,3,0.8333333333333334,0.7647058823529411,0.7222222222222222,0.7428571428571429,0.867283950617284,0.620272261878061
jedit-3.2,METRICS_POST_TFIDF_RISK_SELECTED,BLSMOTE,LR,4,0.7407407407407407,0.5833333333333334,0.7777777777777778,0.6666666666666666,0.7345679012345678,0.4743416490252569
jedit-3.2,METRICS_POST_TFIDF_RISK_SELECTED,BLSMOTE,LR,5,0.7407407407407407,0.5769230769230769,0.8333333333333334,0.6818181818181818,0.8333333333333334,0.49793529744291115
jedit-3.2,METRICS_POST_TFIDF_RISK_SELECTED,BLSMOTE,RF,1,0.7272727272727273,0.5882352941176471,0.5555555555555556,0.5714285714285714,0.746996996996997,0.3719944434182391
jedit-3.2,METRICS_POST_TFIDF_RISK_SELECTED,BLSMOTE,RF,2,0.8,0.6842105263157895,0.7222222222222222,0.7027027027027027,0.8483483483483483,0.5526417184843724
jedit-3.2,METRICS_POST_TFIDF_RISK_SELECTED,BLSMOTE,RF,3,0.8333333333333334,0.8,0.6666666666666666,0.7272727272727273,0.8410493827160493,0.6139406135149204
jedit-3.2,METRICS_POST_TFIDF_RISK_SELECTED,BLSMOTE,RF,4,0.7222222222222222,0.5652173913043478,0.7222222222222222,0.6341463414634146,0.7908950617283951,0.4237017130659008
jedit-3.2,METRICS_POST_TFIDF_RISK_SELECTED,BLSMOTE,RF,5,0.7777777777777778,0.6363636363636364,0.7777777777777778,0.7,0.8950617283950617,0.5330017908890261
jedit-3.2,METRICS_POST_TFIDF_RISK_SELECTED,BLSMOTE,ET,1,0.7272727272727273,0.5789473684210527,0.6111111111111112,0.5945945945945946,0.71996996996997,0.38966426799300247
jedit-3.2,METRICS_POST_TFIDF_RISK_SELECTED,BLSMOTE,ET,2,0.8181818181818182,0.7,0.7777777777777778,0.7368421052631579,0.8738738738738738,0.600478859390454
jedit-3.2,METRICS_POST_TFIDF_RISK_SELECTED,BLSMOTE,ET,3,0.8518518518518519,0.7777777777777778,0.7777777777777778,0.7777777777777778,0.8564814814814815,0.6666666666666666
jedit-3.2,METRICS_POST_TFIDF_RISK_SELECTED,BLSMOTE,ET,4,0.7037037037037037,0.5454545454545454,0.6666666666666666,0.6,0.7476851851851851,0.3731012536223182
jedit-3.2,METRICS_POST_TFIDF_RISK_SELECTED,BLSMOTE,ET,5,0.7777777777777778,0.65,0.7222222222222222,0.6842105263157895,0.9158950617283951,0.5152098373193085
jedit-3.2,METRICS_POST_TFIDF_RISK_SELECTED,BLSMOTE,SVM_RBF,1,0.6909090909090909,0.52,0.7222222222222222,0.6046511627906976,0.7387387387387387,0.37495411798057454
jedit-3.2,METRICS_POST_TFIDF_RISK_SELECTED,BLSMOTE,SVM_RBF,2,0.7818181818181819,0.6153846153846154,0.8888888888888888,0.7272727272727273,0.8588588588588588,0.5813991982108335
jedit-3.2,METRICS_POST_TFIDF_RISK_SELECTED,BLSMOTE,SVM_RBF,3,0.7962962962962963,0.7058823529411765,0.6666666666666666,0.6857142857142857,0.8055555555555555,0.5356896807128708
jedit-3.2,METRICS_POST_TFIDF_RISK_SELECTED,BLSMOTE,SVM_RBF,4,0.6666666666666666,0.5,0.6666666666666666,0.5714285714285714,0.7114197530864198,0.31622776601683794
jedit-3.2,METRICS_POST_TFIDF_RISK_SELECTED,BLSMOTE,SVM_RBF,5,0.7407407407407407,0.5769230769230769,0.8333333333333334,0.6818181818181818,0.8518518518518519,0.49793529744291115
jedit-3.2,METRICS_POST_TFIDF_RISK_SELECTED,BLSMOTE,GB,1,0.7090909090909091,0.5625,0.5,0.5294117647058824,0.7507507507507507,0.32110046614028664
jedit-3.2,METRICS_POST_TFIDF_RISK_SELECTED,BLSMOTE,GB,2,0.7636363636363637,0.6086956521739131,0.7777777777777778,0.6829268292682927,0.8558558558558559,0.5084801178917036
jedit-3.2,METRICS_POST_TFIDF_RISK_SELECTED,BLSMOTE,GB,3,0.7777777777777778,0.6666666666666666,0.6666666666666666,0.6666666666666666,0.8433641975308642,0.5
jedit-3.2,METRICS_POST_TFIDF_RISK_SELECTED,BLSMOTE,GB,4,0.6666666666666666,0.5,0.5555555555555556,0.5263157894736842,0.7407407407407407,0.27116307227332026
jedit-3.2,METRICS_POST_TFIDF_RISK_SELECTED,BLSMOTE,GB,5,0.7962962962962963,0.6842105263157895,0.7222222222222222,0.7027027027027027,0.8919753086419753,0.5484084971070818
log4j-1.0,METRICS,NONE,LR,1,0.7777777777777778,0.5,0.3333333333333333,0.4,0.5952380952380952,0.2786391062876764
log4j-1.0,METRICS,NONE,LR,2,0.9259259259259259,1.0,0.7142857142857143,0.8333333333333334,0.9357142857142857,0.8058229640253802
log4j-1.0,METRICS,NONE,LR,3,0.7407407407407407,0.5,0.42857142857142855,0.46153846153846156,0.7,0.29364006844420665
log4j-1.0,METRICS,NONE,LR,4,0.8518518518518519,0.7142857142857143,0.7142857142857143,0.7142857142857143,0.8857142857142858,0.6142857142857143
log4j-1.0,METRICS,NONE,LR,5,0.8518518518518519,0.8,0.5714285714285714,0.6666666666666666,0.8571428571428571,0.5882507637385276
log4j-1.0,METRICS,NONE,RF,1,0.6666666666666666,0.2857142857142857,0.3333333333333333,0.3076923076923077,0.6388888888888888,0.09035079029052513
log4j-1.0,METRICS,NONE,RF,2,0.9259259259259259,1.0,0.7142857142857143,0.8333333333333334,0.7999999999999999,0.8058229640253802
log4j-1.0,METRICS,NONE,RF,3,0.7037037037037037,0.42857142857142855,0.42857142857142855,0.42857142857142855,0.6642857142857144,0.22857142857142856
log4j-1.0,METRICS,NONE,RF,4,0.8148148148148148,0.6666666666666666,0.5714285714285714,0.6153846153846154,0.9071428571428571,0.4969293465978882
log4j-1.0,METRICS,NONE,RF,5,0.7777777777777778,0.6666666666666666,0.2857142857142857,0.4,0.9,0.3286878675669583
log4j-1.0,METRICS,NONE,ET,1,0.6666666666666666,0.2857142857142857,0.3333333333333333,0.3076923076923077,0.5714285714285714,0.09035079029052513
log4j-1.0,METRICS,NONE,ET,2,0.9259259259259259,1.0,0.7142857142857143,0.8333333333333334,0.8714285714285714,0.8058229640253802
log4j-1.0,METRICS,NONE,ET,3,0.7407407407407407,0.5,0.42857142857142855,0.46153846153846156,0.7000000000000001,0.29364006844420665
log4j-1.0,METRICS,NONE,ET,4,0.7777777777777778,0.5714285714285714,0.5714285714285714,0.5714285714285714,0.8571428571428572,0.42142857142857143
log4j-1.0,METRICS,NONE,ET,5,0.7777777777777778,0.6666666666666666,0.2857142857142857,0.4,0.9178571428571428,0.3286878675669583
log4j-1.0,METRICS,NONE,SVM_RBF,1,0.8518518518518519,1.0,0.3333333333333333,0.5,0.6428571428571428,0.5291502622129182
log4j-1.0,METRICS,NONE,SVM_RBF,2,0.8888888888888888,1.0,0.5714285714285714,0.7272727272727273,0.8714285714285714,0.7049073768502414
log4j-1.0,METRICS,NONE,SVM_RBF,3,0.7407407407407407,0.5,0.42857142857142855,0.46153846153846156,0.6357142857142857,0.29364006844420665
log4j-1.0,METRICS,NONE,SVM_RBF,4,0.7037037037037037,0.3333333333333333,0.14285714285714285,0.2,0.8142857142857143,0.05976143046671969
log4j-1.0,METRICS,NONE,SVM_RBF,5,0.7407407407407407,0.5,0.14285714285714285,0.2222222222222222,0.8857142857142857,0.15537971921347116
log4j-1.0,METRICS,NONE,GB,1,0.7037037037037037,0.3333333333333333,0.3333333333333333,0.3333333333333333,0.5634920634920635,0.14285714285714285
log4j-1.0,METRICS,NONE,GB,2,0.8888888888888888,1.0,0.5714285714285714,0.7272727272727273,0.7857142857142857,0.7049073768502414
log4j-1.0,METRICS,NONE,GB,3,0.7037037037037037,0.42857142857142855,0.42857142857142855,0.42857142857142855,0.6071428571428571,0.22857142857142856
log4j-1.0,METRICS,NONE,GB,4,0.8148148148148148,0.625,0.7142857142857143,0.6666666666666666,0.9071428571428571,0.5415533908932432
log4j-1.0,METRICS,NONE,GB,5,0.8518518518518519,0.8,0.5714285714285714,0.6666666666666666,0.9142857142857141,0.5882507637385276
log4j-1.0,METRICS,SMOTE,LR,1,0.6666666666666666,0.2857142857142857,0.3333333333333333,0.3076923076923077,0.5952380952380952,0.09035079029052513
log4j-1.0,METRICS,SMOTE,LR,2,0.8888888888888888,0.8333333333333334,0.7142857142857143,0.7692307692307693,0.9285714285714286,0.7002186247515697
log4j-1.0,METRICS,SMOTE,LR,3,0.6296296296296297,0.36363636363636365,0.5714285714285714,0.4444444444444444,0.7,0.1974882866820799
log4j-1.0,METRICS,SMOTE,LR,4,0.7407407407407407,0.5,0.8571428571428571,0.631578947368421,0.8571428571428571,0.4913538149119954
log4j-1.0,METRICS,SMOTE,LR,5,0.8888888888888888,0.8333333333333334,0.7142857142857143,0.7692307692307693,0.8428571428571427,0.7002186247515697
log4j-1.0,METRICS,SMOTE,RF,1,0.5925925925925926,0.2222222222222222,0.3333333333333333,0.26666666666666666,0.6190476190476191,0.0
log4j-1.0,METRICS,SMOTE,RF,2,0.8888888888888888,0.8333333333333334,0.7142857142857143,0.7692307692307693,0.8785714285714287,0.7002186247515697
log4j-1.0,METRICS,SMOTE,RF,3,0.7407407407407407,0.5,0.5714285714285714,0.5333333333333333,0.6892857142857143,0.3564655231196031
log4j-1.0,METRICS,SMOTE,RF,4,0.7777777777777778,0.5454545454545454,0.8571428571428571,0.6666666666666666,0.9285714285714285,0.5415001409024772
log4j-1.0,METRICS,SMOTE,RF,5,0.8518518518518519,0.8,0.5714285714285714,0.6666666666666666,0.9071428571428571,0.5882507637385276
log4j-1.0,METRICS,SMOTE,ET,1,0.6296296296296297,0.25,0.3333333333333333,0.2857142857142857,0.626984126984127,0.043355498476206004
log4j-1.0,METRICS,SMOTE,ET,2,0.8888888888888888,0.8333333333333334,0.7142857142857143,0.7692307692307693,0.9249999999999999,0.7002186247515697
log4j-1.0,METRICS,SMOTE,ET,3,0.7407407407407407,0.5,0.5714285714285714,0.5333333333333333,0.6857142857142858,0.3564655231196031
log4j-1.0,METRICS,SMOTE,ET,4,0.7777777777777778,0.5454545454545454,0.8571428571428571,0.6666666666666666,0.9142857142857143,0.5415001409024772
log4j-1.0,METRICS,SMOTE,ET,5,0.8148148148148148,0.75,0.42857142857142855,0.5454545454545454,0.8928571428571428,0.4670011371632849
log4j-1.0,METRICS,SMOTE,SVM_RBF,1,0.6666666666666666,0.2857142857142857,0.3333333333333333,0.3076923076923077,0.6587301587301588,0.09035079029052513
log4j-1.0,METRICS,SMOTE,SVM_RBF,2,0.8518518518518519,0.8,0.5714285714285714,0.6666666666666666,0.9142857142857141,0.5882507637385276
log4j-1.0,METRICS,SMOTE,SVM_RBF,3,0.7037037037037037,0.4444444444444444,0.5714285714285714,0.5,0.6285714285714286,0.29880715233359845
log4j-1.0,METRICS,SMOTE,SVM_RBF,4,0.8148148148148148,0.625,0.7142857142857143,0.6666666666666666,0.7857142857142858,0.5415533908932432
log4j-1.0,METRICS,SMOTE,SVM_RBF,5,0.8518518518518519,0.8,0.5714285714285714,0.6666666666666666,0.85,0.5882507637385276
log4j-1.0,METRICS,SMOTE,GB,1,0.6296296296296297,0.25,0.3333333333333333,0.2857142857142857,0.5396825396825397,0.043355498476206004
log4j-1.0,METRICS,SMOTE,GB,2,0.8518518518518519,0.7142857142857143,0.7142857142857143,0.7142857142857143,0.9142857142857143,0.6142857142857143
log4j-1.0,METRICS,SMOTE,GB,3,0.7407407407407407,0.5,0.5714285714285714,0.5333333333333333,0.6785714285714286,0.3564655231196031
log4j-1.0,METRICS,SMOTE,GB,4,0.7407407407407407,0.5,0.8571428571428571,0.631578947368421,0.8571428571428572,0.4913538149119954
log4j-1.0,METRICS,SMOTE,GB,5,0.7777777777777778,0.6666666666666666,0.2857142857142857,0.4,0.8714285714285714,0.3286878675669583
log4j-1.0,METRICS,BLSMOTE,LR,1,0.6666666666666666,0.2857142857142857,0.3333333333333333,0.3076923076923077,0.5952380952380952,0.09035079029052513
log4j-1.0,METRICS,BLSMOTE,LR,2,0.8888888888888888,0.8333333333333334,0.7142857142857143,0.7692307692307693,0.9142857142857143,0.7002186247515697
log4j-1.0,METRICS,BLSMOTE,LR,3,0.5925925925925926,0.3333333333333333,0.5714285714285714,0.42105263157894735,0.7071428571428572,0.15118578920369088
log4j-1.0,METRICS,BLSMOTE,LR,4,0.6666666666666666,0.4166666666666667,0.7142857142857143,0.5263157894736842,0.75,0.32126980205784317
log4j-1.0,METRICS,BLSMOTE,LR,5,0.7777777777777778,0.5714285714285714,0.5714285714285714,0.5714285714285714,0.8071428571428572,0.42142857142857143
log4j-1.0,METRICS,BLSMOTE,RF,1,0.5925925925925926,0.2222222222222222,0.3333333333333333,0.26666666666666666,0.626984126984127,0.0
log4j-1.0,METRICS,BLSMOTE,RF,2,0.9259259259259259,1.0,0.7142857142857143,0.8333333333333334,0.8392857142857143,0.8058229640253802
log4j-1.0,METRICS,BLSMOTE,RF,3,0.7407407407407407,0.5,0.7142857142857143,0.5882352941176471,0.6892857142857142,0.42133242030890683
log4j-1.0,METRICS,BLSMOTE,RF,4,0.8148148148148148,0.6,0.8571428571428571,0.7058823529411765,0.8928571428571428,0.5963474256679911
log4j-1.0,METRICS,BLSMOTE,RF,5,0.8518518518518519,0.8,0.5714285714285714,0.6666666666666666,0.8928571428571429,0.5882507637385276
log4j-1.0,METRICS,BLSMOTE,ET,1,0.6296296296296297,0.25,0.3333333333333333,0.2857142857142857,0.5912698412698413,0.043355498476206004
log4j-1.0,METRICS,BLSMOTE,ET,2,0.9259259259259259,1.0,0.7142857142857143,0.8333333333333334,0.8928571428571429,0.8058229640253802
log4j-1.0,METRICS,BLSMOTE,ET,3,0.7777777777777778,0.5555555555555556,0.7142857142857143,0.625,0.725,0.4780914437337575
log4j-1.0,METRICS,BLSMOTE,ET,4,0.7777777777777778,0.5454545454545454,0.8571428571428571,0.6666666666666666,0.9035714285714285,0.5415001409024772
log4j-1.0,METRICS,BLSMOTE,ET,5,0.7777777777777778,0.6666666666666666,0.2857142857142857,0.4,0.8571428571428571,0.3286878675669583
log4j-1.0,METRICS,BLSMOTE,SVM_RBF,1,0.6296296296296297,0.25,0.3333333333333333,0.2857142857142857,0.6587301587301587,0.043355498476206004
log4j-1.0,METRICS,BLSMOTE,SVM_RBF,2,0.8148148148148148,1.0,0.2857142857142857,0.4444444444444444,0.8714285714285714,0.47809144373375745
log4j-1.0,METRICS,BLSMOTE,SVM_RBF,3,0.6666666666666666,0.4,0.5714285714285714,0.47058823529411764,0.5928571428571427,0.24631741494982246
log4j-1.0,METRICS,BLSMOTE,SVM_RBF,4,0.7407407407407407,0.5,0.7142857142857143,0.5882352941176471,0.7285714285714285,0.42133242030890683
log4j-1.0,METRICS,BLSMOTE,SVM_RBF,5,0.7037037037037037,0.3333333333333333,0.14285714285714285,0.2,0.7857142857142857,0.05976143046671969
log4j-1.0,METRICS,BLSMOTE,GB,1,0.7037037037037037,0.3333333333333333,0.3333333333333333,0.3333333333333333,0.5158730158730158,0.14285714285714285
log4j-1.0,METRICS,BLSMOTE,GB,2,0.8518518518518519,0.8,0.5714285714285714,0.6666666666666666,0.7785714285714286,0.5882507637385276
log4j-1.0,METRICS,BLSMOTE,GB,3,0.7407407407407407,0.5,0.7142857142857143,0.5882352941176471,0.6714285714285715,0.42133242030890683
log4j-1.0,METRICS,BLSMOTE,GB,4,0.7777777777777778,0.5454545454545454,0.8571428571428571,0.6666666666666666,0.8785714285714286,0.5415001409024772
log4j-1.0,METRICS,BLSMOTE,GB,5,0.8148148148148148,0.75,0.42857142857142855,0.5454545454545454,0.8857142857142858,0.4670011371632849
log4j-1.0,POST_TFIDF,NONE,LR,1,0.7777777777777778,0.5,0.16666666666666666,0.25,0.6785714285714286,0.18898223650461363
log4j-1.0,POST_TFIDF,NONE,LR,2,0.7407407407407407,0.0,0.0,0.0,0.8321428571428572,0.0
log4j-1.0,POST_TFIDF,NONE,LR,3,0.7407407407407407,0.0,0.0,0.0,0.6857142857142857,0.0
log4j-1.0,POST_TFIDF,NONE,LR,4,0.7407407407407407,0.0,0.0,0.0,0.9285714285714286,0.0
log4j-1.0,POST_TFIDF,NONE,LR,5,0.7407407407407407,0.0,0.0,0.0,0.85,0.0
log4j-1.0,POST_TFIDF,NONE,RF,1,0.7407407407407407,0.4,0.3333333333333333,0.36363636363636365,0.7261904761904763,0.20385887657505022
log4j-1.0,POST_TFIDF,NONE,RF,2,0.8518518518518519,0.8,0.5714285714285714,0.6666666666666666,0.7321428571428573,0.5882507637385276
log4j-1.0,POST_TFIDF,NONE,RF,3,0.7777777777777778,0.5714285714285714,0.5714285714285714,0.5714285714285714,0.65,0.42142857142857143
log4j-1.0,POST_TFIDF,NONE,RF,4,0.7777777777777778,0.5714285714285714,0.5714285714285714,0.5714285714285714,0.85,0.42142857142857143
log4j-1.0,POST_TFIDF,NONE,RF,5,0.7777777777777778,0.6666666666666666,0.2857142857142857,0.4,0.8428571428571429,0.3286878675669583
log4j-1.0,POST_TFIDF,NONE,ET,1,0.7407407407407407,0.4,0.3333333333333333,0.36363636363636365,0.6031746031746031,0.20385887657505022
log4j-1.0,POST_TFIDF,NONE,ET,2,0.8148148148148148,1.0,0.2857142857142857,0.4444444444444444,0.7142857142857143,0.47809144373375745
log4j-1.0,POST_TFIDF,NONE,ET,3,0.7407407407407407,0.5,0.2857142857142857,0.36363636363636365,0.6428571428571428,0.22909489747632844
log4j-1.0,POST_TFIDF,NONE,ET,4,0.7407407407407407,0.5,0.42857142857142855,0.46153846153846156,0.7642857142857142,0.29364006844420665
log4j-1.0,POST_TFIDF,NONE,ET,5,0.7407407407407407,0.5,0.14285714285714285,0.2222222222222222,0.8499999999999999,0.15537971921347116
log4j-1.0,POST_TFIDF,NONE,SVM_RBF,1,0.8148148148148148,0.6666666666666666,0.3333333333333333,0.4444444444444444,0.6944444444444444,0.3779644730092272
log4j-1.0,POST_TFIDF,NONE,SVM_RBF,2,0.8148148148148148,1.0,0.2857142857142857,0.4444444444444444,0.8,0.47809144373375745
log4j-1.0,POST_TFIDF,NONE,SVM_RBF,3,0.7777777777777778,0.6,0.42857142857142855,0.5,0.7071428571428571,0.37067856345167494
log4j-1.0,POST_TFIDF,NONE,SVM_RBF,4,0.8888888888888888,1.0,0.5714285714285714,0.7272727272727273,0.9428571428571428,0.7049073768502414
log4j-1.0,POST_TFIDF,NONE,SVM_RBF,5,0.8888888888888888,0.8333333333333334,0.7142857142857143,0.7692307692307693,0.8285714285714285,0.7002186247515697
log4j-1.0,POST_TFIDF,NONE,GB,1,0.7407407407407407,0.4,0.3333333333333333,0.36363636363636365,0.6309523809523809,0.20385887657505022
log4j-1.0,POST_TFIDF,NONE,GB,2,0.7777777777777778,0.6,0.42857142857142855,0.5,0.6642857142857143,0.37067856345167494
log4j-1.0,POST_TFIDF,NONE,GB,3,0.7407407407407407,0.5,0.5714285714285714,0.5333333333333333,0.65,0.3564655231196031
log4j-1.0,POST_TFIDF,NONE,GB,4,0.7407407407407407,0.5,0.7142857142857143,0.5882352941176471,0.8714285714285714,0.42133242030890683
log4j-1.0,POST_TFIDF,NONE,GB,5,0.8148148148148148,0.75,0.42857142857142855,0.5454545454545454,0.7642857142857143,0.4670011371632849
log4j-1.0,POST_TFIDF,SMOTE,LR,1,0.7037037037037037,0.375,0.5,0.42857142857142855,0.6785714285714286,0.238455241619133
log4j-1.0,POST_TFIDF,SMOTE,LR,2,0.8518518518518519,0.7142857142857143,0.7142857142857143,0.7142857142857143,0.8392857142857143,0.6142857142857143
log4j-1.0,POST_TFIDF,SMOTE,LR,3,0.6666666666666666,0.4166666666666667,0.7142857142857143,0.5263157894736842,0.7,0.32126980205784317
log4j-1.0,POST_TFIDF,SMOTE,LR,4,0.8148148148148148,0.5833333333333334,1.0,0.7368421052631579,0.9142857142857143,0.6614378277661477
log4j-1.0,POST_TFIDF,SMOTE,LR,5,0.8888888888888888,0.8333333333333334,0.7142857142857143,0.7692307692307693,0.8357142857142857,0.7002186247515697
log4j-1.0,POST_TFIDF,SMOTE,RF,1,0.7407407407407407,0.4,0.3333333333333333,0.36363636363636365,0.623015873015873,0.20385887657505022
log4j-1.0,POST_TFIDF,SMOTE,RF,2,0.8518518518518519,0.7142857142857143,0.7142857142857143,0.7142857142857143,0.742857142857143,0.6142857142857143
log4j-1.0,POST_TFIDF,SMOTE,RF,3,0.7037037037037037,0.4444444444444444,0.5714285714285714,0.5,0.6357142857142858,0.29880715233359845
log4j-1.0,POST_TFIDF,SMOTE,RF,4,0.7037037037037037,0.45454545454545453,0.7142857142857143,0.5555555555555556,0.8071428571428572,0.36949421379227854
log4j-1.0,POST_TFIDF,SMOTE,RF,5,0.8518518518518519,0.8,0.5714285714285714,0.6666666666666666,0.8499999999999999,0.5882507637385276
log4j-1.0,POST_TFIDF,SMOTE,ET,1,0.7777777777777778,0.5,0.3333333333333333,0.4,0.5714285714285715,0.2786391062876764
log4j-1.0,POST_TFIDF,SMOTE,ET,2,0.8148148148148148,1.0,0.2857142857142857,0.4444444444444444,0.7428571428571429,0.47809144373375745
log4j-1.0,POST_TFIDF,SMOTE,ET,3,0.7037037037037037,0.42857142857142855,0.42857142857142855,0.42857142857142855,0.6535714285714286,0.22857142857142856
log4j-1.0,POST_TFIDF,SMOTE,ET,4,0.7777777777777778,0.5555555555555556,0.7142857142857143,0.625,0.8285714285714286,0.4780914437337575
log4j-1.0,POST_TFIDF,SMOTE,ET,5,0.8148148148148148,0.75,0.42857142857142855,0.5454545454545454,0.8142857142857143,0.4670011371632849
log4j-1.0,POST_TFIDF,SMOTE,SVM_RBF,1,0.7407407407407407,0.42857142857142855,0.5,0.46153846153846156,0.7103174603174603,0.29364006844420665
log4j-1.0,POST_TFIDF,SMOTE,SVM_RBF,2,0.8518518518518519,0.7142857142857143,0.7142857142857143,0.7142857142857143,0.8285714285714285,0.6142857142857143
log4j-1.0,POST_TFIDF,SMOTE,SVM_RBF,3,0.6296296296296297,0.36363636363636365,0.5714285714285714,0.4444444444444444,0.6857142857142857,0.1974882866820799
log4j-1.0,POST_TFIDF,SMOTE,SVM_RBF,4,0.7777777777777778,0.5384615384615384,1.0,0.7,0.8571428571428571,0.6139406135149205
log4j-1.0,POST_TFIDF,SMOTE,SVM_RBF,5,0.8888888888888888,0.8333333333333334,0.7142857142857143,0.7692307692307693,0.8214285714285714,0.7002186247515697
log4j-1.0,POST_TFIDF,SMOTE,GB,1,0.7037037037037037,0.3333333333333333,0.3333333333333333,0.3333333333333333,0.5753968253968254,0.14285714285714285
log4j-1.0,POST_TFIDF,SMOTE,GB,2,0.7407407407407407,0.5,0.42857142857142855,0.46153846153846156,0.6928571428571428,0.29364006844420665
log4j-1.0,POST_TFIDF,SMOTE,GB,3,0.6666666666666666,0.4,0.5714285714285714,0.47058823529411764,0.6928571428571428,0.24631741494982246
log4j-1.0,POST_TFIDF,SMOTE,GB,4,0.5925925925925926,0.3,0.42857142857142855,0.35294117647058826,0.7571428571428571,0.07130240959073808
log4j-1.0,POST_TFIDF,SMOTE,GB,5,0.8518518518518519,0.8,0.5714285714285714,0.6666666666666666,0.7,0.5882507637385276
log4j-1.0,POST_TFIDF,BLSMOTE,LR,1,0.6666666666666666,0.36363636363636365,0.6666666666666666,0.47058823529411764,0.6944444444444444,0.2820380374088831
log4j-1.0,POST_TFIDF,BLSMOTE,LR,2,0.8518518518518519,0.7142857142857143,0.7142857142857143,0.7142857142857143,0.825,0.6142857142857143
log4j-1.0,POST_TFIDF,BLSMOTE,LR,3,0.6296296296296297,0.38461538461538464,0.7142857142857143,0.5,0.7142857142857143,0.27564680606792347
log4j-1.0,POST_TFIDF,BLSMOTE,LR,4,0.8148148148148148,0.5833333333333334,1.0,0.7368421052631579,0.8285714285714286,0.6614378277661477
log4j-1.0,POST_TFIDF,BLSMOTE,LR,5,0.7777777777777778,0.5555555555555556,0.7142857142857143,0.625,0.7642857142857142,0.4780914437337575
log4j-1.0,POST_TFIDF,BLSMOTE,RF,1,0.7037037037037037,0.3333333333333333,0.3333333333333333,0.3333333333333333,0.6309523809523809,0.14285714285714285
log4j-1.0,POST_TFIDF,BLSMOTE,RF,2,0.8518518518518519,0.7142857142857143,0.7142857142857143,0.7142857142857143,0.7357142857142858,0.6142857142857143
log4j-1.0,POST_TFIDF,BLSMOTE,RF,3,0.6666666666666666,0.375,0.42857142857142855,0.4,0.6285714285714286,0.17137765534596305
log4j-1.0,POST_TFIDF,BLSMOTE,RF,4,0.6666666666666666,0.4,0.5714285714285714,0.47058823529411764,0.7714285714285714,0.24631741494982246
log4j-1.0,POST_TFIDF,BLSMOTE,RF,5,0.8148148148148148,0.75,0.42857142857142855,0.5454545454545454,0.8357142857142856,0.4670011371632849
log4j-1.0,POST_TFIDF,BLSMOTE,ET,1,0.7407407407407407,0.4,0.3333333333333333,0.36363636363636365,0.5555555555555556,0.20385887657505022
log4j-1.0,POST_TFIDF,BLSMOTE,ET,2,0.8148148148148148,0.75,0.42857142857142855,0.5454545454545454,0.7357142857142858,0.4670011371632849
log4j-1.0,POST_TFIDF,BLSMOTE,ET,3,0.6666666666666666,0.375,0.42857142857142855,0.4,0.6357142857142857,0.17137765534596305
log4j-1.0,POST_TFIDF,BLSMOTE,ET,4,0.6296296296296297,0.36363636363636365,0.5714285714285714,0.4444444444444444,0.7714285714285714,0.1974882866820799
log4j-1.0,POST_TFIDF,BLSMOTE,ET,5,0.7407407407407407,0.5,0.2857142857142857,0.36363636363636365,0.8357142857142856,0.22909489747632844
log4j-1.0,POST_TFIDF,BLSMOTE,SVM_RBF,1,0.7037037037037037,0.375,0.5,0.42857142857142855,0.7023809523809524,0.238455241619133
log4j-1.0,POST_TFIDF,BLSMOTE,SVM_RBF,2,0.8518518518518519,0.7142857142857143,0.7142857142857143,0.7142857142857143,0.7714285714285715,0.6142857142857143
log4j-1.0,POST_TFIDF,BLSMOTE,SVM_RBF,3,0.6296296296296297,0.38461538461538464,0.7142857142857143,0.5,0.7071428571428572,0.27564680606792347
log4j-1.0,POST_TFIDF,BLSMOTE,SVM_RBF,4,0.8148148148148148,0.5833333333333334,1.0,0.7368421052631579,0.8357142857142856,0.6614378277661477
log4j-1.0,POST_TFIDF,BLSMOTE,SVM_RBF,5,0.7037037037037037,0.45454545454545453,0.7142857142857143,0.5555555555555556,0.7857142857142857,0.36949421379227854
log4j-1.0,POST_TFIDF,BLSMOTE,GB,1,0.7407407407407407,0.4,0.3333333333333333,0.36363636363636365,0.6785714285714285,0.20385887657505022
log4j-1.0,POST_TFIDF,BLSMOTE,GB,2,0.7777777777777778,0.6,0.42857142857142855,0.5,0.6642857142857143,0.37067856345167494
log4j-1.0,POST_TFIDF,BLSMOTE,GB,3,0.6666666666666666,0.4,0.5714285714285714,0.47058823529411764,0.5785714285714287,0.24631741494982246
log4j-1.0,POST_TFIDF,BLSMOTE,GB,4,0.6666666666666666,0.4,0.5714285714285714,0.47058823529411764,0.7857142857142857,0.24631741494982246
log4j-1.0,POST_TFIDF,BLSMOTE,GB,5,0.7407407407407407,0.5,0.2857142857142857,0.36363636363636365,0.6285714285714286,0.22909489747632844
log4j-1.0,RISK_FEATURES,NONE,LR,1,0.7777777777777778,0.5,0.5,0.5,0.7103174603174603,0.35714285714285715
log4j-1.0,RISK_FEATURES,NONE,LR,2,0.7777777777777778,1.0,0.14285714285714285,0.25,0.8214285714285714,0.33149677206589795
log4j-1.0,RISK_FEATURES,NONE,LR,3,0.7407407407407407,0.5,0.7142857142857143,0.5882352941176471,0.7464285714285714,0.42133242030890683
log4j-1.0,RISK_FEATURES,NONE,LR,4,0.7407407407407407,0.5,0.2857142857142857,0.36363636363636365,0.875,0.22909489747632844
log4j-1.0,RISK_FEATURES,NONE,LR,5,0.8518518518518519,0.8,0.5714285714285714,0.6666666666666666,0.925,0.5882507637385276
log4j-1.0,RISK_FEATURES,NONE,RF,1,0.7037037037037037,0.375,0.5,0.42857142857142855,0.6785714285714286,0.238455241619133
log4j-1.0,RISK_FEATURES,NONE,RF,2,0.7407407407407407,0.0,0.0,0.0,0.8642857142857142,0.0
log4j-1.0,RISK_FEATURES,NONE,RF,3,0.7407407407407407,0.5,0.7142857142857143,0.5882352941176471,0.7142857142857142,0.42133242030890683
log4j-1.0,RISK_FEATURES,NONE,RF,4,0.7777777777777778,0.5714285714285714,0.5714285714285714,0.5714285714285714,0.8607142857142857,0.42142857142857143
log4j-1.0,RISK_FEATURES,NONE,RF,5,0.8518518518518519,0.8,0.5714285714285714,0.6666666666666666,0.8464285714285714,0.5882507637385276
log4j-1.0,RISK_FEATURES,NONE,ET,1,0.7037037037037037,0.375,0.5,0.42857142857142855,0.6746031746031746,0.238455241619133
log4j-1.0,RISK_FEATURES,NONE,ET,2,0.7407407407407407,0.0,0.0,0.0,0.8928571428571428,0.0
log4j-1.0,RISK_FEATURES,NONE,ET,3,0.7407407407407407,0.5,0.7142857142857143,0.5882352941176471,0.7464285714285714,0.42133242030890683
log4j-1.0,RISK_FEATURES,NONE,ET,4,0.7777777777777778,0.5714285714285714,0.5714285714285714,0.5714285714285714,0.8821428571428572,0.42142857142857143
log4j-1.0,RISK_FEATURES,NONE,ET,5,0.8518518518518519,0.8,0.5714285714285714,0.6666666666666666,0.8678571428571429,0.5882507637385276
log4j-1.0,RISK_FEATURES,NONE,SVM_RBF,1,0.7037037037037037,0.375,0.5,0.42857142857142855,0.7103174603174602,0.238455241619133
log4j-1.0,RISK_FEATURES,NONE,SVM_RBF,2,0.7407407407407407,0.0,0.0,0.0,0.8142857142857143,0.0
log4j-1.0,RISK_FEATURES,NONE,SVM_RBF,3,0.7037037037037037,0.4444444444444444,0.5714285714285714,0.5,0.7392857142857142,0.29880715233359845
log4j-1.0,RISK_FEATURES,NONE,SVM_RBF,4,0.7777777777777778,0.5714285714285714,0.5714285714285714,0.5714285714285714,0.7678571428571428,0.42142857142857143
log4j-1.0,RISK_FEATURES,NONE,SVM_RBF,5,0.8518518518518519,0.8,0.5714285714285714,0.6666666666666666,0.7035714285714285,0.5882507637385276
log4j-1.0,RISK_FEATURES,NONE,GB,1,0.7037037037037037,0.375,0.5,0.42857142857142855,0.6468253968253967,0.238455241619133
log4j-1.0,RISK_FEATURES,NONE,GB,2,0.7407407407407407,0.0,0.0,0.0,0.8857142857142857,0.0
log4j-1.0,RISK_FEATURES,NONE,GB,3,0.7407407407407407,0.5,0.7142857142857143,0.5882352941176471,0.7464285714285714,0.42133242030890683
log4j-1.0,RISK_FEATURES,NONE,GB,4,0.7777777777777778,0.5714285714285714,0.5714285714285714,0.5714285714285714,0.8821428571428571,0.42142857142857143
log4j-1.0,RISK_FEATURES,NONE,GB,5,0.8518518518518519,0.8,0.5714285714285714,0.6666666666666666,0.8464285714285714,0.5882507637385276
log4j-1.0,RISK_FEATURES,SMOTE,LR,1,0.7037037037037037,0.4,0.6666666666666666,0.5,0.7103174603174603,0.32796802467631514
log4j-1.0,RISK_FEATURES,SMOTE,LR,2,0.8148148148148148,0.625,0.7142857142857143,0.6666666666666666,0.8428571428571429,0.5415533908932432
log4j-1.0,RISK_FEATURES,SMOTE,LR,3,0.6296296296296297,0.38461538461538464,0.7142857142857143,0.5,0.6821428571428572,0.27564680606792347
log4j-1.0,RISK_FEATURES,SMOTE,LR,4,0.7777777777777778,0.5384615384615384,1.0,0.7,0.8785714285714286,0.6139406135149205
log4j-1.0,RISK_FEATURES,SMOTE,LR,5,0.8888888888888888,0.8333333333333334,0.7142857142857143,0.7692307692307693,0.9071428571428571,0.7002186247515697
log4j-1.0,RISK_FEATURES,SMOTE,RF,1,0.6296296296296297,0.3333333333333333,0.6666666666666666,0.4444444444444444,0.6626984126984127,0.23904572186687875
log4j-1.0,RISK_FEATURES,SMOTE,RF,2,0.8518518518518519,0.8,0.5714285714285714,0.6666666666666666,0.8642857142857142,0.5882507637385276
log4j-1.0,RISK_FEATURES,SMOTE,RF,3,0.6666666666666666,0.42857142857142855,0.8571428571428571,0.5714285714285714,0.6928571428571428,0.40094080882607047
log4j-1.0,RISK_FEATURES,SMOTE,RF,4,0.8148148148148148,0.5833333333333334,1.0,0.7368421052631579,0.8821428571428571,0.6614378277661477
log4j-1.0,RISK_FEATURES,SMOTE,RF,5,0.8888888888888888,0.8333333333333334,0.7142857142857143,0.7692307692307693,0.8464285714285714,0.7002186247515697
log4j-1.0,RISK_FEATURES,SMOTE,ET,1,0.6296296296296297,0.3333333333333333,0.6666666666666666,0.4444444444444444,0.6587301587301588,0.23904572186687875
log4j-1.0,RISK_FEATURES,SMOTE,ET,2,0.8518518518518519,0.8,0.5714285714285714,0.6666666666666666,0.8928571428571428,0.5882507637385276
log4j-1.0,RISK_FEATURES,SMOTE,ET,3,0.6666666666666666,0.42857142857142855,0.8571428571428571,0.5714285714285714,0.7464285714285714,0.40094080882607047
log4j-1.0,RISK_FEATURES,SMOTE,ET,4,0.8518518518518519,0.6363636363636364,1.0,0.7777777777777778,0.9035714285714287,0.7135060680126758
log4j-1.0,RISK_FEATURES,SMOTE,ET,5,0.8888888888888888,0.8333333333333334,0.7142857142857143,0.7692307692307693,0.8678571428571429,0.7002186247515697
log4j-1.0,RISK_FEATURES,SMOTE,SVM_RBF,1,0.6296296296296297,0.3333333333333333,0.6666666666666666,0.4444444444444444,0.5912698412698413,0.23904572186687875
log4j-1.0,RISK_FEATURES,SMOTE,SVM_RBF,2,0.8148148148148148,0.625,0.7142857142857143,0.6666666666666666,0.7285714285714286,0.5415533908932432
log4j-1.0,RISK_FEATURES,SMOTE,SVM_RBF,3,0.6296296296296297,0.38461538461538464,0.7142857142857143,0.5,0.7464285714285714,0.27564680606792347
log4j-1.0,RISK_FEATURES,SMOTE,SVM_RBF,4,0.8518518518518519,0.6363636363636364,1.0,0.7777777777777778,0.8607142857142858,0.7135060680126758
log4j-1.0,RISK_FEATURES,SMOTE,SVM_RBF,5,0.8888888888888888,0.8333333333333334,0.7142857142857143,0.7692307692307693,0.8964285714285715,0.7002186247515697
log4j-1.0,RISK_FEATURES,SMOTE,GB,1,0.6296296296296297,0.3333333333333333,0.6666666666666666,0.4444444444444444,0.6309523809523809,0.23904572186687875
log4j-1.0,RISK_FEATURES,SMOTE,GB,2,0.8518518518518519,0.8,0.5714285714285714,0.6666666666666666,0.9,0.5882507637385276
log4j-1.0,RISK_FEATURES,SMOTE,GB,3,0.6666666666666666,0.42857142857142855,0.8571428571428571,0.5714285714285714,0.7464285714285714,0.40094080882607047
log4j-1.0,RISK_FEATURES,SMOTE,GB,4,0.8518518518518519,0.6363636363636364,1.0,0.7777777777777778,0.9035714285714286,0.7135060680126758
log4j-1.0,RISK_FEATURES,SMOTE,GB,5,0.8888888888888888,0.8333333333333334,0.7142857142857143,0.7692307692307693,0.8464285714285714,0.7002186247515697
log4j-1.0,RISK_FEATURES,BLSMOTE,LR,1,0.6296296296296297,0.3333333333333333,0.6666666666666666,0.4444444444444444,0.6865079365079364,0.23904572186687875
log4j-1.0,RISK_FEATURES,BLSMOTE,LR,2,0.6666666666666666,0.4166666666666667,0.7142857142857143,0.5263157894736842,0.8357142857142856,0.32126980205784317
log4j-1.0,RISK_FEATURES,BLSMOTE,LR,3,0.6296296296296297,0.38461538461538464,0.7142857142857143,0.5,0.6857142857142857,0.27564680606792347
log4j-1.0,RISK_FEATURES,BLSMOTE,LR,4,0.7407407407407407,0.5,1.0,0.6666666666666666,0.8392857142857143,0.570087712549569
log4j-1.0,RISK_FEATURES,BLSMOTE,LR,5,0.8888888888888888,0.8333333333333334,0.7142857142857143,0.7692307692307693,0.8285714285714285,0.7002186247515697
log4j-1.0,RISK_FEATURES,BLSMOTE,RF,1,0.6296296296296297,0.3333333333333333,0.6666666666666666,0.4444444444444444,0.6150793650793651,0.23904572186687875
log4j-1.0,RISK_FEATURES,BLSMOTE,RF,2,0.7777777777777778,0.5714285714285714,0.5714285714285714,0.5714285714285714,0.8642857142857142,0.42142857142857143
log4j-1.0,RISK_FEATURES,BLSMOTE,RF,3,0.6296296296296297,0.38461538461538464,0.7142857142857143,0.5,0.5928571428571429,0.27564680606792347
log4j-1.0,RISK_FEATURES,BLSMOTE,RF,4,0.8518518518518519,0.6363636363636364,1.0,0.7777777777777778,0.8821428571428571,0.7135060680126758
log4j-1.0,RISK_FEATURES,BLSMOTE,RF,5,0.8888888888888888,0.8333333333333334,0.7142857142857143,0.7692307692307693,0.8535714285714285,0.7002186247515697
log4j-1.0,RISK_FEATURES,BLSMOTE,ET,1,0.6296296296296297,0.3333333333333333,0.6666666666666666,0.4444444444444444,0.6349206349206349,0.23904572186687875
log4j-1.0,RISK_FEATURES,BLSMOTE,ET,2,0.7777777777777778,0.5714285714285714,0.5714285714285714,0.5714285714285714,0.8714285714285714,0.42142857142857143
log4j-1.0,RISK_FEATURES,BLSMOTE,ET,3,0.6296296296296297,0.38461538461538464,0.7142857142857143,0.5,0.6642857142857143,0.27564680606792347
log4j-1.0,RISK_FEATURES,BLSMOTE,ET,4,0.8518518518518519,0.6363636363636364,1.0,0.7777777777777778,0.8821428571428572,0.7135060680126758
log4j-1.0,RISK_FEATURES,BLSMOTE,ET,5,0.8888888888888888,0.8333333333333334,0.7142857142857143,0.7692307692307693,0.875,0.7002186247515697
log4j-1.0,RISK_FEATURES,BLSMOTE,SVM_RBF,1,0.6296296296296297,0.3333333333333333,0.6666666666666666,0.4444444444444444,0.623015873015873,0.23904572186687875
log4j-1.0,RISK_FEATURES,BLSMOTE,SVM_RBF,2,0.8148148148148148,0.625,0.7142857142857143,0.6666666666666666,0.7428571428571429,0.5415533908932432
log4j-1.0,RISK_FEATURES,BLSMOTE,SVM_RBF,3,0.48148148148148145,0.3157894736842105,0.8571428571428571,0.46153846153846156,0.6821428571428572,0.19879808020131712
log4j-1.0,RISK_FEATURES,BLSMOTE,SVM_RBF,4,0.7037037037037037,0.4666666666666667,1.0,0.6363636363636364,0.7964285714285714,0.5291502622129182
log4j-1.0,RISK_FEATURES,BLSMOTE,SVM_RBF,5,0.8888888888888888,0.8333333333333334,0.7142857142857143,0.7692307692307693,0.8035714285714285,0.7002186247515697
log4j-1.0,RISK_FEATURES,BLSMOTE,GB,1,0.6296296296296297,0.3333333333333333,0.6666666666666666,0.4444444444444444,0.6071428571428571,0.23904572186687875
log4j-1.0,RISK_FEATURES,BLSMOTE,GB,2,0.7777777777777778,0.5714285714285714,0.5714285714285714,0.5714285714285714,0.8714285714285714,0.42142857142857143
log4j-1.0,RISK_FEATURES,BLSMOTE,GB,3,0.6296296296296297,0.38461538461538464,0.7142857142857143,0.5,0.6821428571428572,0.27564680606792347
log4j-1.0,RISK_FEATURES,BLSMOTE,GB,4,0.8518518518518519,0.6363636363636364,1.0,0.7777777777777778,0.8821428571428571,0.7135060680126758
log4j-1.0,RISK_FEATURES,BLSMOTE,GB,5,0.8888888888888888,0.8333333333333334,0.7142857142857143,0.7692307692307693,0.8535714285714285,0.7002186247515697
log4j-1.0,METRICS_RISK,NONE,LR,1,0.7777777777777778,0.5,0.3333333333333333,0.4,0.6507936507936508,0.2786391062876764
log4j-1.0,METRICS_RISK,NONE,LR,2,0.9259259259259259,1.0,0.7142857142857143,0.8333333333333334,0.9357142857142857,0.8058229640253802
log4j-1.0,METRICS_RISK,NONE,LR,3,0.7407407407407407,0.5,0.42857142857142855,0.46153846153846156,0.7428571428571428,0.29364006844420665
log4j-1.0,METRICS_RISK,NONE,LR,4,0.8148148148148148,0.6666666666666666,0.5714285714285714,0.6153846153846154,0.8785714285714286,0.4969293465978882
log4j-1.0,METRICS_RISK,NONE,LR,5,0.7777777777777778,0.6666666666666666,0.2857142857142857,0.4,0.8571428571428571,0.3286878675669583
log4j-1.0,METRICS_RISK,NONE,RF,1,0.7407407407407407,0.4,0.3333333333333333,0.36363636363636365,0.6666666666666666,0.20385887657505022
log4j-1.0,METRICS_RISK,NONE,RF,2,0.9259259259259259,1.0,0.7142857142857143,0.8333333333333334,0.7857142857142857,0.8058229640253802
log4j-1.0,METRICS_RISK,NONE,RF,3,0.7037037037037037,0.42857142857142855,0.42857142857142855,0.42857142857142855,0.6535714285714286,0.22857142857142856
log4j-1.0,METRICS_RISK,NONE,RF,4,0.8518518518518519,0.7142857142857143,0.7142857142857143,0.7142857142857143,0.9214285714285714,0.6142857142857143
log4j-1.0,METRICS_RISK,NONE,RF,5,0.8148148148148148,0.75,0.42857142857142855,0.5454545454545454,0.8785714285714286,0.4670011371632849
log4j-1.0,METRICS_RISK,NONE,ET,1,0.7037037037037037,0.3333333333333333,0.3333333333333333,0.3333333333333333,0.5396825396825397,0.14285714285714285
log4j-1.0,METRICS_RISK,NONE,ET,2,0.9259259259259259,1.0,0.7142857142857143,0.8333333333333334,0.8071428571428572,0.8058229640253802
log4j-1.0,METRICS_RISK,NONE,ET,3,0.7037037037037037,0.42857142857142855,0.42857142857142855,0.42857142857142855,0.675,0.22857142857142856
log4j-1.0,METRICS_RISK,NONE,ET,4,0.8148148148148148,0.625,0.7142857142857143,0.6666666666666666,0.8285714285714285,0.5415533908932432
log4j-1.0,METRICS_RISK,NONE,ET,5,0.7777777777777778,0.6666666666666666,0.2857142857142857,0.4,0.8785714285714286,0.3286878675669583
log4j-1.0,METRICS_RISK,NONE,SVM_RBF,1,0.8518518518518519,0.75,0.5,0.6,0.6825396825396827,0.5294143019465852
log4j-1.0,METRICS_RISK,NONE,SVM_RBF,2,0.8888888888888888,1.0,0.5714285714285714,0.7272727272727273,0.7642857142857143,0.7049073768502414
log4j-1.0,METRICS_RISK,NONE,SVM_RBF,3,0.7407407407407407,0.5,0.42857142857142855,0.46153846153846156,0.7071428571428572,0.29364006844420665
log4j-1.0,METRICS_RISK,NONE,SVM_RBF,4,0.7037037037037037,0.3333333333333333,0.14285714285714285,0.2,0.8142857142857142,0.05976143046671969
log4j-1.0,METRICS_RISK,NONE,SVM_RBF,5,0.7407407407407407,0.5,0.14285714285714285,0.2222222222222222,0.8714285714285713,0.15537971921347116
log4j-1.0,METRICS_RISK,NONE,GB,1,0.7037037037037037,0.3333333333333333,0.3333333333333333,0.3333333333333333,0.5793650793650793,0.14285714285714285
log4j-1.0,METRICS_RISK,NONE,GB,2,0.8888888888888888,1.0,0.5714285714285714,0.7272727272727273,0.8214285714285715,0.7049073768502414
log4j-1.0,METRICS_RISK,NONE,GB,3,0.7037037037037037,0.42857142857142855,0.42857142857142855,0.42857142857142855,0.5714285714285714,0.22857142857142856
log4j-1.0,METRICS_RISK,NONE,GB,4,0.7777777777777778,0.5555555555555556,0.7142857142857143,0.625,0.8714285714285714,0.4780914437337575
log4j-1.0,METRICS_RISK,NONE,GB,5,0.8148148148148148,0.75,0.42857142857142855,0.5454545454545454,0.9142857142857144,0.4670011371632849
log4j-1.0,METRICS_RISK,SMOTE,LR,1,0.7037037037037037,0.3333333333333333,0.3333333333333333,0.3333333333333333,0.611111111111111,0.14285714285714285
log4j-1.0,METRICS_RISK,SMOTE,LR,2,0.8518518518518519,0.7142857142857143,0.7142857142857143,0.7142857142857143,0.9142857142857143,0.6142857142857143
log4j-1.0,METRICS_RISK,SMOTE,LR,3,0.7037037037037037,0.45454545454545453,0.7142857142857143,0.5555555555555556,0.7071428571428571,0.36949421379227854
log4j-1.0,METRICS_RISK,SMOTE,LR,4,0.8148148148148148,0.5833333333333334,1.0,0.7368421052631579,0.8857142857142858,0.6614378277661477
log4j-1.0,METRICS_RISK,SMOTE,LR,5,0.8148148148148148,0.75,0.42857142857142855,0.5454545454545454,0.8214285714285714,0.4670011371632849
log4j-1.0,METRICS_RISK,SMOTE,RF,1,0.6296296296296297,0.25,0.3333333333333333,0.2857142857142857,0.615079365079365,0.043355498476206004
log4j-1.0,METRICS_RISK,SMOTE,RF,2,0.8888888888888888,0.8333333333333334,0.7142857142857143,0.7692307692307693,0.7785714285714285,0.7002186247515697
log4j-1.0,METRICS_RISK,SMOTE,RF,3,0.7407407407407407,0.5,0.42857142857142855,0.46153846153846156,0.65,0.29364006844420665
log4j-1.0,METRICS_RISK,SMOTE,RF,4,0.8518518518518519,0.6666666666666666,0.8571428571428571,0.75,0.9142857142857144,0.6573757351339166
log4j-1.0,METRICS_RISK,SMOTE,RF,5,0.8148148148148148,0.75,0.42857142857142855,0.5454545454545454,0.9357142857142857,0.4670011371632849
log4j-1.0,METRICS_RISK,SMOTE,ET,1,0.6666666666666666,0.2857142857142857,0.3333333333333333,0.3076923076923077,0.5158730158730158,0.09035079029052513
log4j-1.0,METRICS_RISK,SMOTE,ET,2,0.8888888888888888,0.8333333333333334,0.7142857142857143,0.7692307692307693,0.7928571428571428,0.7002186247515697
log4j-1.0,METRICS_RISK,SMOTE,ET,3,0.6666666666666666,0.375,0.42857142857142855,0.4,0.6857142857142857,0.17137765534596305
log4j-1.0,METRICS_RISK,SMOTE,ET,4,0.7777777777777778,0.5555555555555556,0.7142857142857143,0.625,0.85,0.4780914437337575
log4j-1.0,METRICS_RISK,SMOTE,ET,5,0.8148148148148148,0.75,0.42857142857142855,0.5454545454545454,0.8928571428571428,0.4670011371632849
log4j-1.0,METRICS_RISK,SMOTE,SVM_RBF,1,0.6666666666666666,0.3333333333333333,0.5,0.4,0.6349206349206349,0.18898223650461363
log4j-1.0,METRICS_RISK,SMOTE,SVM_RBF,2,0.8518518518518519,0.8,0.5714285714285714,0.6666666666666666,0.8357142857142857,0.5882507637385276
log4j-1.0,METRICS_RISK,SMOTE,SVM_RBF,3,0.7037037037037037,0.45454545454545453,0.7142857142857143,0.5555555555555556,0.6571428571428571,0.36949421379227854
log4j-1.0,METRICS_RISK,SMOTE,SVM_RBF,4,0.8148148148148148,0.625,0.7142857142857143,0.6666666666666666,0.8571428571428571,0.5415533908932432
log4j-1.0,METRICS_RISK,SMOTE,SVM_RBF,5,0.8148148148148148,0.75,0.42857142857142855,0.5454545454545454,0.8357142857142856,0.4670011371632849
log4j-1.0,METRICS_RISK,SMOTE,GB,1,0.5925925925925926,0.2222222222222222,0.3333333333333333,0.26666666666666666,0.5238095238095238,0.0
log4j-1.0,METRICS_RISK,SMOTE,GB,2,0.8148148148148148,0.6666666666666666,0.5714285714285714,0.6153846153846154,0.7857142857142858,0.4969293465978882
log4j-1.0,METRICS_RISK,SMOTE,GB,3,0.7407407407407407,0.5,0.42857142857142855,0.46153846153846156,0.6285714285714286,0.29364006844420665
log4j-1.0,METRICS_RISK,SMOTE,GB,4,0.7407407407407407,0.5,0.7142857142857143,0.5882352941176471,0.8714285714285714,0.42133242030890683
log4j-1.0,METRICS_RISK,SMOTE,GB,5,0.7777777777777778,0.6666666666666666,0.2857142857142857,0.4,0.8785714285714287,0.3286878675669583
log4j-1.0,METRICS_RISK,BLSMOTE,LR,1,0.7037037037037037,0.3333333333333333,0.3333333333333333,0.3333333333333333,0.6507936507936508,0.14285714285714285
log4j-1.0,METRICS_RISK,BLSMOTE,LR,2,0.8148148148148148,0.625,0.7142857142857143,0.6666666666666666,0.9071428571428573,0.5415533908932432
log4j-1.0,METRICS_RISK,BLSMOTE,LR,3,0.7037037037037037,0.42857142857142855,0.42857142857142855,0.42857142857142855,0.7142857142857143,0.22857142857142856
log4j-1.0,METRICS_RISK,BLSMOTE,LR,4,0.7407407407407407,0.5,0.8571428571428571,0.631578947368421,0.8428571428571429,0.4913538149119954
log4j-1.0,METRICS_RISK,BLSMOTE,LR,5,0.8148148148148148,0.625,0.7142857142857143,0.6666666666666666,0.8,0.5415533908932432
log4j-1.0,METRICS_RISK,BLSMOTE,RF,1,0.6296296296296297,0.25,0.3333333333333333,0.2857142857142857,0.626984126984127,0.043355498476206004
log4j-1.0,METRICS_RISK,BLSMOTE,RF,2,0.8888888888888888,0.8333333333333334,0.7142857142857143,0.7692307692307693,0.8035714285714286,0.7002186247515697
log4j-1.0,METRICS_RISK,BLSMOTE,RF,3,0.6666666666666666,0.375,0.42857142857142855,0.4,0.6892857142857142,0.17137765534596305
log4j-1.0,METRICS_RISK,BLSMOTE,RF,4,0.8148148148148148,0.6,0.8571428571428571,0.7058823529411765,0.8571428571428571,0.5963474256679911
log4j-1.0,METRICS_RISK,BLSMOTE,RF,5,0.8518518518518519,0.8,0.5714285714285714,0.6666666666666666,0.9071428571428571,0.5882507637385276
log4j-1.0,METRICS_RISK,BLSMOTE,ET,1,0.6666666666666666,0.2857142857142857,0.3333333333333333,0.3076923076923077,0.5674603174603174,0.09035079029052513
log4j-1.0,METRICS_RISK,BLSMOTE,ET,2,0.8888888888888888,0.8333333333333334,0.7142857142857143,0.7692307692307693,0.7785714285714286,0.7002186247515697
log4j-1.0,METRICS_RISK,BLSMOTE,ET,3,0.6666666666666666,0.375,0.42857142857142855,0.4,0.6785714285714286,0.17137765534596305
log4j-1.0,METRICS_RISK,BLSMOTE,ET,4,0.7777777777777778,0.5555555555555556,0.7142857142857143,0.625,0.8178571428571428,0.4780914437337575
log4j-1.0,METRICS_RISK,BLSMOTE,ET,5,0.8148148148148148,0.6666666666666666,0.5714285714285714,0.6153846153846154,0.8928571428571428,0.4969293465978882
log4j-1.0,METRICS_RISK,BLSMOTE,SVM_RBF,1,0.6666666666666666,0.3333333333333333,0.5,0.4,0.6666666666666666,0.18898223650461363
log4j-1.0,METRICS_RISK,BLSMOTE,SVM_RBF,2,0.8518518518518519,0.8,0.5714285714285714,0.6666666666666666,0.8357142857142856,0.5882507637385276
log4j-1.0,METRICS_RISK,BLSMOTE,SVM_RBF,3,0.6666666666666666,0.4,0.5714285714285714,0.47058823529411764,0.6857142857142857,0.24631741494982246
log4j-1.0,METRICS_RISK,BLSMOTE,SVM_RBF,4,0.7777777777777778,0.5555555555555556,0.7142857142857143,0.625,0.7285714285714285,0.4780914437337575
log4j-1.0,METRICS_RISK,BLSMOTE,SVM_RBF,5,0.8148148148148148,0.75,0.42857142857142855,0.5454545454545454,0.8285714285714285,0.4670011371632849
log4j-1.0,METRICS_RISK,BLSMOTE,GB,1,0.7037037037037037,0.3333333333333333,0.3333333333333333,0.3333333333333333,0.5396825396825397,0.14285714285714285
log4j-1.0,METRICS_RISK,BLSMOTE,GB,2,0.7777777777777778,0.5714285714285714,0.5714285714285714,0.5714285714285714,0.85,0.42142857142857143
log4j-1.0,METRICS_RISK,BLSMOTE,GB,3,0.6666666666666666,0.375,0.42857142857142855,0.4,0.6,0.17137765534596305
log4j-1.0,METRICS_RISK,BLSMOTE,GB,4,0.7777777777777778,0.5454545454545454,0.8571428571428571,0.6666666666666666,0.8714285714285714,0.5415001409024772
log4j-1.0,METRICS_RISK,BLSMOTE,GB,5,0.7777777777777778,0.6,0.42857142857142855,0.5,0.8642857142857143,0.37067856345167494
log4j-1.0,METRICS_POST_TFIDF_RISK,NONE,LR,1,0.7777777777777778,0.5,0.3333333333333333,0.4,0.6507936507936508,0.2786391062876764
log4j-1.0,METRICS_POST_TFIDF_RISK,NONE,LR,2,0.9259259259259259,1.0,0.7142857142857143,0.8333333333333334,0.9357142857142857,0.8058229640253802
log4j-1.0,METRICS_POST_TFIDF_RISK,NONE,LR,3,0.7407407407407407,0.5,0.42857142857142855,0.46153846153846156,0.7142857142857143,0.29364006844420665
log4j-1.0,METRICS_POST_TFIDF_RISK,NONE,LR,4,0.7777777777777778,0.5714285714285714,0.5714285714285714,0.5714285714285714,0.8571428571428571,0.42142857142857143
log4j-1.0,METRICS_POST_TFIDF_RISK,NONE,LR,5,0.7777777777777778,0.6666666666666666,0.2857142857142857,0.4,0.8571428571428571,0.3286878675669583
log4j-1.0,METRICS_POST_TFIDF_RISK,NONE,RF,1,0.7407407407407407,0.4,0.3333333333333333,0.36363636363636365,0.6428571428571428,0.20385887657505022
log4j-1.0,METRICS_POST_TFIDF_RISK,NONE,RF,2,0.9259259259259259,1.0,0.7142857142857143,0.8333333333333334,0.775,0.8058229640253802
log4j-1.0,METRICS_POST_TFIDF_RISK,NONE,RF,3,0.7407407407407407,0.5,0.42857142857142855,0.46153846153846156,0.6357142857142857,0.29364006844420665
log4j-1.0,METRICS_POST_TFIDF_RISK,NONE,RF,4,0.8148148148148148,0.6666666666666666,0.5714285714285714,0.6153846153846154,0.8642857142857143,0.4969293465978882
log4j-1.0,METRICS_POST_TFIDF_RISK,NONE,RF,5,0.7777777777777778,0.6666666666666666,0.2857142857142857,0.4,0.85,0.3286878675669583
log4j-1.0,METRICS_POST_TFIDF_RISK,NONE,ET,1,0.7407407407407407,0.4,0.3333333333333333,0.36363636363636365,0.5555555555555556,0.20385887657505022
log4j-1.0,METRICS_POST_TFIDF_RISK,NONE,ET,2,0.9259259259259259,1.0,0.7142857142857143,0.8333333333333334,0.7892857142857144,0.8058229640253802
log4j-1.0,METRICS_POST_TFIDF_RISK,NONE,ET,3,0.7407407407407407,0.5,0.42857142857142855,0.46153846153846156,0.6392857142857142,0.29364006844420665
log4j-1.0,METRICS_POST_TFIDF_RISK,NONE,ET,4,0.8518518518518519,0.7142857142857143,0.7142857142857143,0.7142857142857143,0.8678571428571429,0.6142857142857143
log4j-1.0,METRICS_POST_TFIDF_RISK,NONE,ET,5,0.7407407407407407,0.5,0.2857142857142857,0.36363636363636365,0.8678571428571429,0.22909489747632844
log4j-1.0,METRICS_POST_TFIDF_RISK,NONE,SVM_RBF,1,0.8518518518518519,0.75,0.5,0.6,0.6825396825396827,0.5294143019465852
log4j-1.0,METRICS_POST_TFIDF_RISK,NONE,SVM_RBF,2,0.8888888888888888,1.0,0.5714285714285714,0.7272727272727273,0.7642857142857143,0.7049073768502414
log4j-1.0,METRICS_POST_TFIDF_RISK,NONE,SVM_RBF,3,0.7407407407407407,0.5,0.42857142857142855,0.46153846153846156,0.7071428571428572,0.29364006844420665
log4j-1.0,METRICS_POST_TFIDF_RISK,NONE,SVM_RBF,4,0.7407407407407407,0.5,0.2857142857142857,0.36363636363636365,0.8142857142857142,0.22909489747632844
log4j-1.0,METRICS_POST_TFIDF_RISK,NONE,SVM_RBF,5,0.7407407407407407,0.5,0.14285714285714285,0.2222222222222222,0.8714285714285713,0.15537971921347116
log4j-1.0,METRICS_POST_TFIDF_RISK,NONE,GB,1,0.7407407407407407,0.4,0.3333333333333333,0.36363636363636365,0.5555555555555556,0.20385887657505022
log4j-1.0,METRICS_POST_TFIDF_RISK,NONE,GB,2,0.8148148148148148,0.75,0.42857142857142855,0.5454545454545454,0.8178571428571427,0.4670011371632849
log4j-1.0,METRICS_POST_TFIDF_RISK,NONE,GB,3,0.7037037037037037,0.4,0.2857142857142857,0.3333333333333333,0.6071428571428571,0.15310636316482226
log4j-1.0,METRICS_POST_TFIDF_RISK,NONE,GB,4,0.8148148148148148,0.625,0.7142857142857143,0.6666666666666666,0.8999999999999999,0.5415533908932432
log4j-1.0,METRICS_POST_TFIDF_RISK,NONE,GB,5,0.8148148148148148,0.6666666666666666,0.5714285714285714,0.6153846153846154,0.8428571428571427,0.4969293465978882
log4j-1.0,METRICS_POST_TFIDF_RISK,SMOTE,LR,1,0.7037037037037037,0.3333333333333333,0.3333333333333333,0.3333333333333333,0.6031746031746031,0.14285714285714285
log4j-1.0,METRICS_POST_TFIDF_RISK,SMOTE,LR,2,0.8518518518518519,0.7142857142857143,0.7142857142857143,0.7142857142857143,0.9142857142857143,0.6142857142857143
log4j-1.0,METRICS_POST_TFIDF_RISK,SMOTE,LR,3,0.7037037037037037,0.45454545454545453,0.7142857142857143,0.5555555555555556,0.7071428571428571,0.36949421379227854
log4j-1.0,METRICS_POST_TFIDF_RISK,SMOTE,LR,4,0.7407407407407407,0.5,0.8571428571428571,0.631578947368421,0.8857142857142857,0.4913538149119954
log4j-1.0,METRICS_POST_TFIDF_RISK,SMOTE,LR,5,0.8148148148148148,0.75,0.42857142857142855,0.5454545454545454,0.8428571428571427,0.4670011371632849
log4j-1.0,METRICS_POST_TFIDF_RISK,SMOTE,RF,1,0.6666666666666666,0.2857142857142857,0.3333333333333333,0.3076923076923077,0.6190476190476191,0.09035079029052513
log4j-1.0,METRICS_POST_TFIDF_RISK,SMOTE,RF,2,0.8518518518518519,0.8,0.5714285714285714,0.6666666666666666,0.7857142857142857,0.5882507637385276
log4j-1.0,METRICS_POST_TFIDF_RISK,SMOTE,RF,3,0.7037037037037037,0.4444444444444444,0.5714285714285714,0.5,0.6642857142857143,0.29880715233359845
log4j-1.0,METRICS_POST_TFIDF_RISK,SMOTE,RF,4,0.7777777777777778,0.5555555555555556,0.7142857142857143,0.625,0.8785714285714286,0.4780914437337575
log4j-1.0,METRICS_POST_TFIDF_RISK,SMOTE,RF,5,0.8148148148148148,0.75,0.42857142857142855,0.5454545454545454,0.9214285714285714,0.4670011371632849
log4j-1.0,METRICS_POST_TFIDF_RISK,SMOTE,ET,1,0.6666666666666666,0.2857142857142857,0.3333333333333333,0.3076923076923077,0.5436507936507937,0.09035079029052513
log4j-1.0,METRICS_POST_TFIDF_RISK,SMOTE,ET,2,0.9259259259259259,1.0,0.7142857142857143,0.8333333333333334,0.7785714285714286,0.8058229640253802
log4j-1.0,METRICS_POST_TFIDF_RISK,SMOTE,ET,3,0.7037037037037037,0.4444444444444444,0.5714285714285714,0.5,0.6642857142857143,0.29880715233359845
log4j-1.0,METRICS_POST_TFIDF_RISK,SMOTE,ET,4,0.7777777777777778,0.5714285714285714,0.5714285714285714,0.5714285714285714,0.8607142857142858,0.42142857142857143
log4j-1.0,METRICS_POST_TFIDF_RISK,SMOTE,ET,5,0.7777777777777778,0.6,0.42857142857142855,0.5,0.8714285714285714,0.37067856345167494
log4j-1.0,METRICS_POST_TFIDF_RISK,SMOTE,SVM_RBF,1,0.6666666666666666,0.3333333333333333,0.5,0.4,0.6349206349206349,0.18898223650461363
log4j-1.0,METRICS_POST_TFIDF_RISK,SMOTE,SVM_RBF,2,0.8518518518518519,0.8,0.5714285714285714,0.6666666666666666,0.8357142857142857,0.5882507637385276
log4j-1.0,METRICS_POST_TFIDF_RISK,SMOTE,SVM_RBF,3,0.7037037037037037,0.45454545454545453,0.7142857142857143,0.5555555555555556,0.6571428571428571,0.36949421379227854
log4j-1.0,METRICS_POST_TFIDF_RISK,SMOTE,SVM_RBF,4,0.8148148148148148,0.625,0.7142857142857143,0.6666666666666666,0.8642857142857143,0.5415533908932432
log4j-1.0,METRICS_POST_TFIDF_RISK,SMOTE,SVM_RBF,5,0.8148148148148148,0.75,0.42857142857142855,0.5454545454545454,0.8357142857142856,0.4670011371632849
log4j-1.0,METRICS_POST_TFIDF_RISK,SMOTE,GB,1,0.6666666666666666,0.2857142857142857,0.3333333333333333,0.3076923076923077,0.5952380952380952,0.09035079029052513
log4j-1.0,METRICS_POST_TFIDF_RISK,SMOTE,GB,2,0.9259259259259259,1.0,0.7142857142857143,0.8333333333333334,0.8642857142857142,0.8058229640253802
log4j-1.0,METRICS_POST_TFIDF_RISK,SMOTE,GB,3,0.6666666666666666,0.375,0.42857142857142855,0.4,0.5642857142857143,0.17137765534596305
log4j-1.0,METRICS_POST_TFIDF_RISK,SMOTE,GB,4,0.7037037037037037,0.45454545454545453,0.7142857142857143,0.5555555555555556,0.8571428571428572,0.36949421379227854
log4j-1.0,METRICS_POST_TFIDF_RISK,SMOTE,GB,5,0.7777777777777778,0.6666666666666666,0.2857142857142857,0.4,0.8071428571428572,0.3286878675669583
log4j-1.0,METRICS_POST_TFIDF_RISK,BLSMOTE,LR,1,0.6666666666666666,0.2857142857142857,0.3333333333333333,0.3076923076923077,0.6507936507936508,0.09035079029052513
log4j-1.0,METRICS_POST_TFIDF_RISK,BLSMOTE,LR,2,0.8148148148148148,0.625,0.7142857142857143,0.6666666666666666,0.9142857142857144,0.5415533908932432
log4j-1.0,METRICS_POST_TFIDF_RISK,BLSMOTE,LR,3,0.7037037037037037,0.42857142857142855,0.42857142857142855,0.42857142857142855,0.7285714285714285,0.22857142857142856
log4j-1.0,METRICS_POST_TFIDF_RISK,BLSMOTE,LR,4,0.7407407407407407,0.5,0.8571428571428571,0.631578947368421,0.8214285714285714,0.4913538149119954
log4j-1.0,METRICS_POST_TFIDF_RISK,BLSMOTE,LR,5,0.8148148148148148,0.6666666666666666,0.5714285714285714,0.6153846153846154,0.7928571428571429,0.4969293465978882
log4j-1.0,METRICS_POST_TFIDF_RISK,BLSMOTE,RF,1,0.7037037037037037,0.3333333333333333,0.3333333333333333,0.3333333333333333,0.626984126984127,0.14285714285714285
log4j-1.0,METRICS_POST_TFIDF_RISK,BLSMOTE,RF,2,0.8888888888888888,0.8333333333333334,0.7142857142857143,0.7692307692307693,0.8178571428571428,0.7002186247515697
log4j-1.0,METRICS_POST_TFIDF_RISK,BLSMOTE,RF,3,0.7037037037037037,0.4444444444444444,0.5714285714285714,0.5,0.6571428571428571,0.29880715233359845
log4j-1.0,METRICS_POST_TFIDF_RISK,BLSMOTE,RF,4,0.7777777777777778,0.5555555555555556,0.7142857142857143,0.625,0.8821428571428571,0.4780914437337575
log4j-1.0,METRICS_POST_TFIDF_RISK,BLSMOTE,RF,5,0.8148148148148148,0.75,0.42857142857142855,0.5454545454545454,0.85,0.4670011371632849
log4j-1.0,METRICS_POST_TFIDF_RISK,BLSMOTE,ET,1,0.7037037037037037,0.3333333333333333,0.3333333333333333,0.3333333333333333,0.5555555555555556,0.14285714285714285
log4j-1.0,METRICS_POST_TFIDF_RISK,BLSMOTE,ET,2,0.8888888888888888,0.8333333333333334,0.7142857142857143,0.7692307692307693,0.8035714285714285,0.7002186247515697
log4j-1.0,METRICS_POST_TFIDF_RISK,BLSMOTE,ET,3,0.6296296296296297,0.3333333333333333,0.42857142857142855,0.375,0.6821428571428572,0.11952286093343938
log4j-1.0,METRICS_POST_TFIDF_RISK,BLSMOTE,ET,4,0.7407407407407407,0.5,0.7142857142857143,0.5882352941176471,0.8607142857142857,0.42133242030890683
log4j-1.0,METRICS_POST_TFIDF_RISK,BLSMOTE,ET,5,0.7777777777777778,0.6,0.42857142857142855,0.5,0.8714285714285714,0.37067856345167494
log4j-1.0,METRICS_POST_TFIDF_RISK,BLSMOTE,SVM_RBF,1,0.6666666666666666,0.3333333333333333,0.5,0.4,0.6825396825396826,0.18898223650461363
log4j-1.0,METRICS_POST_TFIDF_RISK,BLSMOTE,SVM_RBF,2,0.8518518518518519,0.8,0.5714285714285714,0.6666666666666666,0.8357142857142856,0.5882507637385276
log4j-1.0,METRICS_POST_TFIDF_RISK,BLSMOTE,SVM_RBF,3,0.6666666666666666,0.4,0.5714285714285714,0.47058823529411764,0.6928571428571428,0.24631741494982246
log4j-1.0,METRICS_POST_TFIDF_RISK,BLSMOTE,SVM_RBF,4,0.7777777777777778,0.5555555555555556,0.7142857142857143,0.625,0.7357142857142858,0.4780914437337575
log4j-1.0,METRICS_POST_TFIDF_RISK,BLSMOTE,SVM_RBF,5,0.8148148148148148,0.75,0.42857142857142855,0.5454545454545454,0.8214285714285714,0.4670011371632849
log4j-1.0,METRICS_POST_TFIDF_RISK,BLSMOTE,GB,1,0.6666666666666666,0.2857142857142857,0.3333333333333333,0.3076923076923077,0.5793650793650793,0.09035079029052513
log4j-1.0,METRICS_POST_TFIDF_RISK,BLSMOTE,GB,2,0.8888888888888888,0.8333333333333334,0.7142857142857143,0.7692307692307693,0.8285714285714286,0.7002186247515697
log4j-1.0,METRICS_POST_TFIDF_RISK,BLSMOTE,GB,3,0.7037037037037037,0.42857142857142855,0.42857142857142855,0.42857142857142855,0.5785714285714285,0.22857142857142856
log4j-1.0,METRICS_POST_TFIDF_RISK,BLSMOTE,GB,4,0.7037037037037037,0.45454545454545453,0.7142857142857143,0.5555555555555556,0.8714285714285713,0.36949421379227854
log4j-1.0,METRICS_POST_TFIDF_RISK,BLSMOTE,GB,5,0.7407407407407407,0.5,0.2857142857142857,0.36363636363636365,0.8214285714285714,0.22909489747632844
log4j-1.0,METRICS_POST_TFIDF_RISK_SELECTED,NONE,LR,1,0.7777777777777778,0.5,0.3333333333333333,0.4,0.5952380952380952,0.2786391062876764
log4j-1.0,METRICS_POST_TFIDF_RISK_SELECTED,NONE,LR,2,0.9259259259259259,1.0,0.7142857142857143,0.8333333333333334,0.9214285714285715,0.8058229640253802
log4j-1.0,METRICS_POST_TFIDF_RISK_SELECTED,NONE,LR,3,0.7407407407407407,0.5,0.42857142857142855,0.46153846153846156,0.7142857142857143,0.29364006844420665
log4j-1.0,METRICS_POST_TFIDF_RISK_SELECTED,NONE,LR,4,0.8148148148148148,0.6666666666666666,0.5714285714285714,0.6153846153846154,0.8928571428571428,0.4969293465978882
log4j-1.0,METRICS_POST_TFIDF_RISK_SELECTED,NONE,LR,5,0.8148148148148148,0.75,0.42857142857142855,0.5454545454545454,0.8214285714285714,0.4670011371632849
log4j-1.0,METRICS_POST_TFIDF_RISK_SELECTED,NONE,RF,1,0.7407407407407407,0.4,0.3333333333333333,0.36363636363636365,0.6428571428571429,0.20385887657505022
log4j-1.0,METRICS_POST_TFIDF_RISK_SELECTED,NONE,RF,2,0.9259259259259259,1.0,0.7142857142857143,0.8333333333333334,0.7642857142857143,0.8058229640253802
log4j-1.0,METRICS_POST_TFIDF_RISK_SELECTED,NONE,RF,3,0.7407407407407407,0.5,0.42857142857142855,0.46153846153846156,0.6392857142857142,0.29364006844420665
log4j-1.0,METRICS_POST_TFIDF_RISK_SELECTED,NONE,RF,4,0.8888888888888888,1.0,0.5714285714285714,0.7272727272727273,0.9214285714285714,0.7049073768502414
log4j-1.0,METRICS_POST_TFIDF_RISK_SELECTED,NONE,RF,5,0.7777777777777778,0.6666666666666666,0.2857142857142857,0.4,0.8892857142857141,0.3286878675669583
log4j-1.0,METRICS_POST_TFIDF_RISK_SELECTED,NONE,ET,1,0.7407407407407407,0.4,0.3333333333333333,0.36363636363636365,0.5555555555555556,0.20385887657505022
log4j-1.0,METRICS_POST_TFIDF_RISK_SELECTED,NONE,ET,2,0.8888888888888888,1.0,0.5714285714285714,0.7272727272727273,0.7964285714285714,0.7049073768502414
log4j-1.0,METRICS_POST_TFIDF_RISK_SELECTED,NONE,ET,3,0.6666666666666666,0.375,0.42857142857142855,0.4,0.6464285714285715,0.17137765534596305
log4j-1.0,METRICS_POST_TFIDF_RISK_SELECTED,NONE,ET,4,0.8518518518518519,0.8,0.5714285714285714,0.6666666666666666,0.9142857142857143,0.5882507637385276
log4j-1.0,METRICS_POST_TFIDF_RISK_SELECTED,NONE,ET,5,0.7407407407407407,0.5,0.2857142857142857,0.36363636363636365,0.8785714285714286,0.22909489747632844
log4j-1.0,METRICS_POST_TFIDF_RISK_SELECTED,NONE,SVM_RBF,1,0.7777777777777778,0.5,0.3333333333333333,0.4,0.6190476190476191,0.2786391062876764
log4j-1.0,METRICS_POST_TFIDF_RISK_SELECTED,NONE,SVM_RBF,2,0.9259259259259259,1.0,0.7142857142857143,0.8333333333333334,0.7928571428571429,0.8058229640253802
log4j-1.0,METRICS_POST_TFIDF_RISK_SELECTED,NONE,SVM_RBF,3,0.7777777777777778,0.6,0.42857142857142855,0.5,0.6928571428571428,0.37067856345167494
log4j-1.0,METRICS_POST_TFIDF_RISK_SELECTED,NONE,SVM_RBF,4,0.8148148148148148,1.0,0.2857142857142857,0.4444444444444444,0.8714285714285714,0.47809144373375745
log4j-1.0,METRICS_POST_TFIDF_RISK_SELECTED,NONE,SVM_RBF,5,0.7407407407407407,0.5,0.14285714285714285,0.2222222222222222,0.8571428571428571,0.15537971921347116
log4j-1.0,METRICS_POST_TFIDF_RISK_SELECTED,NONE,GB,1,0.6666666666666666,0.2857142857142857,0.3333333333333333,0.3076923076923077,0.5634920634920635,0.09035079029052513
log4j-1.0,METRICS_POST_TFIDF_RISK_SELECTED,NONE,GB,2,0.8888888888888888,1.0,0.5714285714285714,0.7272727272727273,0.8107142857142857,0.7049073768502414
log4j-1.0,METRICS_POST_TFIDF_RISK_SELECTED,NONE,GB,3,0.7037037037037037,0.42857142857142855,0.42857142857142855,0.42857142857142855,0.6035714285714285,0.22857142857142856
log4j-1.0,METRICS_POST_TFIDF_RISK_SELECTED,NONE,GB,4,0.7037037037037037,0.4444444444444444,0.5714285714285714,0.5,0.8,0.29880715233359845
log4j-1.0,METRICS_POST_TFIDF_RISK_SELECTED,NONE,GB,5,0.7407407407407407,0.5,0.2857142857142857,0.36363636363636365,0.8928571428571428,0.22909489747632844
log4j-1.0,METRICS_POST_TFIDF_RISK_SELECTED,SMOTE,LR,1,0.7037037037037037,0.3333333333333333,0.3333333333333333,0.3333333333333333,0.5555555555555556,0.14285714285714285
log4j-1.0,METRICS_POST_TFIDF_RISK_SELECTED,SMOTE,LR,2,0.8148148148148148,0.625,0.7142857142857143,0.6666666666666666,0.9142857142857144,0.5415533908932432
log4j-1.0,METRICS_POST_TFIDF_RISK_SELECTED,SMOTE,LR,3,0.6666666666666666,0.4,0.5714285714285714,0.47058823529411764,0.7142857142857143,0.24631741494982246
log4j-1.0,METRICS_POST_TFIDF_RISK_SELECTED,SMOTE,LR,4,0.8518518518518519,0.6363636363636364,1.0,0.7777777777777778,0.9214285714285715,0.7135060680126758
log4j-1.0,METRICS_POST_TFIDF_RISK_SELECTED,SMOTE,LR,5,0.8148148148148148,0.75,0.42857142857142855,0.5454545454545454,0.7714285714285714,0.4670011371632849
log4j-1.0,METRICS_POST_TFIDF_RISK_SELECTED,SMOTE,RF,1,0.6296296296296297,0.25,0.3333333333333333,0.2857142857142857,0.6190476190476191,0.043355498476206004
log4j-1.0,METRICS_POST_TFIDF_RISK_SELECTED,SMOTE,RF,2,0.8518518518518519,0.8,0.5714285714285714,0.6666666666666666,0.8357142857142857,0.5882507637385276
log4j-1.0,METRICS_POST_TFIDF_RISK_SELECTED,SMOTE,RF,3,0.6666666666666666,0.375,0.42857142857142855,0.4,0.6571428571428571,0.17137765534596305
log4j-1.0,METRICS_POST_TFIDF_RISK_SELECTED,SMOTE,RF,4,0.8148148148148148,0.6,0.8571428571428571,0.7058823529411765,0.8928571428571429,0.5963474256679911
log4j-1.0,METRICS_POST_TFIDF_RISK_SELECTED,SMOTE,RF,5,0.8518518518518519,0.8,0.5714285714285714,0.6666666666666666,0.8785714285714286,0.5882507637385276
log4j-1.0,METRICS_POST_TFIDF_RISK_SELECTED,SMOTE,ET,1,0.6296296296296297,0.25,0.3333333333333333,0.2857142857142857,0.5357142857142858,0.043355498476206004
log4j-1.0,METRICS_POST_TFIDF_RISK_SELECTED,SMOTE,ET,2,0.8888888888888888,1.0,0.5714285714285714,0.7272727272727273,0.7821428571428571,0.7049073768502414
log4j-1.0,METRICS_POST_TFIDF_RISK_SELECTED,SMOTE,ET,3,0.5925925925925926,0.3,0.42857142857142855,0.35294117647058826,0.6714285714285714,0.07130240959073808
log4j-1.0,METRICS_POST_TFIDF_RISK_SELECTED,SMOTE,ET,4,0.8518518518518519,0.7142857142857143,0.7142857142857143,0.7142857142857143,0.8928571428571428,0.6142857142857143
log4j-1.0,METRICS_POST_TFIDF_RISK_SELECTED,SMOTE,ET,5,0.7777777777777778,0.6,0.42857142857142855,0.5,0.8999999999999999,0.37067856345167494
log4j-1.0,METRICS_POST_TFIDF_RISK_SELECTED,SMOTE,SVM_RBF,1,0.7407407407407407,0.42857142857142855,0.5,0.46153846153846156,0.7063492063492063,0.29364006844420665
log4j-1.0,METRICS_POST_TFIDF_RISK_SELECTED,SMOTE,SVM_RBF,2,0.8148148148148148,0.625,0.7142857142857143,0.6666666666666666,0.8214285714285714,0.5415533908932432
log4j-1.0,METRICS_POST_TFIDF_RISK_SELECTED,SMOTE,SVM_RBF,3,0.6666666666666666,0.4,0.5714285714285714,0.47058823529411764,0.6928571428571428,0.24631741494982246
log4j-1.0,METRICS_POST_TFIDF_RISK_SELECTED,SMOTE,SVM_RBF,4,0.8148148148148148,0.625,0.7142857142857143,0.6666666666666666,0.8357142857142856,0.5415533908932432
log4j-1.0,METRICS_POST_TFIDF_RISK_SELECTED,SMOTE,SVM_RBF,5,0.8518518518518519,0.8,0.5714285714285714,0.6666666666666666,0.8571428571428571,0.5882507637385276
log4j-1.0,METRICS_POST_TFIDF_RISK_SELECTED,SMOTE,GB,1,0.6296296296296297,0.25,0.3333333333333333,0.2857142857142857,0.6190476190476191,0.043355498476206004
log4j-1.0,METRICS_POST_TFIDF_RISK_SELECTED,SMOTE,GB,2,0.9259259259259259,1.0,0.7142857142857143,0.8333333333333334,0.85,0.8058229640253802
log4j-1.0,METRICS_POST_TFIDF_RISK_SELECTED,SMOTE,GB,3,0.6296296296296297,0.3333333333333333,0.42857142857142855,0.375,0.5535714285714286,0.11952286093343938
log4j-1.0,METRICS_POST_TFIDF_RISK_SELECTED,SMOTE,GB,4,0.7037037037037037,0.4444444444444444,0.5714285714285714,0.5,0.8285714285714285,0.29880715233359845
log4j-1.0,METRICS_POST_TFIDF_RISK_SELECTED,SMOTE,GB,5,0.8888888888888888,0.8333333333333334,0.7142857142857143,0.7692307692307693,0.9142857142857144,0.7002186247515697
log4j-1.0,METRICS_POST_TFIDF_RISK_SELECTED,BLSMOTE,LR,1,0.7037037037037037,0.3333333333333333,0.3333333333333333,0.3333333333333333,0.5714285714285714,0.14285714285714285
log4j-1.0,METRICS_POST_TFIDF_RISK_SELECTED,BLSMOTE,LR,2,0.8148148148148148,0.625,0.7142857142857143,0.6666666666666666,0.9,0.5415533908932432
log4j-1.0,METRICS_POST_TFIDF_RISK_SELECTED,BLSMOTE,LR,3,0.6666666666666666,0.4,0.5714285714285714,0.47058823529411764,0.7071428571428572,0.24631741494982246
log4j-1.0,METRICS_POST_TFIDF_RISK_SELECTED,BLSMOTE,LR,4,0.7407407407407407,0.5,0.8571428571428571,0.631578947368421,0.8571428571428571,0.4913538149119954
log4j-1.0,METRICS_POST_TFIDF_RISK_SELECTED,BLSMOTE,LR,5,0.8148148148148148,0.6666666666666666,0.5714285714285714,0.6153846153846154,0.7999999999999999,0.4969293465978882
log4j-1.0,METRICS_POST_TFIDF_RISK_SELECTED,BLSMOTE,RF,1,0.5925925925925926,0.2222222222222222,0.3333333333333333,0.26666666666666666,0.6111111111111112,0.0
log4j-1.0,METRICS_POST_TFIDF_RISK_SELECTED,BLSMOTE,RF,2,0.8888888888888888,0.8333333333333334,0.7142857142857143,0.7692307692307693,0.8392857142857143,0.7002186247515697
log4j-1.0,METRICS_POST_TFIDF_RISK_SELECTED,BLSMOTE,RF,3,0.6296296296296297,0.3333333333333333,0.42857142857142855,0.375,0.6142857142857142,0.11952286093343938
log4j-1.0,METRICS_POST_TFIDF_RISK_SELECTED,BLSMOTE,RF,4,0.8148148148148148,0.6,0.8571428571428571,0.7058823529411765,0.8821428571428571,0.5963474256679911
log4j-1.0,METRICS_POST_TFIDF_RISK_SELECTED,BLSMOTE,RF,5,0.7777777777777778,0.6666666666666666,0.2857142857142857,0.4,0.9142857142857143,0.3286878675669583
log4j-1.0,METRICS_POST_TFIDF_RISK_SELECTED,BLSMOTE,ET,1,0.7037037037037037,0.3333333333333333,0.3333333333333333,0.3333333333333333,0.5515873015873016,0.14285714285714285
log4j-1.0,METRICS_POST_TFIDF_RISK_SELECTED,BLSMOTE,ET,2,0.9259259259259259,1.0,0.7142857142857143,0.8333333333333334,0.8071428571428572,0.8058229640253802
log4j-1.0,METRICS_POST_TFIDF_RISK_SELECTED,BLSMOTE,ET,3,0.6296296296296297,0.3333333333333333,0.42857142857142855,0.375,0.6464285714285714,0.11952286093343938
log4j-1.0,METRICS_POST_TFIDF_RISK_SELECTED,BLSMOTE,ET,4,0.7777777777777778,0.5714285714285714,0.5714285714285714,0.5714285714285714,0.85,0.42142857142857143
log4j-1.0,METRICS_POST_TFIDF_RISK_SELECTED,BLSMOTE,ET,5,0.7777777777777778,0.6,0.42857142857142855,0.5,0.8357142857142857,0.37067856345167494
log4j-1.0,METRICS_POST_TFIDF_RISK_SELECTED,BLSMOTE,SVM_RBF,1,0.7037037037037037,0.4,0.6666666666666666,0.5,0.6507936507936508,0.32796802467631514
log4j-1.0,METRICS_POST_TFIDF_RISK_SELECTED,BLSMOTE,SVM_RBF,2,0.8518518518518519,0.7142857142857143,0.7142857142857143,0.7142857142857143,0.8428571428571429,0.6142857142857143
log4j-1.0,METRICS_POST_TFIDF_RISK_SELECTED,BLSMOTE,SVM_RBF,3,0.6666666666666666,0.4,0.5714285714285714,0.47058823529411764,0.6714285714285714,0.24631741494982246
log4j-1.0,METRICS_POST_TFIDF_RISK_SELECTED,BLSMOTE,SVM_RBF,4,0.7777777777777778,0.5555555555555556,0.7142857142857143,0.625,0.75,0.4780914437337575
log4j-1.0,METRICS_POST_TFIDF_RISK_SELECTED,BLSMOTE,SVM_RBF,5,0.8888888888888888,0.8333333333333334,0.7142857142857143,0.7692307692307693,0.8714285714285714,0.7002186247515697
log4j-1.0,METRICS_POST_TFIDF_RISK_SELECTED,BLSMOTE,GB,1,0.6666666666666666,0.2857142857142857,0.3333333333333333,0.3076923076923077,0.5634920634920635,0.09035079029052513
log4j-1.0,METRICS_POST_TFIDF_RISK_SELECTED,BLSMOTE,GB,2,0.8148148148148148,0.6666666666666666,0.5714285714285714,0.6153846153846154,0.8071428571428572,0.4969293465978882
log4j-1.0,METRICS_POST_TFIDF_RISK_SELECTED,BLSMOTE,GB,3,0.7037037037037037,0.42857142857142855,0.42857142857142855,0.42857142857142855,0.6571428571428571,0.22857142857142856
log4j-1.0,METRICS_POST_TFIDF_RISK_SELECTED,BLSMOTE,GB,4,0.7407407407407407,0.5,0.7142857142857143,0.5882352941176471,0.8642857142857143,0.42133242030890683
log4j-1.0,METRICS_POST_TFIDF_RISK_SELECTED,BLSMOTE,GB,5,0.8518518518518519,0.8,0.5714285714285714,0.6666666666666666,0.8357142857142856,0.5882507637385276
lucene-2.0,METRICS,NONE,LR,1,0.6666666666666666,0.6190476190476191,0.7222222222222222,0.6666666666666666,0.783068783068783,0.3412698412698413
lucene-2.0,METRICS,NONE,LR,2,0.8205128205128205,0.8666666666666667,0.7222222222222222,0.7878787878787878,0.8121693121693121,0.642467548024451
lucene-2.0,METRICS,NONE,LR,3,0.6410256410256411,0.6428571428571429,0.5,0.5625,0.6349206349206349,0.2721794126179664
lucene-2.0,METRICS,NONE,LR,4,0.7948717948717948,0.8125,0.7222222222222222,0.7647058823529411,0.8465608465608465,0.5871841250301055
lucene-2.0,METRICS,NONE,LR,5,0.717948717948718,0.7857142857142857,0.5789473684210527,0.6666666666666666,0.7236842105263158,0.44695292514227164
lucene-2.0,METRICS,NONE,RF,1,0.717948717948718,0.6521739130434783,0.8333333333333334,0.7317073170731707,0.7817460317460317,0.45848623461254817
lucene-2.0,METRICS,NONE,RF,2,0.7435897435897436,0.8333333333333334,0.5555555555555556,0.6666666666666666,0.7962962962962963,0.4971996832111851
lucene-2.0,METRICS,NONE,RF,3,0.6153846153846154,0.5789473684210527,0.6111111111111112,0.5945945945945946,0.6719576719576721,0.22955225023722253
lucene-2.0,METRICS,NONE,RF,4,0.717948717948718,0.6842105263157895,0.7222222222222222,0.7027027027027027,0.8161375661375662,0.4353577159671462
lucene-2.0,METRICS,NONE,RF,5,0.5897435897435898,0.6,0.47368421052631576,0.5294117647058824,0.6763157894736842,0.17844356324383878
lucene-2.0,METRICS,NONE,ET,1,0.7948717948717948,0.7272727272727273,0.8888888888888888,0.8,0.783068783068783,0.6063915572069726
lucene-2.0,METRICS,NONE,ET,2,0.6923076923076923,0.75,0.5,0.6,0.7526455026455027,0.3857583749052298
lucene-2.0,METRICS,NONE,ET,3,0.5897435897435898,0.5555555555555556,0.5555555555555556,0.5555555555555556,0.6362433862433863,0.1746031746031746
lucene-2.0,METRICS,NONE,ET,4,0.7435897435897436,0.7,0.7777777777777778,0.7368421052631579,0.7804232804232805,0.49076687981751027
lucene-2.0,METRICS,NONE,ET,5,0.6410256410256411,0.6666666666666666,0.5263157894736842,0.5882352941176471,0.7144736842105264,0.2838874869788344
lucene-2.0,METRICS,NONE,SVM_RBF,1,0.6666666666666666,0.6086956521739131,0.7777777777777778,0.6829268292682927,0.7433862433862433,0.3539191986482828
lucene-2.0,METRICS,NONE,SVM_RBF,2,0.8205128205128205,0.8235294117647058,0.7777777777777778,0.8,0.8743386243386243,0.638306902323129
lucene-2.0,METRICS,NONE,SVM_RBF,3,0.6410256410256411,0.625,0.5555555555555556,0.5882352941176471,0.7328042328042328,0.27348301713730944
lucene-2.0,METRICS,NONE,SVM_RBF,4,0.7435897435897436,0.75,0.6666666666666666,0.7058823529411765,0.8518518518518519,0.48261708906584017
lucene-2.0,METRICS,NONE,SVM_RBF,5,0.6410256410256411,0.6923076923076923,0.47368421052631576,0.5625,0.6894736842105262,0.29019050004400465
lucene-2.0,METRICS,NONE,GB,1,0.6153846153846154,0.5714285714285714,0.6666666666666666,0.6153846153846154,0.7116402116402116,0.23809523809523808
lucene-2.0,METRICS,NONE,GB,2,0.7435897435897436,0.7857142857142857,0.6111111111111112,0.6875,0.8042328042328043,0.4866237983169703
lucene-2.0,METRICS,NONE,GB,3,0.6666666666666666,0.631578947368421,0.6666666666666666,0.6486486486486487,0.708994708994709,0.33245498310218435
lucene-2.0,METRICS,NONE,GB,4,0.717948717948718,0.6842105263157895,0.7222222222222222,0.7027027027027027,0.8412698412698412,0.4353577159671462
lucene-2.0,METRICS,NONE,GB,5,0.6410256410256411,0.6470588235294118,0.5789473684210527,0.6111111111111112,0.6710526315789473,0.28117601131424264
lucene-2.0,METRICS,SMOTE,LR,1,0.6410256410256411,0.5909090909090909,0.7222222222222222,0.65,0.7883597883597884,0.2952169423244472
lucene-2.0,METRICS,SMOTE,LR,2,0.8205128205128205,0.8666666666666667,0.7222222222222222,0.7878787878787878,0.8042328042328042,0.642467548024451
lucene-2.0,METRICS,SMOTE,LR,3,0.5897435897435898,0.5625,0.5,0.5294117647058824,0.6507936507936508,0.16891598117304407
lucene-2.0,METRICS,SMOTE,LR,4,0.7948717948717948,0.7777777777777778,0.7777777777777778,0.7777777777777778,0.8386243386243386,0.5873015873015873
lucene-2.0,METRICS,SMOTE,LR,5,0.6923076923076923,0.7333333333333333,0.5789473684210527,0.6470588235294118,0.7131578947368421,0.3893314107138301
lucene-2.0,METRICS,SMOTE,RF,1,0.717948717948718,0.6521739130434783,0.8333333333333334,0.7317073170731707,0.7764550264550264,0.45848623461254817
lucene-2.0,METRICS,SMOTE,RF,2,0.717948717948718,0.7692307692307693,0.5555555555555556,0.6451612903225806,0.7976190476190476,0.4364357804719848
lucene-2.0,METRICS,SMOTE,RF,3,0.6153846153846154,0.5789473684210527,0.6111111111111112,0.5945945945945946,0.6838624338624338,0.22955225023722253
lucene-2.0,METRICS,SMOTE,RF,4,0.6666666666666666,0.631578947368421,0.6666666666666666,0.6486486486486487,0.8201058201058201,0.33245498310218435
lucene-2.0,METRICS,SMOTE,RF,5,0.5897435897435898,0.5882352941176471,0.5263157894736842,0.5555555555555556,0.6934210526315789,0.17772445998164393
lucene-2.0,METRICS,SMOTE,ET,1,0.7948717948717948,0.7272727272727273,0.8888888888888888,0.8,0.7791005291005291,0.6063915572069726
lucene-2.0,METRICS,SMOTE,ET,2,0.6666666666666666,0.6923076923076923,0.5,0.5806451612903226,0.746031746031746,0.3273268353539886
lucene-2.0,METRICS,SMOTE,ET,3,0.6410256410256411,0.6,0.6666666666666666,0.631578947368421,0.6613756613756614,0.28496141408758663
lucene-2.0,METRICS,SMOTE,ET,4,0.7435897435897436,0.7,0.7777777777777778,0.7368421052631579,0.7751322751322751,0.49076687981751027
lucene-2.0,METRICS,SMOTE,ET,5,0.6410256410256411,0.6666666666666666,0.5263157894736842,0.5882352941176471,0.7026315789473684,0.2838874869788344
lucene-2.0,METRICS,SMOTE,SVM_RBF,1,0.6923076923076923,0.625,0.8333333333333334,0.7142857142857143,0.7328042328042328,0.4147575310031266
lucene-2.0,METRICS,SMOTE,SVM_RBF,2,0.8205128205128205,0.7894736842105263,0.8333333333333334,0.8108108108108109,0.8492063492063493,0.6411631816970699
lucene-2.0,METRICS,SMOTE,SVM_RBF,3,0.6410256410256411,0.6111111111111112,0.6111111111111112,0.6111111111111112,0.716931216931217,0.2777777777777778
lucene-2.0,METRICS,SMOTE,SVM_RBF,4,0.7692307692307693,0.7647058823529411,0.7222222222222222,0.7428571428571429,0.8306878306878308,0.5345820306956206
lucene-2.0,METRICS,SMOTE,SVM_RBF,5,0.6666666666666666,0.7142857142857143,0.5263157894736842,0.6060606060606061,0.6842105263157894,0.3400132682063907
lucene-2.0,METRICS,SMOTE,GB,1,0.6153846153846154,0.5714285714285714,0.6666666666666666,0.6153846153846154,0.7275132275132276,0.23809523809523808
lucene-2.0,METRICS,SMOTE,GB,2,0.6923076923076923,0.7142857142857143,0.5555555555555556,0.625,0.7883597883597884,0.3794016054674684
lucene-2.0,METRICS,SMOTE,GB,3,0.6666666666666666,0.6470588235294118,0.6111111111111112,0.6285714285714286,0.6904761904761905,0.32713228744060363
lucene-2.0,METRICS,SMOTE,GB,4,0.717948717948718,0.6666666666666666,0.7777777777777778,0.717948717948718,0.8306878306878307,0.4444444444444444
lucene-2.0,METRICS,SMOTE,GB,5,0.6153846153846154,0.625,0.5263157894736842,0.5714285714285714,0.6973684210526315,0.2299761205393
lucene-2.0,METRICS,BLSMOTE,LR,1,0.6666666666666666,0.6190476190476191,0.7222222222222222,0.6666666666666666,0.7671957671957672,0.3412698412698413
lucene-2.0,METRICS,BLSMOTE,LR,2,0.7948717948717948,0.8125,0.7222222222222222,0.7647058823529411,0.8148148148148148,0.5871841250301055
lucene-2.0,METRICS,BLSMOTE,LR,3,0.5384615384615384,0.5,0.5,0.5,0.6137566137566137,0.07142857142857142
lucene-2.0,METRICS,BLSMOTE,LR,4,0.8205128205128205,0.8235294117647058,0.7777777777777778,0.8,0.8544973544973545,0.638306902323129
lucene-2.0,METRICS,BLSMOTE,LR,5,0.717948717948718,0.75,0.631578947368421,0.6857142857142857,0.718421052631579,0.43855911358657207
lucene-2.0,METRICS,BLSMOTE,RF,1,0.7435897435897436,0.6666666666666666,0.8888888888888888,0.7619047619047619,0.794973544973545,0.5204800389058843
lucene-2.0,METRICS,BLSMOTE,RF,2,0.6923076923076923,0.75,0.5,0.6,0.7857142857142858,0.3857583749052298
lucene-2.0,METRICS,BLSMOTE,RF,3,0.6410256410256411,0.6,0.6666666666666666,0.631578947368421,0.6970899470899472,0.28496141408758663
lucene-2.0,METRICS,BLSMOTE,RF,4,0.6923076923076923,0.65,0.7222222222222222,0.6842105263157895,0.8161375661375662,0.38786414695254845
lucene-2.0,METRICS,BLSMOTE,RF,5,0.6153846153846154,0.625,0.5263157894736842,0.5714285714285714,0.7065789473684211,0.2299761205393
lucene-2.0,METRICS,BLSMOTE,ET,1,0.717948717948718,0.6521739130434783,0.8333333333333334,0.7317073170731707,0.7711640211640212,0.45848623461254817
lucene-2.0,METRICS,BLSMOTE,ET,2,0.6666666666666666,0.7272727272727273,0.4444444444444444,0.5517241379310345,0.7195767195767196,0.3341054755153317
lucene-2.0,METRICS,BLSMOTE,ET,3,0.6153846153846154,0.5882352941176471,0.5555555555555556,0.5714285714285714,0.6283068783068784,0.22340741581309517
lucene-2.0,METRICS,BLSMOTE,ET,4,0.7435897435897436,0.7,0.7777777777777778,0.7368421052631579,0.8002645502645502,0.49076687981751027
lucene-2.0,METRICS,BLSMOTE,ET,5,0.6666666666666666,0.7142857142857143,0.5263157894736842,0.6060606060606061,0.7039473684210527,0.3400132682063907
lucene-2.0,METRICS,BLSMOTE,SVM_RBF,1,0.6923076923076923,0.625,0.8333333333333334,0.7142857142857143,0.7328042328042329,0.4147575310031266
lucene-2.0,METRICS,BLSMOTE,SVM_RBF,2,0.7948717948717948,0.75,0.8333333333333334,0.7894736842105263,0.8492063492063492,0.5936696126824721
lucene-2.0,METRICS,BLSMOTE,SVM_RBF,3,0.6153846153846154,0.5789473684210527,0.6111111111111112,0.5945945945945946,0.6798941798941799,0.22955225023722253
lucene-2.0,METRICS,BLSMOTE,SVM_RBF,4,0.7692307692307693,0.7647058823529411,0.7222222222222222,0.7428571428571429,0.8121693121693122,0.5345820306956206
lucene-2.0,METRICS,BLSMOTE,SVM_RBF,5,0.6666666666666666,0.6875,0.5789473684210527,0.6285714285714286,0.6973684210526316,0.33426761706293606
lucene-2.0,METRICS,BLSMOTE,GB,1,0.6153846153846154,0.5714285714285714,0.6666666666666666,0.6153846153846154,0.6904761904761905,0.23809523809523808
lucene-2.0,METRICS,BLSMOTE,GB,2,0.6923076923076923,0.7142857142857143,0.5555555555555556,0.625,0.7751322751322751,0.3794016054674684
lucene-2.0,METRICS,BLSMOTE,GB,3,0.6153846153846154,0.5789473684210527,0.6111111111111112,0.5945945945945946,0.6957671957671957,0.22955225023722253
lucene-2.0,METRICS,BLSMOTE,GB,4,0.7692307692307693,0.7142857142857143,0.8333333333333334,0.7692307692307693,0.8518518518518519,0.5476190476190477
lucene-2.0,METRICS,BLSMOTE,GB,5,0.6410256410256411,0.6666666666666666,0.5263157894736842,0.5882352941176471,0.731578947368421,0.2838874869788344
lucene-2.0,POST_TFIDF,NONE,LR,1,0.6666666666666666,0.6190476190476191,0.7222222222222222,0.6666666666666666,0.7751322751322752,0.3412698412698413
lucene-2.0,POST_TFIDF,NONE,LR,2,0.8205128205128205,0.7894736842105263,0.8333333333333334,0.8108108108108109,0.8280423280423282,0.6411631816970699
lucene-2.0,POST_TFIDF,NONE,LR,3,0.717948717948718,0.7333333333333333,0.6111111111111112,0.6666666666666666,0.7103174603174603,0.4310225322189355
lucene-2.0,POST_TFIDF,NONE,LR,4,0.8205128205128205,0.7894736842105263,0.8333333333333334,0.8108108108108109,0.8333333333333333,0.6411631816970699
lucene-2.0,POST_TFIDF,NONE,LR,5,0.6666666666666666,0.6875,0.5789473684210527,0.6285714285714286,0.7828947368421053,0.33426761706293606
lucene-2.0,POST_TFIDF,NONE,RF,1,0.6666666666666666,0.6190476190476191,0.7222222222222222,0.6666666666666666,0.7195767195767195,0.3412698412698413
lucene-2.0,POST_TFIDF,NONE,RF,2,0.6666666666666666,0.6666666666666666,0.5555555555555556,0.6060606060606061,0.6825396825396826,0.32530002431617777
lucene-2.0,POST_TFIDF,NONE,RF,3,0.6923076923076923,0.6875,0.6111111111111112,0.6470588235294118,0.7394179894179895,0.3780500531015748
lucene-2.0,POST_TFIDF,NONE,RF,4,0.7692307692307693,0.7368421052631579,0.7777777777777778,0.7567567567567568,0.8253968253968254,0.538260448832108
lucene-2.0,POST_TFIDF,NONE,RF,5,0.7435897435897436,0.7368421052631579,0.7368421052631579,0.7368421052631579,0.7407894736842106,0.4868421052631579
lucene-2.0,POST_TFIDF,NONE,ET,1,0.6923076923076923,0.65,0.7222222222222222,0.6842105263157895,0.701058201058201,0.38786414695254845
lucene-2.0,POST_TFIDF,NONE,ET,2,0.6666666666666666,0.6666666666666666,0.5555555555555556,0.6060606060606061,0.66005291005291,0.32530002431617777
lucene-2.0,POST_TFIDF,NONE,ET,3,0.717948717948718,0.7333333333333333,0.6111111111111112,0.6666666666666666,0.716931216931217,0.4310225322189355
lucene-2.0,POST_TFIDF,NONE,ET,4,0.8205128205128205,0.8235294117647058,0.7777777777777778,0.8,0.8267195767195767,0.638306902323129
lucene-2.0,POST_TFIDF,NONE,ET,5,0.717948717948718,0.7222222222222222,0.6842105263157895,0.7027027027027027,0.725,0.4353577159671462
lucene-2.0,POST_TFIDF,NONE,SVM_RBF,1,0.6666666666666666,0.6190476190476191,0.7222222222222222,0.6666666666666666,0.7857142857142858,0.3412698412698413
lucene-2.0,POST_TFIDF,NONE,SVM_RBF,2,0.7948717948717948,0.75,0.8333333333333334,0.7894736842105263,0.8227513227513228,0.5936696126824721
lucene-2.0,POST_TFIDF,NONE,SVM_RBF,3,0.717948717948718,0.7333333333333333,0.6111111111111112,0.6666666666666666,0.712962962962963,0.4310225322189355
lucene-2.0,POST_TFIDF,NONE,SVM_RBF,4,0.8205128205128205,0.7894736842105263,0.8333333333333334,0.8108108108108109,0.8121693121693121,0.6411631816970699
lucene-2.0,POST_TFIDF,NONE,SVM_RBF,5,0.6666666666666666,0.6875,0.5789473684210527,0.6285714285714286,0.7039473684210527,0.33426761706293606
lucene-2.0,POST_TFIDF,NONE,GB,1,0.7692307692307693,0.7368421052631579,0.7777777777777778,0.7567567567567568,0.7275132275132276,0.538260448832108
lucene-2.0,POST_TFIDF,NONE,GB,2,0.6153846153846154,0.5882352941176471,0.5555555555555556,0.5714285714285714,0.6322751322751323,0.22340741581309517
lucene-2.0,POST_TFIDF,NONE,GB,3,0.6923076923076923,0.6875,0.6111111111111112,0.6470588235294118,0.7367724867724867,0.3780500531015748
lucene-2.0,POST_TFIDF,NONE,GB,4,0.8205128205128205,0.8666666666666667,0.7222222222222222,0.7878787878787878,0.8174603174603174,0.642467548024451
lucene-2.0,POST_TFIDF,NONE,GB,5,0.6923076923076923,0.7333333333333333,0.5789473684210527,0.6470588235294118,0.7749999999999999,0.3893314107138301
lucene-2.0,POST_TFIDF,SMOTE,LR,1,0.6923076923076923,0.625,0.8333333333333334,0.7142857142857143,0.7751322751322752,0.4147575310031266
lucene-2.0,POST_TFIDF,SMOTE,LR,2,0.7948717948717948,0.75,0.8333333333333334,0.7894736842105263,0.8227513227513228,0.5936696126824721
lucene-2.0,POST_TFIDF,SMOTE,LR,3,0.717948717948718,0.7333333333333333,0.6111111111111112,0.6666666666666666,0.7156084656084657,0.4310225322189355
lucene-2.0,POST_TFIDF,SMOTE,LR,4,0.8205128205128205,0.7894736842105263,0.8333333333333334,0.8108108108108109,0.8306878306878306,0.6411631816970699
lucene-2.0,POST_TFIDF,SMOTE,LR,5,0.717948717948718,0.7,0.7368421052631579,0.717948717948718,0.7697368421052632,0.4368421052631579
lucene-2.0,POST_TFIDF,SMOTE,RF,1,0.717948717948718,0.6666666666666666,0.7777777777777778,0.717948717948718,0.7195767195767195,0.4444444444444444
lucene-2.0,POST_TFIDF,SMOTE,RF,2,0.6923076923076923,0.7142857142857143,0.5555555555555556,0.625,0.6481481481481481,0.3794016054674684
lucene-2.0,POST_TFIDF,SMOTE,RF,3,0.6923076923076923,0.6875,0.6111111111111112,0.6470588235294118,0.7103174603174603,0.3780500531015748
lucene-2.0,POST_TFIDF,SMOTE,RF,4,0.717948717948718,0.6521739130434783,0.8333333333333334,0.7317073170731707,0.7857142857142858,0.45848623461254817
lucene-2.0,POST_TFIDF,SMOTE,RF,5,0.717948717948718,0.7,0.7368421052631579,0.717948717948718,0.7223684210526315,0.4368421052631579
lucene-2.0,POST_TFIDF,SMOTE,ET,1,0.6923076923076923,0.65,0.7222222222222222,0.6842105263157895,0.7116402116402117,0.38786414695254845
lucene-2.0,POST_TFIDF,SMOTE,ET,2,0.6666666666666666,0.6923076923076923,0.5,0.5806451612903226,0.6521164021164022,0.3273268353539886
lucene-2.0,POST_TFIDF,SMOTE,ET,3,0.717948717948718,0.7333333333333333,0.6111111111111112,0.6666666666666666,0.6878306878306878,0.4310225322189355
lucene-2.0,POST_TFIDF,SMOTE,ET,4,0.7948717948717948,0.7777777777777778,0.7777777777777778,0.7777777777777778,0.8161375661375663,0.5873015873015873
lucene-2.0,POST_TFIDF,SMOTE,ET,5,0.6923076923076923,0.6842105263157895,0.6842105263157895,0.6842105263157895,0.7092105263157895,0.38421052631578945
lucene-2.0,POST_TFIDF,SMOTE,SVM_RBF,1,0.6923076923076923,0.625,0.8333333333333334,0.7142857142857143,0.7883597883597884,0.4147575310031266
lucene-2.0,POST_TFIDF,SMOTE,SVM_RBF,2,0.7948717948717948,0.75,0.8333333333333334,0.7894736842105263,0.8042328042328042,0.5936696126824721
lucene-2.0,POST_TFIDF,SMOTE,SVM_RBF,3,0.717948717948718,0.7333333333333333,0.6111111111111112,0.6666666666666666,0.7156084656084656,0.4310225322189355
lucene-2.0,POST_TFIDF,SMOTE,SVM_RBF,4,0.8205128205128205,0.7894736842105263,0.8333333333333334,0.8108108108108109,0.8121693121693122,0.6411631816970699
lucene-2.0,POST_TFIDF,SMOTE,SVM_RBF,5,0.6923076923076923,0.6842105263157895,0.6842105263157895,0.6842105263157895,0.7223684210526317,0.38421052631578945
lucene-2.0,POST_TFIDF,SMOTE,GB,1,0.6666666666666666,0.6190476190476191,0.7222222222222222,0.6666666666666666,0.7328042328042328,0.3412698412698413
lucene-2.0,POST_TFIDF,SMOTE,GB,2,0.5641025641025641,0.5333333333333333,0.4444444444444444,0.48484848484848486,0.6111111111111112,0.11385500851066221
lucene-2.0,POST_TFIDF,SMOTE,GB,3,0.6923076923076923,0.6875,0.6111111111111112,0.6470588235294118,0.7103174603174603,0.3780500531015748
lucene-2.0,POST_TFIDF,SMOTE,GB,4,0.8205128205128205,0.8235294117647058,0.7777777777777778,0.8,0.8571428571428572,0.638306902323129
lucene-2.0,POST_TFIDF,SMOTE,GB,5,0.7435897435897436,0.7368421052631579,0.7368421052631579,0.7368421052631579,0.7644736842105263,0.4868421052631579
lucene-2.0,POST_TFIDF,BLSMOTE,LR,1,0.6923076923076923,0.625,0.8333333333333334,0.7142857142857143,0.7883597883597885,0.4147575310031266
lucene-2.0,POST_TFIDF,BLSMOTE,LR,2,0.7948717948717948,0.75,0.8333333333333334,0.7894736842105263,0.7777777777777779,0.5936696126824721
lucene-2.0,POST_TFIDF,BLSMOTE,LR,3,0.717948717948718,0.7333333333333333,0.6111111111111112,0.6666666666666666,0.7076719576719576,0.4310225322189355
lucene-2.0,POST_TFIDF,BLSMOTE,LR,4,0.7948717948717948,0.75,0.8333333333333334,0.7894736842105263,0.8571428571428571,0.5936696126824721
lucene-2.0,POST_TFIDF,BLSMOTE,LR,5,0.6923076923076923,0.6842105263157895,0.6842105263157895,0.6842105263157895,0.7802631578947368,0.38421052631578945
lucene-2.0,POST_TFIDF,BLSMOTE,RF,1,0.717948717948718,0.6842105263157895,0.7222222222222222,0.7027027027027027,0.7063492063492063,0.4353577159671462
lucene-2.0,POST_TFIDF,BLSMOTE,RF,2,0.6153846153846154,0.6,0.5,0.5454545454545454,0.6322751322751323,0.21957751641341997
lucene-2.0,POST_TFIDF,BLSMOTE,RF,3,0.6923076923076923,0.6875,0.6111111111111112,0.6470588235294118,0.7208994708994709,0.3780500531015748
lucene-2.0,POST_TFIDF,BLSMOTE,RF,4,0.7435897435897436,0.6818181818181818,0.8333333333333334,0.75,0.7883597883597884,0.5026666855794641
lucene-2.0,POST_TFIDF,BLSMOTE,RF,5,0.7435897435897436,0.7368421052631579,0.7368421052631579,0.7368421052631579,0.7171052631578947,0.4868421052631579
lucene-2.0,POST_TFIDF,BLSMOTE,ET,1,0.6923076923076923,0.65,0.7222222222222222,0.6842105263157895,0.7063492063492064,0.38786414695254845
lucene-2.0,POST_TFIDF,BLSMOTE,ET,2,0.6666666666666666,0.6666666666666666,0.5555555555555556,0.6060606060606061,0.6441798941798942,0.32530002431617777
lucene-2.0,POST_TFIDF,BLSMOTE,ET,3,0.717948717948718,0.7333333333333333,0.6111111111111112,0.6666666666666666,0.7010582010582012,0.4310225322189355
lucene-2.0,POST_TFIDF,BLSMOTE,ET,4,0.7692307692307693,0.7368421052631579,0.7777777777777778,0.7567567567567568,0.8187830687830688,0.538260448832108
lucene-2.0,POST_TFIDF,BLSMOTE,ET,5,0.717948717948718,0.7,0.7368421052631579,0.717948717948718,0.7276315789473684,0.4368421052631579
lucene-2.0,POST_TFIDF,BLSMOTE,SVM_RBF,1,0.6666666666666666,0.6086956521739131,0.7777777777777778,0.6829268292682927,0.7962962962962963,0.3539191986482828
lucene-2.0,POST_TFIDF,BLSMOTE,SVM_RBF,2,0.7948717948717948,0.75,0.8333333333333334,0.7894736842105263,0.8201058201058201,0.5936696126824721
lucene-2.0,POST_TFIDF,BLSMOTE,SVM_RBF,3,0.6923076923076923,0.6875,0.6111111111111112,0.6470588235294118,0.6997354497354498,0.3780500531015748
lucene-2.0,POST_TFIDF,BLSMOTE,SVM_RBF,4,0.7948717948717948,0.75,0.8333333333333334,0.7894736842105263,0.8306878306878307,0.5936696126824721
lucene-2.0,POST_TFIDF,BLSMOTE,SVM_RBF,5,0.6923076923076923,0.6842105263157895,0.6842105263157895,0.6842105263157895,0.743421052631579,0.38421052631578945
lucene-2.0,POST_TFIDF,BLSMOTE,GB,1,0.6666666666666666,0.6086956521739131,0.7777777777777778,0.6829268292682927,0.7407407407407407,0.3539191986482828
lucene-2.0,POST_TFIDF,BLSMOTE,GB,2,0.5897435897435898,0.5714285714285714,0.4444444444444444,0.5,0.6111111111111112,0.1649572197684645
lucene-2.0,POST_TFIDF,BLSMOTE,GB,3,0.6666666666666666,0.6470588235294118,0.6111111111111112,0.6285714285714286,0.6812169312169312,0.32713228744060363
lucene-2.0,POST_TFIDF,BLSMOTE,GB,4,0.8205128205128205,0.8666666666666667,0.7222222222222222,0.7878787878787878,0.8280423280423281,0.642467548024451
lucene-2.0,POST_TFIDF,BLSMOTE,GB,5,0.6666666666666666,0.6666666666666666,0.631578947368421,0.6486486486486487,0.7460526315789473,0.33245498310218435
lucene-2.0,RISK_FEATURES,NONE,LR,1,0.6923076923076923,0.65,0.7222222222222222,0.6842105263157895,0.6746031746031746,0.38786414695254845
lucene-2.0,RISK_FEATURES,NONE,LR,2,0.717948717948718,0.8888888888888888,0.4444444444444444,0.5925925925925926,0.8015873015873016,0.46953014151584255
lucene-2.0,RISK_FEATURES,NONE,LR,3,0.717948717948718,0.7333333333333333,0.6111111111111112,0.6666666666666666,0.6732804232804233,0.4310225322189355
lucene-2.0,RISK_FEATURES,NONE,LR,4,0.717948717948718,0.7058823529411765,0.6666666666666666,0.6857142857142857,0.753968253968254,0.4308571590681121
lucene-2.0,RISK_FEATURES,NONE,LR,5,0.6410256410256411,0.6666666666666666,0.5263157894736842,0.5882352941176471,0.706578947368421,0.2838874869788344
lucene-2.0,RISK_FEATURES,NONE,RF,1,0.6410256410256411,0.6111111111111112,0.6111111111111112,0.6111111111111112,0.6891534391534392,0.2777777777777778
lucene-2.0,RISK_FEATURES,NONE,RF,2,0.6666666666666666,0.6666666666666666,0.5555555555555556,0.6060606060606061,0.7645502645502644,0.32530002431617777
lucene-2.0,RISK_FEATURES,NONE,RF,3,0.6923076923076923,0.7142857142857143,0.5555555555555556,0.625,0.6878306878306878,0.3794016054674684
lucene-2.0,RISK_FEATURES,NONE,RF,4,0.717948717948718,0.7058823529411765,0.6666666666666666,0.6857142857142857,0.6957671957671959,0.4308571590681121
lucene-2.0,RISK_FEATURES,NONE,RF,5,0.6666666666666666,0.6875,0.5789473684210527,0.6285714285714286,0.6657894736842105,0.33426761706293606
lucene-2.0,RISK_FEATURES,NONE,ET,1,0.6410256410256411,0.6111111111111112,0.6111111111111112,0.6111111111111112,0.7076719576719577,0.2777777777777778
lucene-2.0,RISK_FEATURES,NONE,ET,2,0.717948717948718,0.7333333333333333,0.6111111111111112,0.6666666666666666,0.7738095238095237,0.4310225322189355
lucene-2.0,RISK_FEATURES,NONE,ET,3,0.6923076923076923,0.7142857142857143,0.5555555555555556,0.625,0.6865079365079365,0.3794016054674684
lucene-2.0,RISK_FEATURES,NONE,ET,4,0.717948717948718,0.7333333333333333,0.6111111111111112,0.6666666666666666,0.7076719576719577,0.4310225322189355
lucene-2.0,RISK_FEATURES,NONE,ET,5,0.6923076923076923,0.7058823529411765,0.631578947368421,0.6666666666666666,0.6644736842105263,0.38462756264684134
lucene-2.0,RISK_FEATURES,NONE,SVM_RBF,1,0.6923076923076923,0.65,0.7222222222222222,0.6842105263157895,0.6653439153439153,0.38786414695254845
lucene-2.0,RISK_FEATURES,NONE,SVM_RBF,2,0.717948717948718,0.7058823529411765,0.6666666666666666,0.6857142857142857,0.746031746031746,0.4308571590681121
lucene-2.0,RISK_FEATURES,NONE,SVM_RBF,3,0.6923076923076923,0.7142857142857143,0.5555555555555556,0.625,0.6772486772486772,0.3794016054674684
lucene-2.0,RISK_FEATURES,NONE,SVM_RBF,4,0.717948717948718,0.7058823529411765,0.6666666666666666,0.6857142857142857,0.7804232804232805,0.4308571590681121
lucene-2.0,RISK_FEATURES,NONE,SVM_RBF,5,0.6410256410256411,0.6666666666666666,0.5263157894736842,0.5882352941176471,0.6842105263157894,0.2838874869788344
lucene-2.0,RISK_FEATURES,NONE,GB,1,0.6410256410256411,0.6111111111111112,0.6111111111111112,0.6111111111111112,0.7156084656084656,0.2777777777777778
lucene-2.0,RISK_FEATURES,NONE,GB,2,0.6923076923076923,0.7142857142857143,0.5555555555555556,0.625,0.7248677248677249,0.3794016054674684
lucene-2.0,RISK_FEATURES,NONE,GB,3,0.6923076923076923,0.7142857142857143,0.5555555555555556,0.625,0.6851851851851852,0.3794016054674684
lucene-2.0,RISK_FEATURES,NONE,GB,4,0.717948717948718,0.7058823529411765,0.6666666666666666,0.6857142857142857,0.7301587301587302,0.4308571590681121
lucene-2.0,RISK_FEATURES,NONE,GB,5,0.6923076923076923,0.7058823529411765,0.631578947368421,0.6666666666666666,0.6842105263157895,0.38462756264684134
lucene-2.0,RISK_FEATURES,SMOTE,LR,1,0.6923076923076923,0.65,0.7222222222222222,0.6842105263157895,0.6732804232804233,0.38786414695254845
lucene-2.0,RISK_FEATURES,SMOTE,LR,2,0.7435897435897436,0.7222222222222222,0.7222222222222222,0.7222222222222222,0.8095238095238095,0.48412698412698413
lucene-2.0,RISK_FEATURES,SMOTE,LR,3,0.717948717948718,0.7333333333333333,0.6111111111111112,0.6666666666666666,0.667989417989418,0.4310225322189355
lucene-2.0,RISK_FEATURES,SMOTE,LR,4,0.7692307692307693,0.7368421052631579,0.7777777777777778,0.7567567567567568,0.7857142857142858,0.538260448832108
lucene-2.0,RISK_FEATURES,SMOTE,LR,5,0.6410256410256411,0.6666666666666666,0.5263157894736842,0.5882352941176471,0.7092105263157895,0.2838874869788344
lucene-2.0,RISK_FEATURES,SMOTE,RF,1,0.717948717948718,0.6666666666666666,0.7777777777777778,0.717948717948718,0.7103174603174603,0.4444444444444444
lucene-2.0,RISK_FEATURES,SMOTE,RF,2,0.6666666666666666,0.6666666666666666,0.5555555555555556,0.6060606060606061,0.7645502645502644,0.32530002431617777
lucene-2.0,RISK_FEATURES,SMOTE,RF,3,0.6666666666666666,0.631578947368421,0.6666666666666666,0.6486486486486487,0.6666666666666666,0.33245498310218435
lucene-2.0,RISK_FEATURES,SMOTE,RF,4,0.6923076923076923,0.6666666666666666,0.6666666666666666,0.6666666666666666,0.6904761904761906,0.38095238095238093
lucene-2.0,RISK_FEATURES,SMOTE,RF,5,0.6923076923076923,0.7058823529411765,0.631578947368421,0.6666666666666666,0.6736842105263157,0.38462756264684134
lucene-2.0,RISK_FEATURES,SMOTE,ET,1,0.6923076923076923,0.65,0.7222222222222222,0.6842105263157895,0.7076719576719577,0.38786414695254845
lucene-2.0,RISK_FEATURES,SMOTE,ET,2,0.717948717948718,0.7333333333333333,0.6111111111111112,0.6666666666666666,0.7632275132275133,0.4310225322189355
lucene-2.0,RISK_FEATURES,SMOTE,ET,3,0.6923076923076923,0.7142857142857143,0.5555555555555556,0.625,0.6666666666666667,0.3794016054674684
lucene-2.0,RISK_FEATURES,SMOTE,ET,4,0.6923076923076923,0.6875,0.6111111111111112,0.6470588235294118,0.7076719576719577,0.3780500531015748
lucene-2.0,RISK_FEATURES,SMOTE,ET,5,0.6923076923076923,0.7058823529411765,0.631578947368421,0.6666666666666666,0.675,0.38462756264684134
lucene-2.0,RISK_FEATURES,SMOTE,SVM_RBF,1,0.6923076923076923,0.65,0.7222222222222222,0.6842105263157895,0.7394179894179893,0.38786414695254845
lucene-2.0,RISK_FEATURES,SMOTE,SVM_RBF,2,0.717948717948718,0.7058823529411765,0.6666666666666666,0.6857142857142857,0.7433862433862434,0.4308571590681121
lucene-2.0,RISK_FEATURES,SMOTE,SVM_RBF,3,0.6923076923076923,0.7142857142857143,0.5555555555555556,0.625,0.6931216931216932,0.3794016054674684
lucene-2.0,RISK_FEATURES,SMOTE,SVM_RBF,4,0.6666666666666666,0.6,0.8333333333333334,0.6976744186046512,0.7592592592592593,0.37115374447904514
lucene-2.0,RISK_FEATURES,SMOTE,SVM_RBF,5,0.6923076923076923,0.7058823529411765,0.631578947368421,0.6666666666666666,0.6552631578947368,0.38462756264684134
lucene-2.0,RISK_FEATURES,SMOTE,GB,1,0.6923076923076923,0.65,0.7222222222222222,0.6842105263157895,0.7103174603174602,0.38786414695254845
lucene-2.0,RISK_FEATURES,SMOTE,GB,2,0.6923076923076923,0.7142857142857143,0.5555555555555556,0.625,0.7142857142857142,0.3794016054674684
lucene-2.0,RISK_FEATURES,SMOTE,GB,3,0.6666666666666666,0.631578947368421,0.6666666666666666,0.6486486486486487,0.6640211640211641,0.33245498310218435
lucene-2.0,RISK_FEATURES,SMOTE,GB,4,0.6923076923076923,0.6666666666666666,0.6666666666666666,0.6666666666666666,0.7354497354497355,0.38095238095238093
lucene-2.0,RISK_FEATURES,SMOTE,GB,5,0.6923076923076923,0.7058823529411765,0.631578947368421,0.6666666666666666,0.6894736842105261,0.38462756264684134
lucene-2.0,RISK_FEATURES,BLSMOTE,LR,1,0.6923076923076923,0.6363636363636364,0.7777777777777778,0.7,0.6441798941798941,0.39894181395195566
lucene-2.0,RISK_FEATURES,BLSMOTE,LR,2,0.717948717948718,0.7333333333333333,0.6111111111111112,0.6666666666666666,0.8042328042328042,0.4310225322189355
lucene-2.0,RISK_FEATURES,BLSMOTE,LR,3,0.6923076923076923,0.65,0.7222222222222222,0.6842105263157895,0.6693121693121693,0.38786414695254845
lucene-2.0,RISK_FEATURES,BLSMOTE,LR,4,0.717948717948718,0.7058823529411765,0.6666666666666666,0.6857142857142857,0.7380952380952381,0.4308571590681121
lucene-2.0,RISK_FEATURES,BLSMOTE,LR,5,0.6410256410256411,0.6666666666666666,0.5263157894736842,0.5882352941176471,0.7000000000000001,0.2838874869788344
lucene-2.0,RISK_FEATURES,BLSMOTE,RF,1,0.6666666666666666,0.631578947368421,0.6666666666666666,0.6486486486486487,0.7103174603174603,0.33245498310218435
lucene-2.0,RISK_FEATURES,BLSMOTE,RF,2,0.6666666666666666,0.6666666666666666,0.5555555555555556,0.6060606060606061,0.7698412698412698,0.32530002431617777
lucene-2.0,RISK_FEATURES,BLSMOTE,RF,3,0.6923076923076923,0.6875,0.6111111111111112,0.6470588235294118,0.6666666666666666,0.3780500531015748
lucene-2.0,RISK_FEATURES,BLSMOTE,RF,4,0.6923076923076923,0.6666666666666666,0.6666666666666666,0.6666666666666666,0.6957671957671959,0.38095238095238093
lucene-2.0,RISK_FEATURES,BLSMOTE,RF,5,0.6923076923076923,0.7058823529411765,0.631578947368421,0.6666666666666666,0.6657894736842105,0.38462756264684134
lucene-2.0,RISK_FEATURES,BLSMOTE,ET,1,0.6410256410256411,0.6111111111111112,0.6111111111111112,0.6111111111111112,0.7129629629629629,0.2777777777777778
lucene-2.0,RISK_FEATURES,BLSMOTE,ET,2,0.717948717948718,0.7333333333333333,0.6111111111111112,0.6666666666666666,0.7711640211640212,0.4310225322189355
lucene-2.0,RISK_FEATURES,BLSMOTE,ET,3,0.6923076923076923,0.7142857142857143,0.5555555555555556,0.625,0.6693121693121693,0.3794016054674684
lucene-2.0,RISK_FEATURES,BLSMOTE,ET,4,0.6923076923076923,0.6666666666666666,0.6666666666666666,0.6666666666666666,0.7076719576719577,0.38095238095238093
lucene-2.0,RISK_FEATURES,BLSMOTE,ET,5,0.6923076923076923,0.7058823529411765,0.631578947368421,0.6666666666666666,0.6671052631578948,0.38462756264684134
lucene-2.0,RISK_FEATURES,BLSMOTE,SVM_RBF,1,0.6666666666666666,0.6086956521739131,0.7777777777777778,0.6829268292682927,0.6759259259259259,0.3539191986482828
lucene-2.0,RISK_FEATURES,BLSMOTE,SVM_RBF,2,0.717948717948718,0.7058823529411765,0.6666666666666666,0.6857142857142857,0.7777777777777777,0.4308571590681121
lucene-2.0,RISK_FEATURES,BLSMOTE,SVM_RBF,3,0.6923076923076923,0.6875,0.6111111111111112,0.6470588235294118,0.671957671957672,0.3780500531015748
lucene-2.0,RISK_FEATURES,BLSMOTE,SVM_RBF,4,0.6410256410256411,0.5833333333333334,0.7777777777777778,0.6666666666666666,0.6534391534391535,0.30903502310036884
lucene-2.0,RISK_FEATURES,BLSMOTE,SVM_RBF,5,0.6923076923076923,0.7058823529411765,0.631578947368421,0.6666666666666666,0.6552631578947368,0.38462756264684134
lucene-2.0,RISK_FEATURES,BLSMOTE,GB,1,0.6410256410256411,0.5909090909090909,0.7222222222222222,0.65,0.7208994708994709,0.2952169423244472
lucene-2.0,RISK_FEATURES,BLSMOTE,GB,2,0.717948717948718,0.7058823529411765,0.6666666666666666,0.6857142857142857,0.753968253968254,0.4308571590681121
lucene-2.0,RISK_FEATURES,BLSMOTE,GB,3,0.6923076923076923,0.6875,0.6111111111111112,0.6470588235294118,0.6693121693121693,0.3780500531015748
lucene-2.0,RISK_FEATURES,BLSMOTE,GB,4,0.6923076923076923,0.6666666666666666,0.6666666666666666,0.6666666666666666,0.7301587301587302,0.38095238095238093
lucene-2.0,RISK_FEATURES,BLSMOTE,GB,5,0.6923076923076923,0.6842105263157895,0.6842105263157895,0.6842105263157895,0.6789473684210526,0.38421052631578945
lucene-2.0,METRICS_RISK,NONE,LR,1,0.6666666666666666,0.6190476190476191,0.7222222222222222,0.6666666666666666,0.8015873015873016,0.3412698412698413
lucene-2.0,METRICS_RISK,NONE,LR,2,0.8205128205128205,0.8666666666666667,0.7222222222222222,0.7878787878787878,0.8095238095238095,0.642467548024451
lucene-2.0,METRICS_RISK,NONE,LR,3,0.5641025641025641,0.5238095238095238,0.6111111111111112,0.5641025641025641,0.6428571428571429,0.1349206349206349
lucene-2.0,METRICS_RISK,NONE,LR,4,0.7948717948717948,0.7777777777777778,0.7777777777777778,0.7777777777777778,0.8518518518518517,0.5873015873015873
lucene-2.0,METRICS_RISK,NONE,LR,5,0.6666666666666666,0.7142857142857143,0.5263157894736842,0.6060606060606061,0.7105263157894737,0.3400132682063907
lucene-2.0,METRICS_RISK,NONE,RF,1,0.717948717948718,0.6666666666666666,0.7777777777777778,0.717948717948718,0.7473544973544973,0.4444444444444444
lucene-2.0,METRICS_RISK,NONE,RF,2,0.7435897435897436,0.8333333333333334,0.5555555555555556,0.6666666666666666,0.7962962962962963,0.4971996832111851
lucene-2.0,METRICS_RISK,NONE,RF,3,0.5897435897435898,0.5555555555555556,0.5555555555555556,0.5555555555555556,0.6825396825396826,0.1746031746031746
lucene-2.0,METRICS_RISK,NONE,RF,4,0.717948717948718,0.6842105263157895,0.7222222222222222,0.7027027027027027,0.8240740740740741,0.4353577159671462
lucene-2.0,METRICS_RISK,NONE,RF,5,0.6153846153846154,0.625,0.5263157894736842,0.5714285714285714,0.7210526315789474,0.2299761205393
lucene-2.0,METRICS_RISK,NONE,ET,1,0.7692307692307693,0.7142857142857143,0.8333333333333334,0.7692307692307693,0.7632275132275133,0.5476190476190477
lucene-2.0,METRICS_RISK,NONE,ET,2,0.7435897435897436,0.7857142857142857,0.6111111111111112,0.6875,0.753968253968254,0.4866237983169703
lucene-2.0,METRICS_RISK,NONE,ET,3,0.6153846153846154,0.5789473684210527,0.6111111111111112,0.5945945945945946,0.6547619047619048,0.22955225023722253
lucene-2.0,METRICS_RISK,NONE,ET,4,0.717948717948718,0.6842105263157895,0.7222222222222222,0.7027027027027027,0.7764550264550264,0.4353577159671462
lucene-2.0,METRICS_RISK,NONE,ET,5,0.6923076923076923,0.7333333333333333,0.5789473684210527,0.6470588235294118,0.6881578947368421,0.3893314107138301
lucene-2.0,METRICS_RISK,NONE,SVM_RBF,1,0.6923076923076923,0.625,0.8333333333333334,0.7142857142857143,0.7275132275132276,0.4147575310031266
lucene-2.0,METRICS_RISK,NONE,SVM_RBF,2,0.7692307692307693,0.7368421052631579,0.7777777777777778,0.7567567567567568,0.843915343915344,0.538260448832108
lucene-2.0,METRICS_RISK,NONE,SVM_RBF,3,0.6923076923076923,0.65,0.7222222222222222,0.6842105263157895,0.7116402116402116,0.38786414695254845
lucene-2.0,METRICS_RISK,NONE,SVM_RBF,4,0.7948717948717948,0.7777777777777778,0.7777777777777778,0.7777777777777778,0.8571428571428571,0.5873015873015873
lucene-2.0,METRICS_RISK,NONE,SVM_RBF,5,0.6410256410256411,0.6470588235294118,0.5789473684210527,0.6111111111111112,0.6710526315789473,0.28117601131424264
lucene-2.0,METRICS_RISK,NONE,GB,1,0.6410256410256411,0.5909090909090909,0.7222222222222222,0.65,0.746031746031746,0.2952169423244472
lucene-2.0,METRICS_RISK,NONE,GB,2,0.7692307692307693,0.8461538461538461,0.6111111111111112,0.7096774193548387,0.7857142857142858,0.545544725589981
lucene-2.0,METRICS_RISK,NONE,GB,3,0.6666666666666666,0.6190476190476191,0.7222222222222222,0.6666666666666666,0.7089947089947091,0.3412698412698413
lucene-2.0,METRICS_RISK,NONE,GB,4,0.7692307692307693,0.7368421052631579,0.7777777777777778,0.7567567567567568,0.8677248677248678,0.538260448832108
lucene-2.0,METRICS_RISK,NONE,GB,5,0.6153846153846154,0.625,0.5263157894736842,0.5714285714285714,0.7368421052631579,0.2299761205393
lucene-2.0,METRICS_RISK,SMOTE,LR,1,0.6923076923076923,0.6363636363636364,0.7777777777777778,0.7,0.791005291005291,0.39894181395195566
lucene-2.0,METRICS_RISK,SMOTE,LR,2,0.8205128205128205,0.8666666666666667,0.7222222222222222,0.7878787878787878,0.8095238095238095,0.642467548024451
lucene-2.0,METRICS_RISK,SMOTE,LR,3,0.5384615384615384,0.5,0.6111111111111112,0.55,0.6455026455026455,0.08776719906943024
lucene-2.0,METRICS_RISK,SMOTE,LR,4,0.8461538461538461,0.8333333333333334,0.8333333333333334,0.8333333333333334,0.8518518518518519,0.6904761904761905
lucene-2.0,METRICS_RISK,SMOTE,LR,5,0.6666666666666666,0.6666666666666666,0.631578947368421,0.6486486486486487,0.7,0.33245498310218435
lucene-2.0,METRICS_RISK,SMOTE,RF,1,0.7435897435897436,0.6818181818181818,0.8333333333333334,0.75,0.7619047619047619,0.5026666855794641
lucene-2.0,METRICS_RISK,SMOTE,RF,2,0.717948717948718,0.8181818181818182,0.5,0.6206896551724138,0.7671957671957672,0.4484047171389978
lucene-2.0,METRICS_RISK,SMOTE,RF,3,0.5897435897435898,0.5555555555555556,0.5555555555555556,0.5555555555555556,0.6851851851851853,0.1746031746031746
lucene-2.0,METRICS_RISK,SMOTE,RF,4,0.6923076923076923,0.6666666666666666,0.6666666666666666,0.6666666666666666,0.8095238095238096,0.38095238095238093
lucene-2.0,METRICS_RISK,SMOTE,RF,5,0.5897435897435898,0.5882352941176471,0.5263157894736842,0.5555555555555556,0.718421052631579,0.17772445998164393
lucene-2.0,METRICS_RISK,SMOTE,ET,1,0.7692307692307693,0.6956521739130435,0.8888888888888888,0.7804878048780488,0.7711640211640212,0.5630532705768135
lucene-2.0,METRICS_RISK,SMOTE,ET,2,0.717948717948718,0.7692307692307693,0.5555555555555556,0.6451612903225806,0.7592592592592593,0.4364357804719848
lucene-2.0,METRICS_RISK,SMOTE,ET,3,0.5641025641025641,0.5263157894736842,0.5555555555555556,0.5405405405405406,0.6468253968253967,0.1266495173722607
lucene-2.0,METRICS_RISK,SMOTE,ET,4,0.717948717948718,0.6842105263157895,0.7222222222222222,0.7027027027027027,0.806878306878307,0.4353577159671462
lucene-2.0,METRICS_RISK,SMOTE,ET,5,0.717948717948718,0.75,0.631578947368421,0.6857142857142857,0.7065789473684211,0.43855911358657207
lucene-2.0,METRICS_RISK,SMOTE,SVM_RBF,1,0.6923076923076923,0.6153846153846154,0.8888888888888888,0.7272727272727273,0.7433862433862435,0.4364357804719848
lucene-2.0,METRICS_RISK,SMOTE,SVM_RBF,2,0.7948717948717948,0.75,0.8333333333333334,0.7894736842105263,0.8201058201058201,0.5936696126824721
lucene-2.0,METRICS_RISK,SMOTE,SVM_RBF,3,0.6923076923076923,0.65,0.7222222222222222,0.6842105263157895,0.7063492063492064,0.38786414695254845
lucene-2.0,METRICS_RISK,SMOTE,SVM_RBF,4,0.7948717948717948,0.7777777777777778,0.7777777777777778,0.7777777777777778,0.8571428571428571,0.5873015873015873
lucene-2.0,METRICS_RISK,SMOTE,SVM_RBF,5,0.6410256410256411,0.6470588235294118,0.5789473684210527,0.6111111111111112,0.7105263157894737,0.28117601131424264
lucene-2.0,METRICS_RISK,SMOTE,GB,1,0.6666666666666666,0.6086956521739131,0.7777777777777778,0.6829268292682927,0.7751322751322751,0.3539191986482828
lucene-2.0,METRICS_RISK,SMOTE,GB,2,0.7435897435897436,0.75,0.6666666666666666,0.7058823529411765,0.7962962962962963,0.48261708906584017
lucene-2.0,METRICS_RISK,SMOTE,GB,3,0.717948717948718,0.6666666666666666,0.7777777777777778,0.717948717948718,0.7116402116402116,0.4444444444444444
lucene-2.0,METRICS_RISK,SMOTE,GB,4,0.7692307692307693,0.7142857142857143,0.8333333333333334,0.7692307692307693,0.8756613756613756,0.5476190476190477
lucene-2.0,METRICS_RISK,SMOTE,GB,5,0.6666666666666666,0.6875,0.5789473684210527,0.6285714285714286,0.7131578947368421,0.33426761706293606
lucene-2.0,METRICS_RISK,BLSMOTE,LR,1,0.6666666666666666,0.6190476190476191,0.7222222222222222,0.6666666666666666,0.7883597883597884,0.3412698412698413
lucene-2.0,METRICS_RISK,BLSMOTE,LR,2,0.7948717948717948,0.8571428571428571,0.6666666666666666,0.75,0.8121693121693121,0.5938459911664722
lucene-2.0,METRICS_RISK,BLSMOTE,LR,3,0.5384615384615384,0.5,0.6111111111111112,0.55,0.6534391534391534,0.08776719906943024
lucene-2.0,METRICS_RISK,BLSMOTE,LR,4,0.7692307692307693,0.7368421052631579,0.7777777777777778,0.7567567567567568,0.843915343915344,0.538260448832108
lucene-2.0,METRICS_RISK,BLSMOTE,LR,5,0.6666666666666666,0.6875,0.5789473684210527,0.6285714285714286,0.6868421052631578,0.33426761706293606
lucene-2.0,METRICS_RISK,BLSMOTE,RF,1,0.7435897435897436,0.6666666666666666,0.8888888888888888,0.7619047619047619,0.7777777777777778,0.5204800389058843
lucene-2.0,METRICS_RISK,BLSMOTE,RF,2,0.7435897435897436,0.7857142857142857,0.6111111111111112,0.6875,0.7883597883597884,0.4866237983169703
lucene-2.0,METRICS_RISK,BLSMOTE,RF,3,0.6410256410256411,0.6,0.6666666666666666,0.631578947368421,0.6613756613756614,0.28496141408758663
lucene-2.0,METRICS_RISK,BLSMOTE,RF,4,0.7692307692307693,0.7142857142857143,0.8333333333333334,0.7692307692307693,0.8267195767195767,0.5476190476190477
lucene-2.0,METRICS_RISK,BLSMOTE,RF,5,0.6666666666666666,0.7142857142857143,0.5263157894736842,0.6060606060606061,0.7144736842105263,0.3400132682063907
lucene-2.0,METRICS_RISK,BLSMOTE,ET,1,0.7435897435897436,0.6818181818181818,0.8333333333333334,0.75,0.7592592592592592,0.5026666855794641
lucene-2.0,METRICS_RISK,BLSMOTE,ET,2,0.6666666666666666,0.6923076923076923,0.5,0.5806451612903226,0.7341269841269842,0.3273268353539886
lucene-2.0,METRICS_RISK,BLSMOTE,ET,3,0.6410256410256411,0.6,0.6666666666666666,0.631578947368421,0.6375661375661376,0.28496141408758663
lucene-2.0,METRICS_RISK,BLSMOTE,ET,4,0.717948717948718,0.6842105263157895,0.7222222222222222,0.7027027027027027,0.802910052910053,0.4353577159671462
lucene-2.0,METRICS_RISK,BLSMOTE,ET,5,0.6923076923076923,0.7333333333333333,0.5789473684210527,0.6470588235294118,0.7039473684210527,0.3893314107138301
lucene-2.0,METRICS_RISK,BLSMOTE,SVM_RBF,1,0.6923076923076923,0.6153846153846154,0.8888888888888888,0.7272727272727273,0.738095238095238,0.4364357804719848
lucene-2.0,METRICS_RISK,BLSMOTE,SVM_RBF,2,0.7948717948717948,0.75,0.8333333333333334,0.7894736842105263,0.8306878306878307,0.5936696126824721
lucene-2.0,METRICS_RISK,BLSMOTE,SVM_RBF,3,0.6666666666666666,0.6190476190476191,0.7222222222222222,0.6666666666666666,0.6984126984126984,0.3412698412698413
lucene-2.0,METRICS_RISK,BLSMOTE,SVM_RBF,4,0.7948717948717948,0.75,0.8333333333333334,0.7894736842105263,0.8677248677248677,0.5936696126824721
lucene-2.0,METRICS_RISK,BLSMOTE,SVM_RBF,5,0.6666666666666666,0.6666666666666666,0.631578947368421,0.6486486486486487,0.6947368421052632,0.33245498310218435
lucene-2.0,METRICS_RISK,BLSMOTE,GB,1,0.6923076923076923,0.65,0.7222222222222222,0.6842105263157895,0.7513227513227513,0.38786414695254845
lucene-2.0,METRICS_RISK,BLSMOTE,GB,2,0.7435897435897436,0.8333333333333334,0.5555555555555556,0.6666666666666666,0.7724867724867726,0.4971996832111851
lucene-2.0,METRICS_RISK,BLSMOTE,GB,3,0.6666666666666666,0.6190476190476191,0.7222222222222222,0.6666666666666666,0.701058201058201,0.3412698412698413
lucene-2.0,METRICS_RISK,BLSMOTE,GB,4,0.7692307692307693,0.7142857142857143,0.8333333333333334,0.7692307692307693,0.8544973544973545,0.5476190476190477
lucene-2.0,METRICS_RISK,BLSMOTE,GB,5,0.6923076923076923,0.7333333333333333,0.5789473684210527,0.6470588235294118,0.7736842105263159,0.3893314107138301
lucene-2.0,METRICS_POST_TFIDF_RISK,NONE,LR,1,0.6666666666666666,0.6190476190476191,0.7222222222222222,0.6666666666666666,0.798941798941799,0.3412698412698413
lucene-2.0,METRICS_POST_TFIDF_RISK,NONE,LR,2,0.7692307692307693,0.8,0.6666666666666666,0.7272727272727273,0.8042328042328042,0.5367450401216933
lucene-2.0,METRICS_POST_TFIDF_RISK,NONE,LR,3,0.5641025641025641,0.5238095238095238,0.6111111111111112,0.5641025641025641,0.6428571428571429,0.1349206349206349
lucene-2.0,METRICS_POST_TFIDF_RISK,NONE,LR,4,0.8205128205128205,0.7894736842105263,0.8333333333333334,0.8108108108108109,0.8756613756613756,0.6411631816970699
lucene-2.0,METRICS_POST_TFIDF_RISK,NONE,LR,5,0.6666666666666666,0.7142857142857143,0.5263157894736842,0.6060606060606061,0.7342105263157894,0.3400132682063907
lucene-2.0,METRICS_POST_TFIDF_RISK,NONE,RF,1,0.6923076923076923,0.65,0.7222222222222222,0.6842105263157895,0.7817460317460317,0.38786414695254845
lucene-2.0,METRICS_POST_TFIDF_RISK,NONE,RF,2,0.7435897435897436,0.7857142857142857,0.6111111111111112,0.6875,0.7791005291005291,0.4866237983169703
lucene-2.0,METRICS_POST_TFIDF_RISK,NONE,RF,3,0.6923076923076923,0.6875,0.6111111111111112,0.6470588235294118,0.7632275132275133,0.3780500531015748
lucene-2.0,METRICS_POST_TFIDF_RISK,NONE,RF,4,0.7692307692307693,0.7647058823529411,0.7222222222222222,0.7428571428571429,0.8227513227513227,0.5345820306956206
lucene-2.0,METRICS_POST_TFIDF_RISK,NONE,RF,5,0.6666666666666666,0.6875,0.5789473684210527,0.6285714285714286,0.7263157894736841,0.33426761706293606
lucene-2.0,METRICS_POST_TFIDF_RISK,NONE,ET,1,0.7435897435897436,0.6666666666666666,0.8888888888888888,0.7619047619047619,0.757936507936508,0.5204800389058843
lucene-2.0,METRICS_POST_TFIDF_RISK,NONE,ET,2,0.717948717948718,0.7333333333333333,0.6111111111111112,0.6666666666666666,0.7261904761904762,0.4310225322189355
lucene-2.0,METRICS_POST_TFIDF_RISK,NONE,ET,3,0.6923076923076923,0.6666666666666666,0.6666666666666666,0.6666666666666666,0.708994708994709,0.38095238095238093
lucene-2.0,METRICS_POST_TFIDF_RISK,NONE,ET,4,0.8205128205128205,0.7619047619047619,0.8888888888888888,0.8205128205128205,0.8201058201058202,0.6507936507936508
lucene-2.0,METRICS_POST_TFIDF_RISK,NONE,ET,5,0.6923076923076923,0.7058823529411765,0.631578947368421,0.6666666666666666,0.7539473684210527,0.38462756264684134
lucene-2.0,METRICS_POST_TFIDF_RISK,NONE,SVM_RBF,1,0.6923076923076923,0.625,0.8333333333333334,0.7142857142857143,0.7301587301587301,0.4147575310031266
lucene-2.0,METRICS_POST_TFIDF_RISK,NONE,SVM_RBF,2,0.7692307692307693,0.7368421052631579,0.7777777777777778,0.7567567567567568,0.8386243386243386,0.538260448832108
lucene-2.0,METRICS_POST_TFIDF_RISK,NONE,SVM_RBF,3,0.6923076923076923,0.65,0.7222222222222222,0.6842105263157895,0.7116402116402116,0.38786414695254845
lucene-2.0,METRICS_POST_TFIDF_RISK,NONE,SVM_RBF,4,0.7948717948717948,0.7777777777777778,0.7777777777777778,0.7777777777777778,0.8571428571428571,0.5873015873015873
lucene-2.0,METRICS_POST_TFIDF_RISK,NONE,SVM_RBF,5,0.6410256410256411,0.6470588235294118,0.5789473684210527,0.6111111111111112,0.6763157894736842,0.28117601131424264
lucene-2.0,METRICS_POST_TFIDF_RISK,NONE,GB,1,0.6923076923076923,0.625,0.8333333333333334,0.7142857142857143,0.7116402116402116,0.4147575310031266
lucene-2.0,METRICS_POST_TFIDF_RISK,NONE,GB,2,0.717948717948718,0.7692307692307693,0.5555555555555556,0.6451612903225806,0.6931216931216931,0.4364357804719848
lucene-2.0,METRICS_POST_TFIDF_RISK,NONE,GB,3,0.6410256410256411,0.6111111111111112,0.6111111111111112,0.6111111111111112,0.7460317460317462,0.2777777777777778
lucene-2.0,METRICS_POST_TFIDF_RISK,NONE,GB,4,0.7948717948717948,0.75,0.8333333333333334,0.7894736842105263,0.8677248677248677,0.5936696126824721
lucene-2.0,METRICS_POST_TFIDF_RISK,NONE,GB,5,0.6923076923076923,0.7692307692307693,0.5263157894736842,0.625,0.7421052631578947,0.3990119375605064
lucene-2.0,METRICS_POST_TFIDF_RISK,SMOTE,LR,1,0.717948717948718,0.6521739130434783,0.8333333333333334,0.7317073170731707,0.7883597883597884,0.45848623461254817
lucene-2.0,METRICS_POST_TFIDF_RISK,SMOTE,LR,2,0.7948717948717948,0.8125,0.7222222222222222,0.7647058823529411,0.798941798941799,0.5871841250301055
lucene-2.0,METRICS_POST_TFIDF_RISK,SMOTE,LR,3,0.5641025641025641,0.5217391304347826,0.6666666666666666,0.5853658536585366,0.6428571428571429,0.14478512671975205
lucene-2.0,METRICS_POST_TFIDF_RISK,SMOTE,LR,4,0.8461538461538461,0.8333333333333334,0.8333333333333334,0.8333333333333334,0.8677248677248677,0.6904761904761905
lucene-2.0,METRICS_POST_TFIDF_RISK,SMOTE,LR,5,0.717948717948718,0.75,0.631578947368421,0.6857142857142857,0.7263157894736841,0.43855911358657207
lucene-2.0,METRICS_POST_TFIDF_RISK,SMOTE,RF,1,0.717948717948718,0.6521739130434783,0.8333333333333334,0.7317073170731707,0.7896825396825397,0.45848623461254817
lucene-2.0,METRICS_POST_TFIDF_RISK,SMOTE,RF,2,0.717948717948718,0.7692307692307693,0.5555555555555556,0.6451612903225806,0.7605820105820107,0.4364357804719848
lucene-2.0,METRICS_POST_TFIDF_RISK,SMOTE,RF,3,0.717948717948718,0.7058823529411765,0.6666666666666666,0.6857142857142857,0.7526455026455026,0.4308571590681121
lucene-2.0,METRICS_POST_TFIDF_RISK,SMOTE,RF,4,0.7692307692307693,0.7142857142857143,0.8333333333333334,0.7692307692307693,0.8267195767195767,0.5476190476190477
lucene-2.0,METRICS_POST_TFIDF_RISK,SMOTE,RF,5,0.6923076923076923,0.7058823529411765,0.631578947368421,0.6666666666666666,0.7447368421052631,0.38462756264684134
lucene-2.0,METRICS_POST_TFIDF_RISK,SMOTE,ET,1,0.7435897435897436,0.6818181818181818,0.8333333333333334,0.75,0.761904761904762,0.5026666855794641
lucene-2.0,METRICS_POST_TFIDF_RISK,SMOTE,ET,2,0.717948717948718,0.7333333333333333,0.6111111111111112,0.6666666666666666,0.6917989417989417,0.4310225322189355
lucene-2.0,METRICS_POST_TFIDF_RISK,SMOTE,ET,3,0.717948717948718,0.7058823529411765,0.6666666666666666,0.6857142857142857,0.6984126984126984,0.4308571590681121
lucene-2.0,METRICS_POST_TFIDF_RISK,SMOTE,ET,4,0.7435897435897436,0.7,0.7777777777777778,0.7368421052631579,0.828042328042328,0.49076687981751027
lucene-2.0,METRICS_POST_TFIDF_RISK,SMOTE,ET,5,0.6923076923076923,0.7058823529411765,0.631578947368421,0.6666666666666666,0.7394736842105264,0.38462756264684134
lucene-2.0,METRICS_POST_TFIDF_RISK,SMOTE,SVM_RBF,1,0.6923076923076923,0.6153846153846154,0.8888888888888888,0.7272727272727273,0.738095238095238,0.4364357804719848
lucene-2.0,METRICS_POST_TFIDF_RISK,SMOTE,SVM_RBF,2,0.7948717948717948,0.75,0.8333333333333334,0.7894736842105263,0.8148148148148149,0.5936696126824721
lucene-2.0,METRICS_POST_TFIDF_RISK,SMOTE,SVM_RBF,3,0.6923076923076923,0.65,0.7222222222222222,0.6842105263157895,0.7116402116402117,0.38786414695254845
lucene-2.0,METRICS_POST_TFIDF_RISK,SMOTE,SVM_RBF,4,0.7948717948717948,0.7777777777777778,0.7777777777777778,0.7777777777777778,0.8597883597883598,0.5873015873015873
lucene-2.0,METRICS_POST_TFIDF_RISK,SMOTE,SVM_RBF,5,0.6410256410256411,0.6470588235294118,0.5789473684210527,0.6111111111111112,0.7105263157894737,0.28117601131424264
lucene-2.0,METRICS_POST_TFIDF_RISK,SMOTE,GB,1,0.7435897435897436,0.6818181818181818,0.8333333333333334,0.75,0.7724867724867726,0.5026666855794641
lucene-2.0,METRICS_POST_TFIDF_RISK,SMOTE,GB,2,0.6923076923076923,0.7142857142857143,0.5555555555555556,0.625,0.671957671957672,0.3794016054674684
lucene-2.0,METRICS_POST_TFIDF_RISK,SMOTE,GB,3,0.6410256410256411,0.6111111111111112,0.6111111111111112,0.6111111111111112,0.7645502645502645,0.2777777777777778
lucene-2.0,METRICS_POST_TFIDF_RISK,SMOTE,GB,4,0.7692307692307693,0.7368421052631579,0.7777777777777778,0.7567567567567568,0.8465608465608466,0.538260448832108
lucene-2.0,METRICS_POST_TFIDF_RISK,SMOTE,GB,5,0.6666666666666666,0.7142857142857143,0.5263157894736842,0.6060606060606061,0.756578947368421,0.3400132682063907
lucene-2.0,METRICS_POST_TFIDF_RISK,BLSMOTE,LR,1,0.6666666666666666,0.6190476190476191,0.7222222222222222,0.6666666666666666,0.7857142857142857,0.3412698412698413
lucene-2.0,METRICS_POST_TFIDF_RISK,BLSMOTE,LR,2,0.7692307692307693,0.8,0.6666666666666666,0.7272727272727273,0.7936507936507937,0.5367450401216933
lucene-2.0,METRICS_POST_TFIDF_RISK,BLSMOTE,LR,3,0.5641025641025641,0.5217391304347826,0.6666666666666666,0.5853658536585366,0.634920634920635,0.14478512671975205
lucene-2.0,METRICS_POST_TFIDF_RISK,BLSMOTE,LR,4,0.7948717948717948,0.7777777777777778,0.7777777777777778,0.7777777777777778,0.8518518518518519,0.5873015873015873
lucene-2.0,METRICS_POST_TFIDF_RISK,BLSMOTE,LR,5,0.6666666666666666,0.6875,0.5789473684210527,0.6285714285714286,0.7078947368421052,0.33426761706293606
lucene-2.0,METRICS_POST_TFIDF_RISK,BLSMOTE,RF,1,0.717948717948718,0.6521739130434783,0.8333333333333334,0.7317073170731707,0.7671957671957672,0.45848623461254817
lucene-2.0,METRICS_POST_TFIDF_RISK,BLSMOTE,RF,2,0.7435897435897436,0.7857142857142857,0.6111111111111112,0.6875,0.7751322751322751,0.4866237983169703
lucene-2.0,METRICS_POST_TFIDF_RISK,BLSMOTE,RF,3,0.6666666666666666,0.6470588235294118,0.6111111111111112,0.6285714285714286,0.7698412698412698,0.32713228744060363
lucene-2.0,METRICS_POST_TFIDF_RISK,BLSMOTE,RF,4,0.7435897435897436,0.7222222222222222,0.7222222222222222,0.7222222222222222,0.8267195767195769,0.48412698412698413
lucene-2.0,METRICS_POST_TFIDF_RISK,BLSMOTE,RF,5,0.6666666666666666,0.6875,0.5789473684210527,0.6285714285714286,0.7342105263157894,0.33426761706293606
lucene-2.0,METRICS_POST_TFIDF_RISK,BLSMOTE,ET,1,0.717948717948718,0.6521739130434783,0.8333333333333334,0.7317073170731707,0.7447089947089948,0.45848623461254817
lucene-2.0,METRICS_POST_TFIDF_RISK,BLSMOTE,ET,2,0.6923076923076923,0.6875,0.6111111111111112,0.6470588235294118,0.6931216931216931,0.3780500531015748
lucene-2.0,METRICS_POST_TFIDF_RISK,BLSMOTE,ET,3,0.6410256410256411,0.6111111111111112,0.6111111111111112,0.6111111111111112,0.7182539682539684,0.2777777777777778
lucene-2.0,METRICS_POST_TFIDF_RISK,BLSMOTE,ET,4,0.7948717948717948,0.75,0.8333333333333334,0.7894736842105263,0.8227513227513228,0.5936696126824721
lucene-2.0,METRICS_POST_TFIDF_RISK,BLSMOTE,ET,5,0.6923076923076923,0.7058823529411765,0.631578947368421,0.6666666666666666,0.7684210526315789,0.38462756264684134
lucene-2.0,METRICS_POST_TFIDF_RISK,BLSMOTE,SVM_RBF,1,0.6923076923076923,0.6153846153846154,0.8888888888888888,0.7272727272727273,0.7275132275132274,0.4364357804719848
lucene-2.0,METRICS_POST_TFIDF_RISK,BLSMOTE,SVM_RBF,2,0.7948717948717948,0.75,0.8333333333333334,0.7894736842105263,0.8333333333333334,0.5936696126824721
lucene-2.0,METRICS_POST_TFIDF_RISK,BLSMOTE,SVM_RBF,3,0.6666666666666666,0.6190476190476191,0.7222222222222222,0.6666666666666666,0.6984126984126984,0.3412698412698413
lucene-2.0,METRICS_POST_TFIDF_RISK,BLSMOTE,SVM_RBF,4,0.7948717948717948,0.7777777777777778,0.7777777777777778,0.7777777777777778,0.8465608465608465,0.5873015873015873
lucene-2.0,METRICS_POST_TFIDF_RISK,BLSMOTE,SVM_RBF,5,0.6410256410256411,0.6470588235294118,0.5789473684210527,0.6111111111111112,0.6973684210526315,0.28117601131424264
lucene-2.0,METRICS_POST_TFIDF_RISK,BLSMOTE,GB,1,0.6923076923076923,0.625,0.8333333333333334,0.7142857142857143,0.7592592592592593,0.4147575310031266
lucene-2.0,METRICS_POST_TFIDF_RISK,BLSMOTE,GB,2,0.6666666666666666,0.6666666666666666,0.5555555555555556,0.6060606060606061,0.6825396825396826,0.32530002431617777
lucene-2.0,METRICS_POST_TFIDF_RISK,BLSMOTE,GB,3,0.6666666666666666,0.631578947368421,0.6666666666666666,0.6486486486486487,0.746031746031746,0.33245498310218435
lucene-2.0,METRICS_POST_TFIDF_RISK,BLSMOTE,GB,4,0.7692307692307693,0.7368421052631579,0.7777777777777778,0.7567567567567568,0.8544973544973545,0.538260448832108
lucene-2.0,METRICS_POST_TFIDF_RISK,BLSMOTE,GB,5,0.717948717948718,0.75,0.631578947368421,0.6857142857142857,0.7947368421052632,0.43855911358657207
lucene-2.0,METRICS_POST_TFIDF_RISK_SELECTED,NONE,LR,1,0.6923076923076923,0.65,0.7222222222222222,0.6842105263157895,0.7724867724867724,0.38786414695254845
lucene-2.0,METRICS_POST_TFIDF_RISK_SELECTED,NONE,LR,2,0.7692307692307693,0.8461538461538461,0.6111111111111112,0.7096774193548387,0.7698412698412699,0.545544725589981
lucene-2.0,METRICS_POST_TFIDF_RISK_SELECTED,NONE,LR,3,0.717948717948718,0.7058823529411765,0.6666666666666666,0.6857142857142857,0.6904761904761906,0.4308571590681121
lucene-2.0,METRICS_POST_TFIDF_RISK_SELECTED,NONE,LR,4,0.717948717948718,0.7333333333333333,0.6111111111111112,0.6666666666666666,0.7962962962962963,0.4310225322189355
lucene-2.0,METRICS_POST_TFIDF_RISK_SELECTED,NONE,LR,5,0.6410256410256411,0.6923076923076923,0.47368421052631576,0.5625,0.6894736842105262,0.29019050004400465
lucene-2.0,METRICS_POST_TFIDF_RISK_SELECTED,NONE,RF,1,0.717948717948718,0.6842105263157895,0.7222222222222222,0.7027027027027027,0.8029100529100529,0.4353577159671462
lucene-2.0,METRICS_POST_TFIDF_RISK_SELECTED,NONE,RF,2,0.717948717948718,0.8181818181818182,0.5,0.6206896551724138,0.7605820105820106,0.4484047171389978
lucene-2.0,METRICS_POST_TFIDF_RISK_SELECTED,NONE,RF,3,0.7692307692307693,0.7647058823529411,0.7222222222222222,0.7428571428571429,0.7619047619047619,0.5345820306956206
lucene-2.0,METRICS_POST_TFIDF_RISK_SELECTED,NONE,RF,4,0.7692307692307693,0.7368421052631579,0.7777777777777778,0.7567567567567568,0.8359788359788359,0.538260448832108
lucene-2.0,METRICS_POST_TFIDF_RISK_SELECTED,NONE,RF,5,0.6410256410256411,0.6666666666666666,0.5263157894736842,0.5882352941176471,0.7105263157894736,0.2838874869788344
lucene-2.0,METRICS_POST_TFIDF_RISK_SELECTED,NONE,ET,1,0.6923076923076923,0.65,0.7222222222222222,0.6842105263157895,0.7632275132275133,0.38786414695254845
lucene-2.0,METRICS_POST_TFIDF_RISK_SELECTED,NONE,ET,2,0.6666666666666666,0.6666666666666666,0.5555555555555556,0.6060606060606061,0.7089947089947091,0.32530002431617777
lucene-2.0,METRICS_POST_TFIDF_RISK_SELECTED,NONE,ET,3,0.6666666666666666,0.6470588235294118,0.6111111111111112,0.6285714285714286,0.6957671957671957,0.32713228744060363
lucene-2.0,METRICS_POST_TFIDF_RISK_SELECTED,NONE,ET,4,0.7948717948717948,0.7272727272727273,0.8888888888888888,0.8,0.8214285714285715,0.6063915572069726
lucene-2.0,METRICS_POST_TFIDF_RISK_SELECTED,NONE,ET,5,0.6410256410256411,0.6666666666666666,0.5263157894736842,0.5882352941176471,0.7315789473684211,0.2838874869788344
lucene-2.0,METRICS_POST_TFIDF_RISK_SELECTED,NONE,SVM_RBF,1,0.6923076923076923,0.65,0.7222222222222222,0.6842105263157895,0.7275132275132276,0.38786414695254845
lucene-2.0,METRICS_POST_TFIDF_RISK_SELECTED,NONE,SVM_RBF,2,0.7692307692307693,0.7368421052631579,0.7777777777777778,0.7567567567567568,0.7910052910052909,0.538260448832108
lucene-2.0,METRICS_POST_TFIDF_RISK_SELECTED,NONE,SVM_RBF,3,0.6923076923076923,0.6875,0.6111111111111112,0.6470588235294118,0.7142857142857143,0.3780500531015748
lucene-2.0,METRICS_POST_TFIDF_RISK_SELECTED,NONE,SVM_RBF,4,0.7948717948717948,0.7777777777777778,0.7777777777777778,0.7777777777777778,0.798941798941799,0.5873015873015873
lucene-2.0,METRICS_POST_TFIDF_RISK_SELECTED,NONE,SVM_RBF,5,0.6410256410256411,0.6666666666666666,0.5263157894736842,0.5882352941176471,0.7026315789473684,0.2838874869788344
lucene-2.0,METRICS_POST_TFIDF_RISK_SELECTED,NONE,GB,1,0.6666666666666666,0.6,0.8333333333333334,0.6976744186046512,0.7486772486772486,0.37115374447904514
lucene-2.0,METRICS_POST_TFIDF_RISK_SELECTED,NONE,GB,2,0.6410256410256411,0.6666666666666666,0.4444444444444444,0.5333333333333333,0.6693121693121693,0.2743170665992745
lucene-2.0,METRICS_POST_TFIDF_RISK_SELECTED,NONE,GB,3,0.7435897435897436,0.75,0.6666666666666666,0.7058823529411765,0.7301587301587301,0.48261708906584017
lucene-2.0,METRICS_POST_TFIDF_RISK_SELECTED,NONE,GB,4,0.7435897435897436,0.6818181818181818,0.8333333333333334,0.75,0.8465608465608466,0.5026666855794641
lucene-2.0,METRICS_POST_TFIDF_RISK_SELECTED,NONE,GB,5,0.7435897435897436,0.7647058823529411,0.6842105263157895,0.7222222222222222,0.7710526315789474,0.48807911397944004
lucene-2.0,METRICS_POST_TFIDF_RISK_SELECTED,SMOTE,LR,1,0.6666666666666666,0.6190476190476191,0.7222222222222222,0.6666666666666666,0.7698412698412699,0.3412698412698413
lucene-2.0,METRICS_POST_TFIDF_RISK_SELECTED,SMOTE,LR,2,0.7692307692307693,0.8,0.6666666666666666,0.7272727272727273,0.8068783068783069,0.5367450401216933
lucene-2.0,METRICS_POST_TFIDF_RISK_SELECTED,SMOTE,LR,3,0.6153846153846154,0.5652173913043478,0.7222222222222222,0.6341463414634146,0.7195767195767196,0.24935216268401741
lucene-2.0,METRICS_POST_TFIDF_RISK_SELECTED,SMOTE,LR,4,0.717948717948718,0.6842105263157895,0.7222222222222222,0.7027027027027027,0.8306878306878307,0.4353577159671462
lucene-2.0,METRICS_POST_TFIDF_RISK_SELECTED,SMOTE,LR,5,0.717948717948718,0.7857142857142857,0.5789473684210527,0.6666666666666666,0.6868421052631579,0.44695292514227164
lucene-2.0,METRICS_POST_TFIDF_RISK_SELECTED,SMOTE,RF,1,0.6923076923076923,0.65,0.7222222222222222,0.6842105263157895,0.7711640211640212,0.38786414695254845
lucene-2.0,METRICS_POST_TFIDF_RISK_SELECTED,SMOTE,RF,2,0.6923076923076923,0.75,0.5,0.6,0.7526455026455027,0.3857583749052298
lucene-2.0,METRICS_POST_TFIDF_RISK_SELECTED,SMOTE,RF,3,0.6666666666666666,0.6470588235294118,0.6111111111111112,0.6285714285714286,0.7433862433862434,0.32713228744060363
lucene-2.0,METRICS_POST_TFIDF_RISK_SELECTED,SMOTE,RF,4,0.7435897435897436,0.7,0.7777777777777778,0.7368421052631579,0.8386243386243386,0.49076687981751027
lucene-2.0,METRICS_POST_TFIDF_RISK_SELECTED,SMOTE,RF,5,0.6666666666666666,0.6875,0.5789473684210527,0.6285714285714286,0.725,0.33426761706293606
lucene-2.0,METRICS_POST_TFIDF_RISK_SELECTED,SMOTE,ET,1,0.6923076923076923,0.6363636363636364,0.7777777777777778,0.7,0.75,0.39894181395195566
lucene-2.0,METRICS_POST_TFIDF_RISK_SELECTED,SMOTE,ET,2,0.6923076923076923,0.6875,0.6111111111111112,0.6470588235294118,0.7076719576719577,0.3780500531015748
lucene-2.0,METRICS_POST_TFIDF_RISK_SELECTED,SMOTE,ET,3,0.6666666666666666,0.6470588235294118,0.6111111111111112,0.6285714285714286,0.7037037037037037,0.32713228744060363
lucene-2.0,METRICS_POST_TFIDF_RISK_SELECTED,SMOTE,ET,4,0.8205128205128205,0.7619047619047619,0.8888888888888888,0.8205128205128205,0.8121693121693122,0.6507936507936508
lucene-2.0,METRICS_POST_TFIDF_RISK_SELECTED,SMOTE,ET,5,0.6666666666666666,0.7142857142857143,0.5263157894736842,0.6060606060606061,0.7276315789473683,0.3400132682063907
lucene-2.0,METRICS_POST_TFIDF_RISK_SELECTED,SMOTE,SVM_RBF,1,0.6410256410256411,0.5833333333333334,0.7777777777777778,0.6666666666666666,0.7275132275132276,0.30903502310036884
lucene-2.0,METRICS_POST_TFIDF_RISK_SELECTED,SMOTE,SVM_RBF,2,0.7692307692307693,0.8461538461538461,0.6111111111111112,0.7096774193548387,0.8492063492063492,0.545544725589981
lucene-2.0,METRICS_POST_TFIDF_RISK_SELECTED,SMOTE,SVM_RBF,3,0.6666666666666666,0.6470588235294118,0.6111111111111112,0.6285714285714286,0.7222222222222222,0.32713228744060363
lucene-2.0,METRICS_POST_TFIDF_RISK_SELECTED,SMOTE,SVM_RBF,4,0.7692307692307693,0.7142857142857143,0.8333333333333334,0.7692307692307693,0.8412698412698413,0.5476190476190477
lucene-2.0,METRICS_POST_TFIDF_RISK_SELECTED,SMOTE,SVM_RBF,5,0.5897435897435898,0.5882352941176471,0.5263157894736842,0.5555555555555556,0.6789473684210525,0.17772445998164393
lucene-2.0,METRICS_POST_TFIDF_RISK_SELECTED,SMOTE,GB,1,0.6666666666666666,0.6086956521739131,0.7777777777777778,0.6829268292682927,0.7592592592592593,0.3539191986482828
lucene-2.0,METRICS_POST_TFIDF_RISK_SELECTED,SMOTE,GB,2,0.6153846153846154,0.6153846153846154,0.4444444444444444,0.5161290322580645,0.6534391534391535,0.2182178902359924
lucene-2.0,METRICS_POST_TFIDF_RISK_SELECTED,SMOTE,GB,3,0.717948717948718,0.7333333333333333,0.6111111111111112,0.6666666666666666,0.7711640211640212,0.4310225322189355
lucene-2.0,METRICS_POST_TFIDF_RISK_SELECTED,SMOTE,GB,4,0.717948717948718,0.6666666666666666,0.7777777777777778,0.717948717948718,0.828042328042328,0.4444444444444444
lucene-2.0,METRICS_POST_TFIDF_RISK_SELECTED,SMOTE,GB,5,0.6666666666666666,0.7142857142857143,0.5263157894736842,0.6060606060606061,0.731578947368421,0.3400132682063907
lucene-2.0,METRICS_POST_TFIDF_RISK_SELECTED,BLSMOTE,LR,1,0.6923076923076923,0.65,0.7222222222222222,0.6842105263157895,0.7751322751322751,0.38786414695254845
lucene-2.0,METRICS_POST_TFIDF_RISK_SELECTED,BLSMOTE,LR,2,0.7435897435897436,0.7222222222222222,0.7222222222222222,0.7222222222222222,0.791005291005291,0.48412698412698413
lucene-2.0,METRICS_POST_TFIDF_RISK_SELECTED,BLSMOTE,LR,3,0.6666666666666666,0.6470588235294118,0.6111111111111112,0.6285714285714286,0.6587301587301587,0.32713228744060363
lucene-2.0,METRICS_POST_TFIDF_RISK_SELECTED,BLSMOTE,LR,4,0.7435897435897436,0.7222222222222222,0.7222222222222222,0.7222222222222222,0.8333333333333334,0.48412698412698413
lucene-2.0,METRICS_POST_TFIDF_RISK_SELECTED,BLSMOTE,LR,5,0.6666666666666666,0.7142857142857143,0.5263157894736842,0.6060606060606061,0.7105263157894737,0.3400132682063907
lucene-2.0,METRICS_POST_TFIDF_RISK_SELECTED,BLSMOTE,RF,1,0.6923076923076923,0.65,0.7222222222222222,0.6842105263157895,0.7751322751322751,0.38786414695254845
lucene-2.0,METRICS_POST_TFIDF_RISK_SELECTED,BLSMOTE,RF,2,0.717948717948718,0.7692307692307693,0.5555555555555556,0.6451612903225806,0.7275132275132276,0.4364357804719848
lucene-2.0,METRICS_POST_TFIDF_RISK_SELECTED,BLSMOTE,RF,3,0.6153846153846154,0.5882352941176471,0.5555555555555556,0.5714285714285714,0.7275132275132276,0.22340741581309517
lucene-2.0,METRICS_POST_TFIDF_RISK_SELECTED,BLSMOTE,RF,4,0.7435897435897436,0.6818181818181818,0.8333333333333334,0.75,0.8412698412698413,0.5026666855794641
lucene-2.0,METRICS_POST_TFIDF_RISK_SELECTED,BLSMOTE,RF,5,0.6666666666666666,0.6875,0.5789473684210527,0.6285714285714286,0.7421052631578947,0.33426761706293606
lucene-2.0,METRICS_POST_TFIDF_RISK_SELECTED,BLSMOTE,ET,1,0.717948717948718,0.6521739130434783,0.8333333333333334,0.7317073170731707,0.7883597883597884,0.45848623461254817
lucene-2.0,METRICS_POST_TFIDF_RISK_SELECTED,BLSMOTE,ET,2,0.6410256410256411,0.6428571428571429,0.5,0.5625,0.7063492063492064,0.2721794126179664
lucene-2.0,METRICS_POST_TFIDF_RISK_SELECTED,BLSMOTE,ET,3,0.6923076923076923,0.6875,0.6111111111111112,0.6470588235294118,0.7142857142857143,0.3780500531015748
lucene-2.0,METRICS_POST_TFIDF_RISK_SELECTED,BLSMOTE,ET,4,0.7692307692307693,0.7142857142857143,0.8333333333333334,0.7692307692307693,0.8148148148148148,0.5476190476190477
lucene-2.0,METRICS_POST_TFIDF_RISK_SELECTED,BLSMOTE,ET,5,0.6923076923076923,0.7333333333333333,0.5789473684210527,0.6470588235294118,0.7421052631578947,0.3893314107138301
lucene-2.0,METRICS_POST_TFIDF_RISK_SELECTED,BLSMOTE,SVM_RBF,1,0.6923076923076923,0.6153846153846154,0.8888888888888888,0.7272727272727273,0.6851851851851851,0.4364357804719848
lucene-2.0,METRICS_POST_TFIDF_RISK_SELECTED,BLSMOTE,SVM_RBF,2,0.7435897435897436,0.7222222222222222,0.7222222222222222,0.7222222222222222,0.8082010582010581,0.48412698412698413
lucene-2.0,METRICS_POST_TFIDF_RISK_SELECTED,BLSMOTE,SVM_RBF,3,0.6666666666666666,0.6470588235294118,0.6111111111111112,0.6285714285714286,0.7301587301587301,0.32713228744060363
lucene-2.0,METRICS_POST_TFIDF_RISK_SELECTED,BLSMOTE,SVM_RBF,4,0.7435897435897436,0.7,0.7777777777777778,0.7368421052631579,0.7936507936507937,0.49076687981751027
lucene-2.0,METRICS_POST_TFIDF_RISK_SELECTED,BLSMOTE,SVM_RBF,5,0.717948717948718,0.7,0.7368421052631579,0.717948717948718,0.7078947368421052,0.4368421052631579
lucene-2.0,METRICS_POST_TFIDF_RISK_SELECTED,BLSMOTE,GB,1,0.6923076923076923,0.625,0.8333333333333334,0.7142857142857143,0.7248677248677249,0.4147575310031266
lucene-2.0,METRICS_POST_TFIDF_RISK_SELECTED,BLSMOTE,GB,2,0.5897435897435898,0.5833333333333334,0.3888888888888889,0.4666666666666667,0.6587301587301587,0.16287575829331924
lucene-2.0,METRICS_POST_TFIDF_RISK_SELECTED,BLSMOTE,GB,3,0.6923076923076923,0.6875,0.6111111111111112,0.6470588235294118,0.7407407407407408,0.3780500531015748
lucene-2.0,METRICS_POST_TFIDF_RISK_SELECTED,BLSMOTE,GB,4,0.7692307692307693,0.6956521739130435,0.8888888888888888,0.7804878048780488,0.8306878306878307,0.5630532705768135
lucene-2.0,METRICS_POST_TFIDF_RISK_SELECTED,BLSMOTE,GB,5,0.6923076923076923,0.7058823529411765,0.631578947368421,0.6666666666666666,0.7605263157894737,0.38462756264684134
poi-1.5,METRICS,NONE,LR,1,0.6875,0.6944444444444444,0.8620689655172413,0.7692307692307693,0.7186932849364791,0.3197473291631332
poi-1.5,METRICS,NONE,LR,2,0.7291666666666666,0.7419354838709677,0.8214285714285714,0.7796610169491526,0.7410714285714286,0.4344228714374682
poi-1.5,METRICS,NONE,LR,3,0.6595744680851063,0.7,0.75,0.7241379310344828,0.7509398496240601,0.28221261993096125
poi-1.5,METRICS,NONE,LR,4,0.723404255319149,0.7586206896551724,0.7857142857142857,0.7719298245614035,0.8383458646616542,0.4212713328826653
poi-1.5,METRICS,NONE,LR,5,0.6170212765957447,0.65625,0.75,0.7,0.6766917293233083,0.1800797825136832
poi-1.5,METRICS,NONE,RF,1,0.7291666666666666,0.75,0.8275862068965517,0.7868852459016393,0.7513611615245008,0.4217326631901446
poi-1.5,METRICS,NONE,RF,2,0.8541666666666666,0.8181818181818182,0.9642857142857143,0.8852459016393442,0.8910714285714285,0.7065555740497552
poi-1.5,METRICS,NONE,RF,3,0.723404255319149,0.7586206896551724,0.7857142857142857,0.7719298245614035,0.7791353383458647,0.4212713328826653
poi-1.5,METRICS,NONE,RF,4,0.8297872340425532,0.8846153846153846,0.8214285714285714,0.8518518518518519,0.837406015037594,0.6549717489769439
poi-1.5,METRICS,NONE,RF,5,0.6808510638297872,0.76,0.6785714285714286,0.7169811320754716,0.6795112781954887,0.3567961406569535
poi-1.5,METRICS,NONE,ET,1,0.6041666666666666,0.65625,0.7241379310344828,0.6885245901639344,0.6932849364791288,0.15061880828219448
poi-1.5,METRICS,NONE,ET,2,0.8125,0.7878787878787878,0.9285714285714286,0.8524590163934426,0.8401785714285714,0.6153871128820448
poi-1.5,METRICS,NONE,ET,3,0.6382978723404256,0.7037037037037037,0.6785714285714286,0.6909090909090909,0.7509398496240601,0.2556041325376307
poi-1.5,METRICS,NONE,ET,4,0.8085106382978723,0.8275862068965517,0.8571428571428571,0.8421052631578947,0.8327067669172933,0.599647482841992
poi-1.5,METRICS,NONE,ET,5,0.6170212765957447,0.6923076923076923,0.6428571428571429,0.6666666666666666,0.6325187969924813,0.21894239767501242
poi-1.5,METRICS,NONE,SVM_RBF,1,0.7291666666666666,0.7222222222222222,0.896551724137931,0.8,0.7622504537205083,0.41813112275178954
poi-1.5,METRICS,NONE,SVM_RBF,2,0.7708333333333334,0.717948717948718,1.0,0.835820895522388,0.8767857142857143,0.5683985600588052
poi-1.5,METRICS,NONE,SVM_RBF,3,0.7021276595744681,0.75,0.75,0.75,0.743421052631579,0.3815789473684211
poi-1.5,METRICS,NONE,SVM_RBF,4,0.8297872340425532,0.8571428571428571,0.8571428571428571,0.8571428571428571,0.8609022556390977,0.6466165413533834
poi-1.5,METRICS,NONE,SVM_RBF,5,0.6170212765957447,0.65625,0.75,0.7,0.6484962406015038,0.1800797825136832
poi-1.5,METRICS,NONE,GB,1,0.625,0.6774193548387096,0.7241379310344828,0.7,0.7268602540834845,0.20227648160309872
poi-1.5,METRICS,NONE,GB,2,0.8125,0.7714285714285715,0.9642857142857143,0.8571428571428571,0.8107142857142857,0.6260187928827586
poi-1.5,METRICS,NONE,GB,3,0.723404255319149,0.7777777777777778,0.75,0.7636363636363637,0.7941729323308271,0.4309821504831583
poi-1.5,METRICS,NONE,GB,4,0.8085106382978723,0.8518518518518519,0.8214285714285714,0.8363636363636363,0.8120300751879699,0.6063601684286859
poi-1.5,METRICS,NONE,GB,5,0.7021276595744681,0.75,0.75,0.75,0.7124060150375939,0.3815789473684211
poi-1.5,METRICS,SMOTE,LR,1,0.7083333333333334,0.7272727272727273,0.8275862068965517,0.7741935483870968,0.7078039927404718,0.3733844372279492
poi-1.5,METRICS,SMOTE,LR,2,0.75,0.7857142857142857,0.7857142857142857,0.7857142857142857,0.7464285714285714,0.4857142857142857
poi-1.5,METRICS,SMOTE,LR,3,0.5957446808510638,0.68,0.6071428571428571,0.6415094339622641,0.7471804511278196,0.18301978199501756
poi-1.5,METRICS,SMOTE,LR,4,0.723404255319149,0.8260869565217391,0.6785714285714286,0.7450980392156863,0.8157894736842105,0.45948780771603304
poi-1.5,METRICS,SMOTE,LR,5,0.6808510638297872,0.7241379310344828,0.75,0.7368421052631579,0.6635338345864662,0.3320832579030019
poi-1.5,METRICS,SMOTE,RF,1,0.75,0.7741935483870968,0.8275862068965517,0.8,0.7422867513611616,0.4695041270237062
poi-1.5,METRICS,SMOTE,RF,2,0.8125,0.7714285714285715,0.9642857142857143,0.8571428571428571,0.8964285714285715,0.6260187928827586
poi-1.5,METRICS,SMOTE,RF,3,0.7446808510638298,0.7857142857142857,0.7857142857142857,0.7857142857142857,0.7838345864661654,0.4699248120300752
poi-1.5,METRICS,SMOTE,RF,4,0.8085106382978723,0.8518518518518519,0.8214285714285714,0.8363636363636363,0.8270676691729324,0.6063601684286859
poi-1.5,METRICS,SMOTE,RF,5,0.5957446808510638,0.7142857142857143,0.5357142857142857,0.6122448979591837,0.6635338345864662,0.2170869536269191
poi-1.5,METRICS,SMOTE,ET,1,0.6458333333333334,0.6875,0.7586206896551724,0.7213114754098361,0.7150635208711433,0.2409900932515112
poi-1.5,METRICS,SMOTE,ET,2,0.8125,0.7878787878787878,0.9285714285714286,0.8524590163934426,0.8571428571428572,0.6153871128820448
poi-1.5,METRICS,SMOTE,ET,3,0.6382978723404256,0.7037037037037037,0.6785714285714286,0.6909090909090909,0.7387218045112782,0.2556041325376307
poi-1.5,METRICS,SMOTE,ET,4,0.7872340425531915,0.8214285714285714,0.8214285714285714,0.8214285714285714,0.8270676691729324,0.5582706766917294
poi-1.5,METRICS,SMOTE,ET,5,0.5531914893617021,0.64,0.5714285714285714,0.6037735849056604,0.6193609022556391,0.09613160266404963
poi-1.5,METRICS,SMOTE,SVM_RBF,1,0.75,0.7428571428571429,0.896551724137931,0.8125,0.7586206896551725,0.4653443264241854
poi-1.5,METRICS,SMOTE,SVM_RBF,2,0.8125,0.7567567567567568,1.0,0.8615384615384616,0.8982142857142857,0.6451482125963119
poi-1.5,METRICS,SMOTE,SVM_RBF,3,0.7021276595744681,0.75,0.75,0.75,0.7396616541353385,0.3815789473684211
poi-1.5,METRICS,SMOTE,SVM_RBF,4,0.7872340425531915,0.875,0.75,0.8076923076923077,0.8439849624060151,0.5812797567491984
poi-1.5,METRICS,SMOTE,SVM_RBF,5,0.6595744680851063,0.7,0.75,0.7241379310344828,0.631578947368421,0.28221261993096125
poi-1.5,METRICS,SMOTE,GB,1,0.6458333333333334,0.7,0.7241379310344828,0.711864406779661,0.7268602540834845,0.25299177790082517
poi-1.5,METRICS,SMOTE,GB,2,0.7708333333333334,0.7575757575757576,0.8928571428571429,0.819672131147541,0.7892857142857144,0.5242186517143345
poi-1.5,METRICS,SMOTE,GB,3,0.723404255319149,0.7777777777777778,0.75,0.7636363636363637,0.8092105263157895,0.4309821504831583
poi-1.5,METRICS,SMOTE,GB,4,0.7446808510638298,0.8333333333333334,0.7142857142857143,0.7692307692307693,0.8280075187969924,0.4945491263770958
poi-1.5,METRICS,SMOTE,GB,5,0.6382978723404256,0.7619047619047619,0.5714285714285714,0.6530612244897959,0.7199248120300752,0.3042928238873054
poi-1.5,METRICS,BLSMOTE,LR,1,0.6458333333333334,0.7142857142857143,0.6896551724137931,0.7017543859649122,0.6805807622504537,0.26643538496884184
poi-1.5,METRICS,BLSMOTE,LR,2,0.75,0.7857142857142857,0.7857142857142857,0.7857142857142857,0.7267857142857143,0.4857142857142857
poi-1.5,METRICS,BLSMOTE,LR,3,0.6382978723404256,0.7037037037037037,0.6785714285714286,0.6909090909090909,0.7603383458646616,0.2556041325376307
poi-1.5,METRICS,BLSMOTE,LR,4,0.7446808510638298,0.8636363636363636,0.6785714285714286,0.76,0.8045112781954887,0.512085652652726
poi-1.5,METRICS,BLSMOTE,LR,5,0.6595744680851063,0.7142857142857143,0.7142857142857143,0.7142857142857143,0.6541353383458647,0.2932330827067669
poi-1.5,METRICS,BLSMOTE,RF,1,0.7083333333333334,0.7419354838709677,0.7931034482758621,0.7666666666666667,0.7268602540834846,0.38042824521683705
poi-1.5,METRICS,BLSMOTE,RF,2,0.7916666666666666,0.7647058823529411,0.9285714285714286,0.8387096774193549,0.8767857142857143,0.5733162099493055
poi-1.5,METRICS,BLSMOTE,RF,3,0.723404255319149,0.7777777777777778,0.75,0.7636363636363637,0.7781954887218046,0.4309821504831583
poi-1.5,METRICS,BLSMOTE,RF,4,0.8297872340425532,0.8846153846153846,0.8214285714285714,0.8518518518518519,0.8439849624060151,0.6549717489769439
poi-1.5,METRICS,BLSMOTE,RF,5,0.6170212765957447,0.75,0.5357142857142857,0.625,0.6842105263157895,0.2705299212989522
poi-1.5,METRICS,BLSMOTE,ET,1,0.6458333333333334,0.7,0.7241379310344828,0.711864406779661,0.6960072595281307,0.25299177790082517
poi-1.5,METRICS,BLSMOTE,ET,2,0.8125,0.7878787878787878,0.9285714285714286,0.8524590163934426,0.842857142857143,0.6153871128820448
poi-1.5,METRICS,BLSMOTE,ET,3,0.6808510638297872,0.76,0.6785714285714286,0.7169811320754716,0.7687969924812029,0.3567961406569535
poi-1.5,METRICS,BLSMOTE,ET,4,0.7659574468085106,0.8148148148148148,0.7857142857142857,0.8,0.8308270676691729,0.5186711594559221
poi-1.5,METRICS,BLSMOTE,ET,5,0.574468085106383,0.6538461538461539,0.6071428571428571,0.6296296296296297,0.6231203007518797,0.1317365274146261
poi-1.5,METRICS,BLSMOTE,SVM_RBF,1,0.6875,0.7916666666666666,0.6551724137931034,0.7169811320754716,0.7531760435571688,0.3834128905580745
poi-1.5,METRICS,BLSMOTE,SVM_RBF,2,0.75,0.75,0.8571428571428571,0.8,0.8714285714285714,0.47809144373375745
poi-1.5,METRICS,BLSMOTE,SVM_RBF,3,0.7021276595744681,0.7692307692307693,0.7142857142857143,0.7407407407407407,0.7847744360902256,0.393354138195785
poi-1.5,METRICS,BLSMOTE,SVM_RBF,4,0.7446808510638298,0.9,0.6428571428571429,0.75,0.8345864661654135,0.5335969482172436
poi-1.5,METRICS,BLSMOTE,SVM_RBF,5,0.6808510638297872,0.7241379310344828,0.75,0.7368421052631579,0.6447368421052632,0.3320832579030019
poi-1.5,METRICS,BLSMOTE,GB,1,0.6875,0.71875,0.7931034482758621,0.7540983606557377,0.7386569872958257,0.3313613782208279
poi-1.5,METRICS,BLSMOTE,GB,2,0.7916666666666666,0.7647058823529411,0.9285714285714286,0.8387096774193549,0.7946428571428571,0.5733162099493055
poi-1.5,METRICS,BLSMOTE,GB,3,0.7446808510638298,0.8076923076923077,0.75,0.7777777777777778,0.8035714285714285,0.4805600084561713
poi-1.5,METRICS,BLSMOTE,GB,4,0.7659574468085106,0.8695652173913043,0.7142857142857143,0.7843137254901961,0.8214285714285714,0.5462184380881356
poi-1.5,METRICS,BLSMOTE,GB,5,0.6808510638297872,0.782608695652174,0.6428571428571429,0.7058823529411765,0.7481203007518797,0.37275717734393043
poi-1.5,POST_TFIDF,NONE,LR,1,0.7083333333333334,0.7027027027027027,0.896551724137931,0.7878787878787878,0.737749546279492,0.36954305488188277
poi-1.5,POST_TFIDF,NONE,LR,2,0.7083333333333334,0.6842105263157895,0.9285714285714286,0.7878787878787878,0.8241071428571429,0.3988705859810952
poi-1.5,POST_TFIDF,NONE,LR,3,0.7021276595744681,0.7058823529411765,0.8571428571428571,0.7741935483870968,0.718984962406015,0.3629490942883568
poi-1.5,POST_TFIDF,NONE,LR,4,0.723404255319149,0.7586206896551724,0.7857142857142857,0.7719298245614035,0.793233082706767,0.4212713328826653
poi-1.5,POST_TFIDF,NONE,LR,5,0.6170212765957447,0.6388888888888888,0.8214285714285714,0.71875,0.6278195488721805,0.15904479145820064
poi-1.5,POST_TFIDF,NONE,RF,1,0.6666666666666666,0.6666666666666666,0.896551724137931,0.7647058823529411,0.6960072595281307,0.2660458593439244
poi-1.5,POST_TFIDF,NONE,RF,2,0.75,0.7222222222222222,0.9285714285714286,0.8125,0.7955357142857143,0.4879500364742666
poi-1.5,POST_TFIDF,NONE,RF,3,0.5957446808510638,0.6451612903225806,0.7142857142857143,0.6779661016949152,0.5930451127819549,0.14016379317012645
poi-1.5,POST_TFIDF,NONE,RF,4,0.723404255319149,0.7777777777777778,0.75,0.7636363636363637,0.7424812030075189,0.4309821504831583
poi-1.5,POST_TFIDF,NONE,RF,5,0.6382978723404256,0.6571428571428571,0.8214285714285714,0.7301587301587301,0.5808270676691729,0.21366870233452975
poi-1.5,POST_TFIDF,NONE,ET,1,0.7291666666666666,0.7222222222222222,0.896551724137931,0.8,0.6923774954627949,0.41813112275178954
poi-1.5,POST_TFIDF,NONE,ET,2,0.7083333333333334,0.7058823529411765,0.8571428571428571,0.7741935483870968,0.7794642857142857,0.38737581753331457
poi-1.5,POST_TFIDF,NONE,ET,3,0.6170212765957447,0.6666666666666666,0.7142857142857143,0.6896551724137931,0.5780075187969924,0.19198137410269475
poi-1.5,POST_TFIDF,NONE,ET,4,0.7021276595744681,0.7692307692307693,0.7142857142857143,0.7407407407407407,0.7349624060150377,0.393354138195785
poi-1.5,POST_TFIDF,NONE,ET,5,0.6382978723404256,0.6571428571428571,0.8214285714285714,0.7301587301587301,0.5601503759398496,0.21366870233452975
poi-1.5,POST_TFIDF,NONE,SVM_RBF,1,0.7083333333333334,0.7027027027027027,0.896551724137931,0.7878787878787878,0.7558983666061707,0.36954305488188277
poi-1.5,POST_TFIDF,NONE,SVM_RBF,2,0.7291666666666666,0.7142857142857143,0.8928571428571429,0.7936507936507936,0.7991071428571429,0.43583586846268
poi-1.5,POST_TFIDF,NONE,SVM_RBF,3,0.6595744680851063,0.6875,0.7857142857142857,0.7333333333333333,0.6569548872180452,0.27308802183393716
poi-1.5,POST_TFIDF,NONE,SVM_RBF,4,0.723404255319149,0.7777777777777778,0.75,0.7636363636363637,0.8402255639097744,0.4309821504831583
poi-1.5,POST_TFIDF,NONE,SVM_RBF,5,0.5531914893617021,0.6060606060606061,0.7142857142857143,0.6557377049180327,0.5582706766917294,0.03227328541285172
poi-1.5,POST_TFIDF,NONE,GB,1,0.7083333333333334,0.7027027027027027,0.896551724137931,0.7878787878787878,0.7196007259528131,0.36954305488188277
poi-1.5,POST_TFIDF,NONE,GB,2,0.7708333333333334,0.7575757575757576,0.8928571428571429,0.819672131147541,0.7258928571428572,0.5242186517143345
poi-1.5,POST_TFIDF,NONE,GB,3,0.5957446808510638,0.6363636363636364,0.75,0.6885245901639344,0.5385338345864662,0.12707606131310362
poi-1.5,POST_TFIDF,NONE,GB,4,0.7446808510638298,0.8076923076923077,0.75,0.7777777777777778,0.7011278195488723,0.4805600084561713
poi-1.5,POST_TFIDF,NONE,GB,5,0.574468085106383,0.625,0.7142857142857143,0.6666666666666666,0.6146616541353384,0.08707154319342923
poi-1.5,POST_TFIDF,SMOTE,LR,1,0.7291666666666666,0.75,0.8275862068965517,0.7868852459016393,0.7250453720508168,0.4217326631901446
poi-1.5,POST_TFIDF,SMOTE,LR,2,0.7291666666666666,0.7777777777777778,0.75,0.7636363636363637,0.8151785714285715,0.4472135954999579
poi-1.5,POST_TFIDF,SMOTE,LR,3,0.5957446808510638,0.6551724137931034,0.6785714285714286,0.6666666666666666,0.7095864661654135,0.15370710794367518
poi-1.5,POST_TFIDF,SMOTE,LR,4,0.723404255319149,0.8,0.7142857142857143,0.7547169811320755,0.7819548872180452,0.4436843199879214
poi-1.5,POST_TFIDF,SMOTE,LR,5,0.5531914893617021,0.6296296296296297,0.6071428571428571,0.6181818181818182,0.6109022556390978,0.08022611459210306
poi-1.5,POST_TFIDF,SMOTE,RF,1,0.5625,0.7,0.4827586206896552,0.5714285714285714,0.6651542649727767,0.1656219960617125
poi-1.5,POST_TFIDF,SMOTE,RF,2,0.7083333333333334,0.71875,0.8214285714285714,0.7666666666666667,0.7669642857142858,0.38844929803367795
poi-1.5,POST_TFIDF,SMOTE,RF,3,0.5957446808510638,0.6451612903225806,0.7142857142857143,0.6779661016949152,0.6494360902255639,0.14016379317012645
poi-1.5,POST_TFIDF,SMOTE,RF,4,0.723404255319149,0.7777777777777778,0.75,0.7636363636363637,0.7406015037593985,0.4309821504831583
poi-1.5,POST_TFIDF,SMOTE,RF,5,0.6808510638297872,0.6857142857142857,0.8571428571428571,0.7619047619047619,0.5902255639097744,0.31309869252980593
poi-1.5,POST_TFIDF,SMOTE,ET,1,0.5625,0.7,0.4827586206896552,0.5714285714285714,0.6306715063520871,0.1656219960617125
poi-1.5,POST_TFIDF,SMOTE,ET,2,0.75,0.7352941176470589,0.8928571428571429,0.8064516129032258,0.7526785714285714,0.4803460137413101
poi-1.5,POST_TFIDF,SMOTE,ET,3,0.574468085106383,0.6333333333333333,0.6785714285714286,0.6551724137931034,0.5958646616541352,0.10175012827442821
poi-1.5,POST_TFIDF,SMOTE,ET,4,0.723404255319149,0.8,0.7142857142857143,0.7547169811320755,0.7556390977443609,0.4436843199879214
poi-1.5,POST_TFIDF,SMOTE,ET,5,0.6595744680851063,0.6666666666666666,0.8571428571428571,0.75,0.5526315789473684,0.26144349280800105
poi-1.5,POST_TFIDF,SMOTE,SVM_RBF,1,0.7083333333333334,0.7272727272727273,0.8275862068965517,0.7741935483870968,0.7413793103448277,0.3733844372279492
poi-1.5,POST_TFIDF,SMOTE,SVM_RBF,2,0.7083333333333334,0.75,0.75,0.75,0.7651785714285715,0.4
poi-1.5,POST_TFIDF,SMOTE,SVM_RBF,3,0.6170212765957447,0.6666666666666666,0.7142857142857143,0.6896551724137931,0.6024436090225564,0.19198137410269475
poi-1.5,POST_TFIDF,SMOTE,SVM_RBF,4,0.7446808510638298,0.8333333333333334,0.7142857142857143,0.7692307692307693,0.7894736842105263,0.4945491263770958
poi-1.5,POST_TFIDF,SMOTE,SVM_RBF,5,0.5531914893617021,0.6129032258064516,0.6785714285714286,0.6440677966101694,0.5657894736842105,0.04866798373962724
poi-1.5,POST_TFIDF,SMOTE,GB,1,0.5416666666666666,0.6842105263157895,0.4482758620689655,0.5416666666666666,0.6923774954627949,0.132486388384755
poi-1.5,POST_TFIDF,SMOTE,GB,2,0.6666666666666666,0.7,0.75,0.7241379310344828,0.7383928571428572,0.30550504633038933
poi-1.5,POST_TFIDF,SMOTE,GB,3,0.574468085106383,0.625,0.7142857142857143,0.6666666666666666,0.6362781954887219,0.08707154319342923
poi-1.5,POST_TFIDF,SMOTE,GB,4,0.723404255319149,0.7777777777777778,0.75,0.7636363636363637,0.674812030075188,0.4309821504831583
poi-1.5,POST_TFIDF,SMOTE,GB,5,0.574468085106383,0.625,0.7142857142857143,0.6666666666666666,0.5601503759398496,0.08707154319342923
poi-1.5,POST_TFIDF,BLSMOTE,LR,1,0.5625,0.7857142857142857,0.3793103448275862,0.5116279069767442,0.7250453720508168,0.2382212805718396
poi-1.5,POST_TFIDF,BLSMOTE,LR,2,0.75,0.8076923076923077,0.75,0.7777777777777778,0.8187500000000001,0.4947274449181537
poi-1.5,POST_TFIDF,BLSMOTE,LR,3,0.5957446808510638,0.6551724137931034,0.6785714285714286,0.6666666666666666,0.7283834586466167,0.15370710794367518
poi-1.5,POST_TFIDF,BLSMOTE,LR,4,0.6808510638297872,0.8095238095238095,0.6071428571428571,0.6938775510204082,0.7687969924812031,0.3914986941476917
poi-1.5,POST_TFIDF,BLSMOTE,LR,5,0.5319148936170213,0.6875,0.39285714285714285,0.5,0.6372180451127819,0.1343236351213712
poi-1.5,POST_TFIDF,BLSMOTE,RF,1,0.5208333333333334,0.65,0.4482758620689655,0.5306122448979592,0.6597096188747732,0.07921051985560162
poi-1.5,POST_TFIDF,BLSMOTE,RF,2,0.6875,0.696969696969697,0.8214285714285714,0.7540983606557377,0.7669642857142858,0.3418817293789138
poi-1.5,POST_TFIDF,BLSMOTE,RF,3,0.574468085106383,0.6333333333333333,0.6785714285714286,0.6551724137931034,0.6212406015037594,0.10175012827442821
poi-1.5,POST_TFIDF,BLSMOTE,RF,4,0.7021276595744681,0.7692307692307693,0.7142857142857143,0.7407407407407407,0.7236842105263158,0.393354138195785
poi-1.5,POST_TFIDF,BLSMOTE,RF,5,0.6170212765957447,0.6785714285714286,0.6785714285714286,0.6785714285714286,0.593984962406015,0.20488721804511278
poi-1.5,POST_TFIDF,BLSMOTE,ET,1,0.5416666666666666,0.6842105263157895,0.4482758620689655,0.5416666666666666,0.6161524500907442,0.132486388384755
poi-1.5,POST_TFIDF,BLSMOTE,ET,2,0.6875,0.696969696969697,0.8214285714285714,0.7540983606557377,0.7419642857142857,0.3418817293789138
poi-1.5,POST_TFIDF,BLSMOTE,ET,3,0.5957446808510638,0.6551724137931034,0.6785714285714286,0.6666666666666666,0.619360902255639,0.15370710794367518
poi-1.5,POST_TFIDF,BLSMOTE,ET,4,0.6595744680851063,0.7727272727272727,0.6071428571428571,0.68,0.7302631578947367,0.33830929399079007
poi-1.5,POST_TFIDF,BLSMOTE,ET,5,0.6170212765957447,0.6785714285714286,0.6785714285714286,0.6785714285714286,0.5545112781954887,0.20488721804511278
poi-1.5,POST_TFIDF,BLSMOTE,SVM_RBF,1,0.5625,0.7857142857142857,0.3793103448275862,0.5116279069767442,0.6814882032667878,0.2382212805718396
poi-1.5,POST_TFIDF,BLSMOTE,SVM_RBF,2,0.7083333333333334,0.75,0.75,0.75,0.7401785714285715,0.4
poi-1.5,POST_TFIDF,BLSMOTE,SVM_RBF,3,0.6170212765957447,0.6785714285714286,0.6785714285714286,0.6785714285714286,0.5968045112781956,0.20488721804511278
poi-1.5,POST_TFIDF,BLSMOTE,SVM_RBF,4,0.6595744680851063,0.8333333333333334,0.5357142857142857,0.6521739130434783,0.7932330827067671,0.38142134193430505
poi-1.5,POST_TFIDF,BLSMOTE,SVM_RBF,5,0.5319148936170213,0.7142857142857143,0.35714285714285715,0.47619047619047616,0.6015037593984963,0.1573322663876521
poi-1.5,POST_TFIDF,BLSMOTE,GB,1,0.5416666666666666,0.6842105263157895,0.4482758620689655,0.5416666666666666,0.6960072595281307,0.132486388384755
poi-1.5,POST_TFIDF,BLSMOTE,GB,2,0.7083333333333334,0.7333333333333333,0.7857142857142857,0.7586206896551724,0.7116071428571428,0.3927922024247863
poi-1.5,POST_TFIDF,BLSMOTE,GB,3,0.5957446808510638,0.6551724137931034,0.6785714285714286,0.6666666666666666,0.6080827067669173,0.15370710794367518
poi-1.5,POST_TFIDF,BLSMOTE,GB,4,0.6595744680851063,0.75,0.6428571428571429,0.6923076923076923,0.6578947368421053,0.3210878656328906
poi-1.5,POST_TFIDF,BLSMOTE,GB,5,0.5957446808510638,0.68,0.6071428571428571,0.6415094339622641,0.618421052631579,0.18301978199501756
poi-1.5,RISK_FEATURES,NONE,LR,1,0.5625,0.75,0.41379310344827586,0.5333333333333333,0.6950998185117967,0.2108663315950723
poi-1.5,RISK_FEATURES,NONE,LR,2,0.6875,0.696969696969697,0.8214285714285714,0.7540983606557377,0.7383928571428572,0.3418817293789138
poi-1.5,RISK_FEATURES,NONE,LR,3,0.6170212765957447,0.6470588235294118,0.7857142857142857,0.7096774193548387,0.6719924812030075,0.16910128256616624
poi-1.5,RISK_FEATURES,NONE,LR,4,0.723404255319149,0.8,0.7142857142857143,0.7547169811320755,0.744360902255639,0.4436843199879214
poi-1.5,RISK_FEATURES,NONE,LR,5,0.6595744680851063,0.7,0.75,0.7241379310344828,0.6813909774436091,0.28221261993096125
poi-1.5,RISK_FEATURES,NONE,RF,1,0.7083333333333334,0.7142857142857143,0.8620689655172413,0.78125,0.6696914700544465,0.36947940080890257
poi-1.5,RISK_FEATURES,NONE,RF,2,0.7083333333333334,0.71875,0.8214285714285714,0.7666666666666667,0.7169642857142857,0.38844929803367795
poi-1.5,RISK_FEATURES,NONE,RF,3,0.574468085106383,0.625,0.7142857142857143,0.6666666666666666,0.6033834586466166,0.08707154319342923
poi-1.5,RISK_FEATURES,NONE,RF,4,0.7446808510638298,0.7666666666666667,0.8214285714285714,0.7931034482758621,0.7199248120300752,0.46267511158749436
poi-1.5,RISK_FEATURES,NONE,RF,5,0.6595744680851063,0.7,0.75,0.7241379310344828,0.6550751879699248,0.28221261993096125
poi-1.5,RISK_FEATURES,NONE,ET,1,0.7083333333333334,0.7142857142857143,0.8620689655172413,0.78125,0.6696914700544465,0.36947940080890257
poi-1.5,RISK_FEATURES,NONE,ET,2,0.7083333333333334,0.71875,0.8214285714285714,0.7666666666666667,0.7366071428571428,0.38844929803367795
poi-1.5,RISK_FEATURES,NONE,ET,3,0.5531914893617021,0.6129032258064516,0.6785714285714286,0.6440677966101694,0.6005639097744361,0.04866798373962724
poi-1.5,RISK_FEATURES,NONE,ET,4,0.6382978723404256,0.7391304347826086,0.6071428571428571,0.6666666666666666,0.700187969924812,0.28602654697182783
poi-1.5,RISK_FEATURES,NONE,ET,5,0.6170212765957447,0.6785714285714286,0.6785714285714286,0.6785714285714286,0.6541353383458647,0.20488721804511278
poi-1.5,RISK_FEATURES,NONE,SVM_RBF,1,0.7083333333333334,0.7272727272727273,0.8275862068965517,0.7741935483870968,0.6969147005444648,0.3733844372279492
poi-1.5,RISK_FEATURES,NONE,SVM_RBF,2,0.7083333333333334,0.71875,0.8214285714285714,0.7666666666666667,0.6633928571428572,0.38844929803367795
poi-1.5,RISK_FEATURES,NONE,SVM_RBF,3,0.574468085106383,0.625,0.7142857142857143,0.6666666666666666,0.6109022556390977,0.08707154319342923
poi-1.5,RISK_FEATURES,NONE,SVM_RBF,4,0.7446808510638298,0.7666666666666667,0.8214285714285714,0.7931034482758621,0.7650375939849624,0.46267511158749436
poi-1.5,RISK_FEATURES,NONE,SVM_RBF,5,0.6170212765957447,0.6785714285714286,0.6785714285714286,0.6785714285714286,0.5911654135338347,0.20488721804511278
poi-1.5,RISK_FEATURES,NONE,GB,1,0.7083333333333334,0.7142857142857143,0.8620689655172413,0.78125,0.6696914700544465,0.36947940080890257
poi-1.5,RISK_FEATURES,NONE,GB,2,0.7083333333333334,0.71875,0.8214285714285714,0.7666666666666667,0.7366071428571428,0.38844929803367795
poi-1.5,RISK_FEATURES,NONE,GB,3,0.5957446808510638,0.6363636363636364,0.75,0.6885245901639344,0.6015037593984962,0.12707606131310362
poi-1.5,RISK_FEATURES,NONE,GB,4,0.7021276595744681,0.7692307692307693,0.7142857142857143,0.7407407407407407,0.7011278195488722,0.393354138195785
poi-1.5,RISK_FEATURES,NONE,GB,5,0.6170212765957447,0.6666666666666666,0.7142857142857143,0.6896551724137931,0.6550751879699248,0.19198137410269475
poi-1.5,RISK_FEATURES,SMOTE,LR,1,0.5833333333333334,0.8,0.41379310344827586,0.5454545454545454,0.6950998185117967,0.26998566999559404
poi-1.5,RISK_FEATURES,SMOTE,LR,2,0.6666666666666666,0.75,0.6428571428571429,0.6923076923076923,0.7294642857142858,0.3380617018914066
poi-1.5,RISK_FEATURES,SMOTE,LR,3,0.6170212765957447,0.75,0.5357142857142857,0.625,0.6503759398496242,0.2705299212989522
poi-1.5,RISK_FEATURES,SMOTE,LR,4,0.6595744680851063,0.8,0.5714285714285714,0.6666666666666666,0.7236842105263157,0.358218930271716
poi-1.5,RISK_FEATURES,SMOTE,LR,5,0.5957446808510638,0.7368421052631579,0.5,0.5957446808510638,0.6635338345864662,0.23684210526315788
poi-1.5,RISK_FEATURES,SMOTE,RF,1,0.5625,0.7857142857142857,0.3793103448275862,0.5116279069767442,0.6696914700544465,0.2382212805718396
poi-1.5,RISK_FEATURES,SMOTE,RF,2,0.6041666666666666,0.7142857142857143,0.5357142857142857,0.6122448979591837,0.7098214285714286,0.23425474049997796
poi-1.5,RISK_FEATURES,SMOTE,RF,3,0.574468085106383,0.625,0.7142857142857143,0.6666666666666666,0.6090225563909774,0.08707154319342923
poi-1.5,RISK_FEATURES,SMOTE,RF,4,0.5957446808510638,0.7368421052631579,0.5,0.5957446808510638,0.6954887218045113,0.23684210526315788
poi-1.5,RISK_FEATURES,SMOTE,RF,5,0.574468085106383,0.7,0.5,0.5833333333333334,0.6550751879699248,0.18284091232618838
poi-1.5,RISK_FEATURES,SMOTE,ET,1,0.5625,0.7857142857142857,0.3793103448275862,0.5116279069767442,0.6696914700544465,0.2382212805718396
poi-1.5,RISK_FEATURES,SMOTE,ET,2,0.6041666666666666,0.7142857142857143,0.5357142857142857,0.6122448979591837,0.7196428571428571,0.23425474049997796
poi-1.5,RISK_FEATURES,SMOTE,ET,3,0.5531914893617021,0.6129032258064516,0.6785714285714286,0.6440677966101694,0.5958646616541353,0.04866798373962724
poi-1.5,RISK_FEATURES,SMOTE,ET,4,0.5957446808510638,0.7368421052631579,0.5,0.5957446808510638,0.6973684210526316,0.23684210526315788
poi-1.5,RISK_FEATURES,SMOTE,ET,5,0.5957446808510638,0.7368421052631579,0.5,0.5957446808510638,0.6484962406015038,0.23684210526315788
poi-1.5,RISK_FEATURES,SMOTE,SVM_RBF,1,0.5625,0.7857142857142857,0.3793103448275862,0.5116279069767442,0.6787658802177859,0.2382212805718396
poi-1.5,RISK_FEATURES,SMOTE,SVM_RBF,2,0.6458333333333334,0.6896551724137931,0.7142857142857143,0.7017543859649122,0.70625,0.26643538496884184
poi-1.5,RISK_FEATURES,SMOTE,SVM_RBF,3,0.574468085106383,0.625,0.7142857142857143,0.6666666666666666,0.45676691729323304,0.08707154319342923
poi-1.5,RISK_FEATURES,SMOTE,SVM_RBF,4,0.5957446808510638,0.7368421052631579,0.5,0.5957446808510638,0.693609022556391,0.23684210526315788
poi-1.5,RISK_FEATURES,SMOTE,SVM_RBF,5,0.5957446808510638,0.7368421052631579,0.5,0.5957446808510638,0.6343984962406015,0.23684210526315788
poi-1.5,RISK_FEATURES,SMOTE,GB,1,0.5625,0.7857142857142857,0.3793103448275862,0.5116279069767442,0.6696914700544465,0.2382212805718396
poi-1.5,RISK_FEATURES,SMOTE,GB,2,0.6041666666666666,0.7142857142857143,0.5357142857142857,0.6122448979591837,0.7241071428571428,0.23425474049997796
poi-1.5,RISK_FEATURES,SMOTE,GB,3,0.5531914893617021,0.6129032258064516,0.6785714285714286,0.6440677966101694,0.6090225563909775,0.04866798373962724
poi-1.5,RISK_FEATURES,SMOTE,GB,4,0.5957446808510638,0.7368421052631579,0.5,0.5957446808510638,0.6992481203007519,0.23684210526315788
poi-1.5,RISK_FEATURES,SMOTE,GB,5,0.6382978723404256,0.7619047619047619,0.5714285714285714,0.6530612244897959,0.6644736842105263,0.3042928238873054
poi-1.5,RISK_FEATURES,BLSMOTE,LR,1,0.5625,0.8333333333333334,0.3448275862068966,0.4878048780487805,0.6823956442831216,0.270555432368805
poi-1.5,RISK_FEATURES,BLSMOTE,LR,2,0.5833333333333334,0.6818181818181818,0.5357142857142857,0.6,0.7205357142857143,0.1837559081124571
poi-1.5,RISK_FEATURES,BLSMOTE,LR,3,0.6382978723404256,0.7619047619047619,0.5714285714285714,0.6530612244897959,0.6766917293233082,0.3042928238873054
poi-1.5,RISK_FEATURES,BLSMOTE,LR,4,0.7021276595744681,0.7916666666666666,0.6785714285714286,0.7307692307692307,0.7593984962406015,0.4078184960049932
poi-1.5,RISK_FEATURES,BLSMOTE,LR,5,0.6170212765957447,0.7777777777777778,0.5,0.6086956521739131,0.6795112781954887,0.2922332669546417
poi-1.5,RISK_FEATURES,BLSMOTE,RF,1,0.5625,0.75,0.41379310344827586,0.5333333333333333,0.6152450090744103,0.2108663315950723
poi-1.5,RISK_FEATURES,BLSMOTE,RF,2,0.6041666666666666,0.7142857142857143,0.5357142857142857,0.6122448979591837,0.6669642857142857,0.23425474049997796
poi-1.5,RISK_FEATURES,BLSMOTE,RF,3,0.6170212765957447,0.75,0.5357142857142857,0.625,0.612781954887218,0.2705299212989522
poi-1.5,RISK_FEATURES,BLSMOTE,RF,4,0.7021276595744681,0.7692307692307693,0.7142857142857143,0.7407407407407407,0.7236842105263158,0.393354138195785
poi-1.5,RISK_FEATURES,BLSMOTE,RF,5,0.6170212765957447,0.7272727272727273,0.5714285714285714,0.64,0.6719924812030075,0.25142111465982214
poi-1.5,RISK_FEATURES,BLSMOTE,ET,1,0.5625,0.75,0.41379310344827586,0.5333333333333333,0.6188747731397459,0.2108663315950723
poi-1.5,RISK_FEATURES,BLSMOTE,ET,2,0.6041666666666666,0.7142857142857143,0.5357142857142857,0.6122448979591837,0.6705357142857142,0.23425474049997796
poi-1.5,RISK_FEATURES,BLSMOTE,ET,3,0.5957446808510638,0.7368421052631579,0.5,0.5957446808510638,0.6118421052631579,0.23684210526315788
poi-1.5,RISK_FEATURES,BLSMOTE,ET,4,0.6382978723404256,0.7391304347826086,0.6071428571428571,0.6666666666666666,0.7236842105263158,0.28602654697182783
poi-1.5,RISK_FEATURES,BLSMOTE,ET,5,0.5531914893617021,0.7058823529411765,0.42857142857142855,0.5333333333333333,0.6710526315789473,0.16894360921037138
poi-1.5,RISK_FEATURES,BLSMOTE,SVM_RBF,1,0.5833333333333334,0.8461538461538461,0.3793103448275862,0.5238095238095238,0.7041742286751361,0.30157507849807724
poi-1.5,RISK_FEATURES,BLSMOTE,SVM_RBF,2,0.6458333333333334,0.8235294117647058,0.5,0.6222222222222222,0.6348214285714286,0.36079187627857534
poi-1.5,RISK_FEATURES,BLSMOTE,SVM_RBF,3,0.5957446808510638,0.7368421052631579,0.5,0.5957446808510638,0.6785714285714286,0.23684210526315788
poi-1.5,RISK_FEATURES,BLSMOTE,SVM_RBF,4,0.7021276595744681,0.7692307692307693,0.7142857142857143,0.7407407407407407,0.7349624060150376,0.393354138195785
poi-1.5,RISK_FEATURES,BLSMOTE,SVM_RBF,5,0.574468085106383,0.8333333333333334,0.35714285714285715,0.5,0.6719924812030075,0.28348124864185137
poi-1.5,RISK_FEATURES,BLSMOTE,GB,1,0.5625,0.75,0.41379310344827586,0.5333333333333333,0.6188747731397459,0.2108663315950723
poi-1.5,RISK_FEATURES,BLSMOTE,GB,2,0.6041666666666666,0.7142857142857143,0.5357142857142857,0.6122448979591837,0.6776785714285714,0.23425474049997796
poi-1.5,RISK_FEATURES,BLSMOTE,GB,3,0.5957446808510638,0.7368421052631579,0.5,0.5957446808510638,0.6146616541353384,0.23684210526315788
poi-1.5,RISK_FEATURES,BLSMOTE,GB,4,0.7021276595744681,0.7692307692307693,0.7142857142857143,0.7407407407407407,0.7218045112781954,0.393354138195785
poi-1.5,RISK_FEATURES,BLSMOTE,GB,5,0.5319148936170213,0.6666666666666666,0.42857142857142855,0.5217391304347826,0.6738721804511278,0.11385711699531495
poi-1.5,METRICS_RISK,NONE,LR,1,0.6458333333333334,0.6764705882352942,0.7931034482758621,0.7301587301587301,0.7114337568058077,0.23041074678259896
poi-1.5,METRICS_RISK,NONE,LR,2,0.75,0.75,0.8571428571428571,0.8,0.75,0.47809144373375745
poi-1.5,METRICS_RISK,NONE,LR,3,0.6382978723404256,0.6774193548387096,0.75,0.711864406779661,0.7377819548872181,0.23165960260062565
poi-1.5,METRICS_RISK,NONE,LR,4,0.723404255319149,0.7777777777777778,0.75,0.7636363636363637,0.849624060150376,0.4309821504831583
poi-1.5,METRICS_RISK,NONE,LR,5,0.6595744680851063,0.6875,0.7857142857142857,0.7333333333333333,0.6973684210526316,0.27308802183393716
poi-1.5,METRICS_RISK,NONE,RF,1,0.6875,0.7058823529411765,0.8275862068965517,0.7619047619047619,0.7658802177858439,0.32413715225348666
poi-1.5,METRICS_RISK,NONE,RF,2,0.8125,0.7714285714285715,0.9642857142857143,0.8571428571428571,0.8785714285714286,0.6260187928827586
poi-1.5,METRICS_RISK,NONE,RF,3,0.7021276595744681,0.7692307692307693,0.7142857142857143,0.7407407407407407,0.7857142857142858,0.393354138195785
poi-1.5,METRICS_RISK,NONE,RF,4,0.8085106382978723,0.88,0.7857142857142857,0.8301886792452831,0.837406015037594,0.6174606786498573
poi-1.5,METRICS_RISK,NONE,RF,5,0.7021276595744681,0.7692307692307693,0.7142857142857143,0.7407407407407407,0.6654135338345866,0.393354138195785
poi-1.5,METRICS_RISK,NONE,ET,1,0.6666666666666666,0.7096774193548387,0.7586206896551724,0.7333333333333333,0.7023593466424682,0.29135236340996784
poi-1.5,METRICS_RISK,NONE,ET,2,0.8125,0.7878787878787878,0.9285714285714286,0.8524590163934426,0.8357142857142857,0.6153871128820448
poi-1.5,METRICS_RISK,NONE,ET,3,0.7021276595744681,0.7692307692307693,0.7142857142857143,0.7407407407407407,0.7293233082706767,0.393354138195785
poi-1.5,METRICS_RISK,NONE,ET,4,0.8085106382978723,0.8518518518518519,0.8214285714285714,0.8363636363636363,0.8327067669172933,0.6063601684286859
poi-1.5,METRICS_RISK,NONE,ET,5,0.574468085106383,0.6538461538461539,0.6071428571428571,0.6296296296296297,0.6005639097744362,0.1317365274146261
poi-1.5,METRICS_RISK,NONE,SVM_RBF,1,0.7083333333333334,0.7027027027027027,0.896551724137931,0.7878787878787878,0.7622504537205081,0.36954305488188277
poi-1.5,METRICS_RISK,NONE,SVM_RBF,2,0.8125,0.7567567567567568,1.0,0.8615384615384616,0.8678571428571429,0.6451482125963119
poi-1.5,METRICS_RISK,NONE,SVM_RBF,3,0.7021276595744681,0.7333333333333333,0.7857142857142857,0.7586206896551724,0.6907894736842105,0.37244386575922783
poi-1.5,METRICS_RISK,NONE,SVM_RBF,4,0.8085106382978723,0.8518518518518519,0.8214285714285714,0.8363636363636363,0.8421052631578947,0.6063601684286859
poi-1.5,METRICS_RISK,NONE,SVM_RBF,5,0.6595744680851063,0.6764705882352942,0.8214285714285714,0.7419354838709677,0.6522556390977444,0.2660251884272615
poi-1.5,METRICS_RISK,NONE,GB,1,0.6875,0.7058823529411765,0.8275862068965517,0.7619047619047619,0.7068965517241379,0.32413715225348666
poi-1.5,METRICS_RISK,NONE,GB,2,0.7916666666666666,0.7647058823529411,0.9285714285714286,0.8387096774193549,0.8339285714285715,0.5733162099493055
poi-1.5,METRICS_RISK,NONE,GB,3,0.723404255319149,0.8,0.7142857142857143,0.7547169811320755,0.7960526315789475,0.4436843199879214
poi-1.5,METRICS_RISK,NONE,GB,4,0.7872340425531915,0.8461538461538461,0.7857142857142857,0.8148148148148148,0.8233082706766919,0.5677658787165576
poi-1.5,METRICS_RISK,NONE,GB,5,0.6595744680851063,0.7307692307692307,0.6785714285714286,0.7037037037037037,0.7086466165413534,0.30614826793539873
poi-1.5,METRICS_RISK,SMOTE,LR,1,0.6041666666666666,0.75,0.5172413793103449,0.6122448979591837,0.6969147005444646,0.25203347226782336
poi-1.5,METRICS_RISK,SMOTE,LR,2,0.75,0.7857142857142857,0.7857142857142857,0.7857142857142857,0.7482142857142857,0.4857142857142857
poi-1.5,METRICS_RISK,SMOTE,LR,3,0.5957446808510638,0.68,0.6071428571428571,0.6415094339622641,0.7453007518796992,0.18301978199501756
poi-1.5,METRICS_RISK,SMOTE,LR,4,0.7446808510638298,0.8333333333333334,0.7142857142857143,0.7692307692307693,0.8458646616541354,0.4945491263770958
poi-1.5,METRICS_RISK,SMOTE,LR,5,0.6808510638297872,0.7241379310344828,0.75,0.7368421052631579,0.6823308270676692,0.3320832579030019
poi-1.5,METRICS_RISK,SMOTE,RF,1,0.7083333333333334,0.7272727272727273,0.8275862068965517,0.7741935483870968,0.7495462794918331,0.3733844372279492
poi-1.5,METRICS_RISK,SMOTE,RF,2,0.8125,0.7878787878787878,0.9285714285714286,0.8524590163934426,0.8821428571428571,0.6153871128820448
poi-1.5,METRICS_RISK,SMOTE,RF,3,0.7021276595744681,0.7692307692307693,0.7142857142857143,0.7407407407407407,0.7791353383458647,0.393354138195785
poi-1.5,METRICS_RISK,SMOTE,RF,4,0.7872340425531915,0.875,0.75,0.8076923076923077,0.8411654135338347,0.5812797567491984
poi-1.5,METRICS_RISK,SMOTE,RF,5,0.6382978723404256,0.7391304347826086,0.6071428571428571,0.6666666666666666,0.6644736842105263,0.28602654697182783
poi-1.5,METRICS_RISK,SMOTE,ET,1,0.6666666666666666,0.7241379310344828,0.7241379310344828,0.7241379310344828,0.7005444646098005,0.3030852994555354
poi-1.5,METRICS_RISK,SMOTE,ET,2,0.8125,0.7878787878787878,0.9285714285714286,0.8524590163934426,0.8446428571428571,0.6153871128820448
poi-1.5,METRICS_RISK,SMOTE,ET,3,0.7021276595744681,0.7692307692307693,0.7142857142857143,0.7407407407407407,0.7359022556390977,0.393354138195785
poi-1.5,METRICS_RISK,SMOTE,ET,4,0.7872340425531915,0.8214285714285714,0.8214285714285714,0.8214285714285714,0.8355263157894737,0.5582706766917294
poi-1.5,METRICS_RISK,SMOTE,ET,5,0.6170212765957447,0.6923076923076923,0.6428571428571429,0.6666666666666666,0.6127819548872181,0.21894239767501242
poi-1.5,METRICS_RISK,SMOTE,SVM_RBF,1,0.5416666666666666,0.7058823529411765,0.41379310344827586,0.5217391304347826,0.6842105263157895,0.1540270456243779
poi-1.5,METRICS_RISK,SMOTE,SVM_RBF,2,0.8125,0.7878787878787878,0.9285714285714286,0.8524590163934426,0.8803571428571428,0.6153871128820448
poi-1.5,METRICS_RISK,SMOTE,SVM_RBF,3,0.6595744680851063,0.7142857142857143,0.7142857142857143,0.7142857142857143,0.7020676691729324,0.2932330827067669
poi-1.5,METRICS_RISK,SMOTE,SVM_RBF,4,0.7659574468085106,0.84,0.75,0.7924528301886793,0.8421052631578947,0.5305724993188893
poi-1.5,METRICS_RISK,SMOTE,SVM_RBF,5,0.6595744680851063,0.7,0.75,0.7241379310344828,0.6315789473684211,0.28221261993096125
poi-1.5,METRICS_RISK,SMOTE,GB,1,0.7291666666666666,0.75,0.8275862068965517,0.7868852459016393,0.736842105263158,0.4217326631901446
poi-1.5,METRICS_RISK,SMOTE,GB,2,0.8125,0.7714285714285715,0.9642857142857143,0.8571428571428571,0.8107142857142857,0.6260187928827586
poi-1.5,METRICS_RISK,SMOTE,GB,3,0.723404255319149,0.8,0.7142857142857143,0.7547169811320755,0.7885338345864661,0.4436843199879214
poi-1.5,METRICS_RISK,SMOTE,GB,4,0.7872340425531915,0.8461538461538461,0.7857142857142857,0.8148148148148148,0.8439849624060151,0.5677658787165576
poi-1.5,METRICS_RISK,SMOTE,GB,5,0.6595744680851063,0.75,0.6428571428571429,0.6923076923076923,0.7011278195488722,0.3210878656328906
poi-1.5,METRICS_RISK,BLSMOTE,LR,1,0.5833333333333334,0.8,0.41379310344827586,0.5454545454545454,0.6460980036297641,0.26998566999559404
poi-1.5,METRICS_RISK,BLSMOTE,LR,2,0.7083333333333334,0.7692307692307693,0.7142857142857143,0.7407407407407407,0.7357142857142858,0.40991702578932737
poi-1.5,METRICS_RISK,BLSMOTE,LR,3,0.6170212765957447,0.6923076923076923,0.6428571428571429,0.6666666666666666,0.7406015037593985,0.21894239767501242
poi-1.5,METRICS_RISK,BLSMOTE,LR,4,0.723404255319149,0.8,0.7142857142857143,0.7547169811320755,0.8439849624060152,0.4436843199879214
poi-1.5,METRICS_RISK,BLSMOTE,LR,5,0.5957446808510638,0.7142857142857143,0.5357142857142857,0.6122448979591837,0.6973684210526316,0.2170869536269191
poi-1.5,METRICS_RISK,BLSMOTE,RF,1,0.6875,0.71875,0.7931034482758621,0.7540983606557377,0.7459165154264973,0.3313613782208279
poi-1.5,METRICS_RISK,BLSMOTE,RF,2,0.8125,0.7714285714285715,0.9642857142857143,0.8571428571428571,0.8642857142857142,0.6260187928827586
poi-1.5,METRICS_RISK,BLSMOTE,RF,3,0.7446808510638298,0.7857142857142857,0.7857142857142857,0.7857142857142857,0.7979323308270678,0.4699248120300752
poi-1.5,METRICS_RISK,BLSMOTE,RF,4,0.851063829787234,0.92,0.8214285714285714,0.8679245283018868,0.8364661654135338,0.7043488579808252
poi-1.5,METRICS_RISK,BLSMOTE,RF,5,0.6595744680851063,0.75,0.6428571428571429,0.6923076923076923,0.6635338345864662,0.3210878656328906
poi-1.5,METRICS_RISK,BLSMOTE,ET,1,0.6666666666666666,0.7241379310344828,0.7241379310344828,0.7241379310344828,0.6960072595281306,0.3030852994555354
poi-1.5,METRICS_RISK,BLSMOTE,ET,2,0.8125,0.7878787878787878,0.9285714285714286,0.8524590163934426,0.8321428571428572,0.6153871128820448
poi-1.5,METRICS_RISK,BLSMOTE,ET,3,0.6808510638297872,0.76,0.6785714285714286,0.7169811320754716,0.75,0.3567961406569535
poi-1.5,METRICS_RISK,BLSMOTE,ET,4,0.7659574468085106,0.8148148148148148,0.7857142857142857,0.8,0.8261278195488723,0.5186711594559221
poi-1.5,METRICS_RISK,BLSMOTE,ET,5,0.5531914893617021,0.6296296296296297,0.6071428571428571,0.6181818181818182,0.5977443609022557,0.08022611459210306
poi-1.5,METRICS_RISK,BLSMOTE,SVM_RBF,1,0.5625,0.8333333333333334,0.3448275862068966,0.4878048780487805,0.6388384754990926,0.270555432368805
poi-1.5,METRICS_RISK,BLSMOTE,SVM_RBF,2,0.75,0.8636363636363636,0.6785714285714286,0.76,0.8517857142857143,0.5229975846277625
poi-1.5,METRICS_RISK,BLSMOTE,SVM_RBF,3,0.6382978723404256,0.7391304347826086,0.6071428571428571,0.6666666666666666,0.724624060150376,0.28602654697182783
poi-1.5,METRICS_RISK,BLSMOTE,SVM_RBF,4,0.6808510638297872,0.8421052631578947,0.5714285714285714,0.6808510638297872,0.8120300751879699,0.41353383458646614
poi-1.5,METRICS_RISK,BLSMOTE,SVM_RBF,5,0.6170212765957447,0.7777777777777778,0.5,0.6086956521739131,0.7218045112781954,0.2922332669546417
poi-1.5,METRICS_RISK,BLSMOTE,GB,1,0.7083333333333334,0.7586206896551724,0.7586206896551724,0.7586206896551724,0.7114337568058077,0.39019963702359345
poi-1.5,METRICS_RISK,BLSMOTE,GB,2,0.7916666666666666,0.7647058823529411,0.9285714285714286,0.8387096774193549,0.7696428571428571,0.5733162099493055
poi-1.5,METRICS_RISK,BLSMOTE,GB,3,0.7446808510638298,0.8333333333333334,0.7142857142857143,0.7692307692307693,0.7922932330827068,0.4945491263770958
poi-1.5,METRICS_RISK,BLSMOTE,GB,4,0.7659574468085106,0.84,0.75,0.7924528301886793,0.8421052631578947,0.5305724993188893
poi-1.5,METRICS_RISK,BLSMOTE,GB,5,0.6808510638297872,0.76,0.6785714285714286,0.7169811320754716,0.7255639097744362,0.3567961406569535
poi-1.5,METRICS_POST_TFIDF_RISK,NONE,LR,1,0.6875,0.7058823529411765,0.8275862068965517,0.7619047619047619,0.705989110707804,0.32413715225348666
poi-1.5,METRICS_POST_TFIDF_RISK,NONE,LR,2,0.7291666666666666,0.7419354838709677,0.8214285714285714,0.7796610169491526,0.7571428571428571,0.4344228714374682
poi-1.5,METRICS_POST_TFIDF_RISK,NONE,LR,3,0.6170212765957447,0.6666666666666666,0.7142857142857143,0.6896551724137931,0.7396616541353385,0.19198137410269475
poi-1.5,METRICS_POST_TFIDF_RISK,NONE,LR,4,0.7446808510638298,0.7857142857142857,0.7857142857142857,0.7857142857142857,0.8533834586466165,0.4699248120300752
poi-1.5,METRICS_POST_TFIDF_RISK,NONE,LR,5,0.6808510638297872,0.7096774193548387,0.7857142857142857,0.7457627118644068,0.6973684210526316,0.32315541203112486
poi-1.5,METRICS_POST_TFIDF_RISK,NONE,RF,1,0.6666666666666666,0.6857142857142857,0.8275862068965517,0.75,0.7676950998185117,0.27361447519361976
poi-1.5,METRICS_POST_TFIDF_RISK,NONE,RF,2,0.8125,0.7714285714285715,0.9642857142857143,0.8571428571428571,0.8508928571428572,0.6260187928827586
poi-1.5,METRICS_POST_TFIDF_RISK,NONE,RF,3,0.6808510638297872,0.76,0.6785714285714286,0.7169811320754716,0.7481203007518797,0.3567961406569535
poi-1.5,METRICS_POST_TFIDF_RISK,NONE,RF,4,0.7446808510638298,0.8076923076923077,0.75,0.7777777777777778,0.8101503759398497,0.4805600084561713
poi-1.5,METRICS_POST_TFIDF_RISK,NONE,RF,5,0.6170212765957447,0.6666666666666666,0.7142857142857143,0.6896551724137931,0.6127819548872181,0.19198137410269475
poi-1.5,METRICS_POST_TFIDF_RISK,NONE,ET,1,0.6666666666666666,0.7096774193548387,0.7586206896551724,0.7333333333333333,0.7159709618874773,0.29135236340996784
poi-1.5,METRICS_POST_TFIDF_RISK,NONE,ET,2,0.7708333333333334,0.7428571428571429,0.9285714285714286,0.8253968253968254,0.8053571428571429,0.5309273306727194
poi-1.5,METRICS_POST_TFIDF_RISK,NONE,ET,3,0.6382978723404256,0.6896551724137931,0.7142857142857143,0.7017543859649122,0.7048872180451129,0.24289518292333856
poi-1.5,METRICS_POST_TFIDF_RISK,NONE,ET,4,0.7021276595744681,0.75,0.75,0.75,0.7866541353383459,0.3815789473684211
poi-1.5,METRICS_POST_TFIDF_RISK,NONE,ET,5,0.6170212765957447,0.6666666666666666,0.7142857142857143,0.6896551724137931,0.568609022556391,0.19198137410269475
poi-1.5,METRICS_POST_TFIDF_RISK,NONE,SVM_RBF,1,0.7083333333333334,0.7027027027027027,0.896551724137931,0.7878787878787878,0.7604355716878404,0.36954305488188277
poi-1.5,METRICS_POST_TFIDF_RISK,NONE,SVM_RBF,2,0.8125,0.7567567567567568,1.0,0.8615384615384616,0.8714285714285713,0.6451482125963119
poi-1.5,METRICS_POST_TFIDF_RISK,NONE,SVM_RBF,3,0.7021276595744681,0.7333333333333333,0.7857142857142857,0.7586206896551724,0.6907894736842105,0.37244386575922783
poi-1.5,METRICS_POST_TFIDF_RISK,NONE,SVM_RBF,4,0.8085106382978723,0.8518518518518519,0.8214285714285714,0.8363636363636363,0.8477443609022557,0.6063601684286859
poi-1.5,METRICS_POST_TFIDF_RISK,NONE,SVM_RBF,5,0.6595744680851063,0.6764705882352942,0.8214285714285714,0.7419354838709677,0.6541353383458647,0.2660251884272615
poi-1.5,METRICS_POST_TFIDF_RISK,NONE,GB,1,0.6666666666666666,0.6857142857142857,0.8275862068965517,0.75,0.7822141560798549,0.27361447519361976
poi-1.5,METRICS_POST_TFIDF_RISK,NONE,GB,2,0.8333333333333334,0.8125,0.9285714285714286,0.8666666666666667,0.8339285714285714,0.6573757351339165
poi-1.5,METRICS_POST_TFIDF_RISK,NONE,GB,3,0.7021276595744681,0.7692307692307693,0.7142857142857143,0.7407407407407407,0.7810150375939849,0.393354138195785
poi-1.5,METRICS_POST_TFIDF_RISK,NONE,GB,4,0.7021276595744681,0.7916666666666666,0.6785714285714286,0.7307692307692307,0.8092105263157895,0.4078184960049932
poi-1.5,METRICS_POST_TFIDF_RISK,NONE,GB,5,0.6170212765957447,0.6785714285714286,0.6785714285714286,0.6785714285714286,0.6710526315789473,0.20488721804511278
poi-1.5,METRICS_POST_TFIDF_RISK,SMOTE,LR,1,0.6041666666666666,0.75,0.5172413793103449,0.6122448979591837,0.6751361161524501,0.25203347226782336
poi-1.5,METRICS_POST_TFIDF_RISK,SMOTE,LR,2,0.75,0.7857142857142857,0.7857142857142857,0.7857142857142857,0.7482142857142857,0.4857142857142857
poi-1.5,METRICS_POST_TFIDF_RISK,SMOTE,LR,3,0.6382978723404256,0.72,0.6428571428571429,0.6792452830188679,0.7528195488721805,0.2699079613259855
poi-1.5,METRICS_POST_TFIDF_RISK,SMOTE,LR,4,0.7659574468085106,0.84,0.75,0.7924528301886793,0.843984962406015,0.5305724993188893
poi-1.5,METRICS_POST_TFIDF_RISK,SMOTE,LR,5,0.6595744680851063,0.7,0.75,0.7241379310344828,0.6823308270676691,0.28221261993096125
poi-1.5,METRICS_POST_TFIDF_RISK,SMOTE,RF,1,0.6666666666666666,0.6857142857142857,0.8275862068965517,0.75,0.7767695099818512,0.27361447519361976
poi-1.5,METRICS_POST_TFIDF_RISK,SMOTE,RF,2,0.7916666666666666,0.7647058823529411,0.9285714285714286,0.8387096774193549,0.8482142857142857,0.5733162099493055
poi-1.5,METRICS_POST_TFIDF_RISK,SMOTE,RF,3,0.6595744680851063,0.7142857142857143,0.7142857142857143,0.7142857142857143,0.7199248120300753,0.2932330827067669
poi-1.5,METRICS_POST_TFIDF_RISK,SMOTE,RF,4,0.7446808510638298,0.8333333333333334,0.7142857142857143,0.7692307692307693,0.7894736842105263,0.4945491263770958
poi-1.5,METRICS_POST_TFIDF_RISK,SMOTE,RF,5,0.6595744680851063,0.7142857142857143,0.7142857142857143,0.7142857142857143,0.6259398496240601,0.2932330827067669
poi-1.5,METRICS_POST_TFIDF_RISK,SMOTE,ET,1,0.6875,0.7333333333333333,0.7586206896551724,0.7457627118644068,0.722323049001815,0.34098891804024256
poi-1.5,METRICS_POST_TFIDF_RISK,SMOTE,ET,2,0.7291666666666666,0.7272727272727273,0.8571428571428571,0.7868852459016393,0.7973214285714286,0.43305019054662414
poi-1.5,METRICS_POST_TFIDF_RISK,SMOTE,ET,3,0.6595744680851063,0.7307692307692307,0.6785714285714286,0.7037037037037037,0.693609022556391,0.30614826793539873
poi-1.5,METRICS_POST_TFIDF_RISK,SMOTE,ET,4,0.7446808510638298,0.8076923076923077,0.75,0.7777777777777778,0.7866541353383459,0.4805600084561713
poi-1.5,METRICS_POST_TFIDF_RISK,SMOTE,ET,5,0.6170212765957447,0.65625,0.75,0.7,0.5516917293233082,0.1800797825136832
poi-1.5,METRICS_POST_TFIDF_RISK,SMOTE,SVM_RBF,1,0.5416666666666666,0.7058823529411765,0.41379310344827586,0.5217391304347826,0.6842105263157895,0.1540270456243779
poi-1.5,METRICS_POST_TFIDF_RISK,SMOTE,SVM_RBF,2,0.7916666666666666,0.78125,0.8928571428571429,0.8333333333333334,0.8785714285714286,0.567733589433837
poi-1.5,METRICS_POST_TFIDF_RISK,SMOTE,SVM_RBF,3,0.6595744680851063,0.7142857142857143,0.7142857142857143,0.7142857142857143,0.6983082706766918,0.2932330827067669
poi-1.5,METRICS_POST_TFIDF_RISK,SMOTE,SVM_RBF,4,0.7659574468085106,0.84,0.75,0.7924528301886793,0.849624060150376,0.5305724993188893
poi-1.5,METRICS_POST_TFIDF_RISK,SMOTE,SVM_RBF,5,0.6595744680851063,0.7,0.75,0.7241379310344828,0.6334586466165414,0.28221261993096125
poi-1.5,METRICS_POST_TFIDF_RISK,SMOTE,GB,1,0.7708333333333334,0.78125,0.8620689655172413,0.819672131147541,0.8012704174228675,0.5121039481594613
poi-1.5,METRICS_POST_TFIDF_RISK,SMOTE,GB,2,0.8541666666666666,0.8387096774193549,0.9285714285714286,0.8813559322033898,0.8500000000000001,0.6994944540094827
poi-1.5,METRICS_POST_TFIDF_RISK,SMOTE,GB,3,0.7446808510638298,0.8076923076923077,0.75,0.7777777777777778,0.7791353383458647,0.4805600084561713
poi-1.5,METRICS_POST_TFIDF_RISK,SMOTE,GB,4,0.7659574468085106,0.8695652173913043,0.7142857142857143,0.7843137254901961,0.7941729323308271,0.5462184380881356
poi-1.5,METRICS_POST_TFIDF_RISK,SMOTE,GB,5,0.6382978723404256,0.6896551724137931,0.7142857142857143,0.7017543859649122,0.6954887218045113,0.24289518292333856
poi-1.5,METRICS_POST_TFIDF_RISK,BLSMOTE,LR,1,0.5625,0.75,0.41379310344827586,0.5333333333333333,0.6098003629764066,0.2108663315950723
poi-1.5,METRICS_POST_TFIDF_RISK,BLSMOTE,LR,2,0.7291666666666666,0.7777777777777778,0.75,0.7636363636363637,0.7410714285714286,0.4472135954999579
poi-1.5,METRICS_POST_TFIDF_RISK,BLSMOTE,LR,3,0.5957446808510638,0.6956521739130435,0.5714285714285714,0.6274509803921569,0.7302631578947368,0.19929591659972518
poi-1.5,METRICS_POST_TFIDF_RISK,BLSMOTE,LR,4,0.7446808510638298,0.8333333333333334,0.7142857142857143,0.7692307692307693,0.8421052631578947,0.4945491263770958
poi-1.5,METRICS_POST_TFIDF_RISK,BLSMOTE,LR,5,0.5957446808510638,0.7142857142857143,0.5357142857142857,0.6122448979591837,0.6992481203007519,0.2170869536269191
poi-1.5,METRICS_POST_TFIDF_RISK,BLSMOTE,RF,1,0.7083333333333334,0.7419354838709677,0.7931034482758621,0.7666666666666667,0.764065335753176,0.38042824521683705
poi-1.5,METRICS_POST_TFIDF_RISK,BLSMOTE,RF,2,0.8333333333333334,0.7941176470588235,0.9642857142857143,0.8709677419354839,0.8598214285714286,0.6662864061573011
poi-1.5,METRICS_POST_TFIDF_RISK,BLSMOTE,RF,3,0.7021276595744681,0.7692307692307693,0.7142857142857143,0.7407407407407407,0.7471804511278195,0.393354138195785
poi-1.5,METRICS_POST_TFIDF_RISK,BLSMOTE,RF,4,0.7021276595744681,0.7916666666666666,0.6785714285714286,0.7307692307692307,0.7857142857142858,0.4078184960049932
poi-1.5,METRICS_POST_TFIDF_RISK,BLSMOTE,RF,5,0.6382978723404256,0.7037037037037037,0.6785714285714286,0.6909090909090909,0.6259398496240601,0.2556041325376307
poi-1.5,METRICS_POST_TFIDF_RISK,BLSMOTE,ET,1,0.6666666666666666,0.7096774193548387,0.7586206896551724,0.7333333333333333,0.705989110707804,0.29135236340996784
poi-1.5,METRICS_POST_TFIDF_RISK,BLSMOTE,ET,2,0.7708333333333334,0.7428571428571429,0.9285714285714286,0.8253968253968254,0.8026785714285715,0.5309273306727194
poi-1.5,METRICS_POST_TFIDF_RISK,BLSMOTE,ET,3,0.6595744680851063,0.7307692307692307,0.6785714285714286,0.7037037037037037,0.7039473684210527,0.30614826793539873
poi-1.5,METRICS_POST_TFIDF_RISK,BLSMOTE,ET,4,0.6808510638297872,0.76,0.6785714285714286,0.7169811320754716,0.75,0.3567961406569535
poi-1.5,METRICS_POST_TFIDF_RISK,BLSMOTE,ET,5,0.6382978723404256,0.6666666666666666,0.7857142857142857,0.7213114754098361,0.5733082706766918,0.22187883721335555
poi-1.5,METRICS_POST_TFIDF_RISK,BLSMOTE,SVM_RBF,1,0.5625,0.8333333333333334,0.3448275862068966,0.4878048780487805,0.6297640653357531,0.270555432368805
poi-1.5,METRICS_POST_TFIDF_RISK,BLSMOTE,SVM_RBF,2,0.75,0.8636363636363636,0.6785714285714286,0.76,0.8464285714285714,0.5229975846277625
poi-1.5,METRICS_POST_TFIDF_RISK,BLSMOTE,SVM_RBF,3,0.6382978723404256,0.7391304347826086,0.6071428571428571,0.6666666666666666,0.7283834586466166,0.28602654697182783
poi-1.5,METRICS_POST_TFIDF_RISK,BLSMOTE,SVM_RBF,4,0.6808510638297872,0.8421052631578947,0.5714285714285714,0.6808510638297872,0.8101503759398496,0.41353383458646614
poi-1.5,METRICS_POST_TFIDF_RISK,BLSMOTE,SVM_RBF,5,0.6170212765957447,0.7777777777777778,0.5,0.6086956521739131,0.7086466165413533,0.2922332669546417
poi-1.5,METRICS_POST_TFIDF_RISK,BLSMOTE,GB,1,0.7083333333333334,0.7272727272727273,0.8275862068965517,0.7741935483870968,0.7395644283121596,0.3733844372279492
poi-1.5,METRICS_POST_TFIDF_RISK,BLSMOTE,GB,2,0.8125,0.7878787878787878,0.9285714285714286,0.8524590163934426,0.8410714285714286,0.6153871128820448
poi-1.5,METRICS_POST_TFIDF_RISK,BLSMOTE,GB,3,0.7659574468085106,0.8148148148148148,0.7857142857142857,0.8,0.8148496240601503,0.5186711594559221
poi-1.5,METRICS_POST_TFIDF_RISK,BLSMOTE,GB,4,0.6170212765957447,0.7272727272727273,0.5714285714285714,0.64,0.7349624060150376,0.25142111465982214
poi-1.5,METRICS_POST_TFIDF_RISK,BLSMOTE,GB,5,0.6170212765957447,0.6785714285714286,0.6785714285714286,0.6785714285714286,0.6954887218045113,0.20488721804511278
poi-1.5,METRICS_POST_TFIDF_RISK_SELECTED,NONE,LR,1,0.6666666666666666,0.6756756756756757,0.8620689655172413,0.7575757575757576,0.7595281306715063,0.2681826741142806
poi-1.5,METRICS_POST_TFIDF_RISK_SELECTED,NONE,LR,2,0.7291666666666666,0.6923076923076923,0.9642857142857143,0.8059701492537313,0.7821428571428571,0.46013216766665177
poi-1.5,METRICS_POST_TFIDF_RISK_SELECTED,NONE,LR,3,0.7446808510638298,0.75,0.8571428571428571,0.8,0.7734962406015038,0.45910450047444507
poi-1.5,METRICS_POST_TFIDF_RISK_SELECTED,NONE,LR,4,0.7872340425531915,0.8214285714285714,0.8214285714285714,0.8214285714285714,0.8458646616541353,0.5582706766917294
poi-1.5,METRICS_POST_TFIDF_RISK_SELECTED,NONE,LR,5,0.6382978723404256,0.6896551724137931,0.7142857142857143,0.7017543859649122,0.6785714285714286,0.24289518292333856
poi-1.5,METRICS_POST_TFIDF_RISK_SELECTED,NONE,RF,1,0.6666666666666666,0.6857142857142857,0.8275862068965517,0.75,0.7558983666061706,0.27361447519361976
poi-1.5,METRICS_POST_TFIDF_RISK_SELECTED,NONE,RF,2,0.8333333333333334,0.7941176470588235,0.9642857142857143,0.8709677419354839,0.8392857142857143,0.6662864061573011
poi-1.5,METRICS_POST_TFIDF_RISK_SELECTED,NONE,RF,3,0.6808510638297872,0.782608695652174,0.6428571428571429,0.7058823529411765,0.7565789473684211,0.37275717734393043
poi-1.5,METRICS_POST_TFIDF_RISK_SELECTED,NONE,RF,4,0.7021276595744681,0.75,0.75,0.75,0.7988721804511277,0.3815789473684211
poi-1.5,METRICS_POST_TFIDF_RISK_SELECTED,NONE,RF,5,0.6382978723404256,0.6666666666666666,0.7857142857142857,0.7213114754098361,0.6052631578947368,0.22187883721335555
poi-1.5,METRICS_POST_TFIDF_RISK_SELECTED,NONE,ET,1,0.625,0.6571428571428571,0.7931034482758621,0.71875,0.7186932849364791,0.1777495495783369
poi-1.5,METRICS_POST_TFIDF_RISK_SELECTED,NONE,ET,2,0.7916666666666666,0.78125,0.8928571428571429,0.8333333333333334,0.8026785714285715,0.567733589433837
poi-1.5,METRICS_POST_TFIDF_RISK_SELECTED,NONE,ET,3,0.723404255319149,0.8260869565217391,0.6785714285714286,0.7450980392156863,0.7387218045112782,0.45948780771603304
poi-1.5,METRICS_POST_TFIDF_RISK_SELECTED,NONE,ET,4,0.7021276595744681,0.7692307692307693,0.7142857142857143,0.7407407407407407,0.7857142857142857,0.393354138195785
poi-1.5,METRICS_POST_TFIDF_RISK_SELECTED,NONE,ET,5,0.5531914893617021,0.6060606060606061,0.7142857142857143,0.6557377049180327,0.5338345864661654,0.03227328541285172
poi-1.5,METRICS_POST_TFIDF_RISK_SELECTED,NONE,SVM_RBF,1,0.75,0.7297297297297297,0.9310344827586207,0.8181818181818182,0.8049001814882033,0.4709034356494849
poi-1.5,METRICS_POST_TFIDF_RISK_SELECTED,NONE,SVM_RBF,2,0.8125,0.7567567567567568,1.0,0.8615384615384616,0.8571428571428572,0.6451482125963119
poi-1.5,METRICS_POST_TFIDF_RISK_SELECTED,NONE,SVM_RBF,3,0.6808510638297872,0.7407407407407407,0.7142857142857143,0.7272727272727273,0.6889097744360902,0.3432931415103945
poi-1.5,METRICS_POST_TFIDF_RISK_SELECTED,NONE,SVM_RBF,4,0.7872340425531915,0.8214285714285714,0.8214285714285714,0.8214285714285714,0.8298872180451128,0.5582706766917294
poi-1.5,METRICS_POST_TFIDF_RISK_SELECTED,NONE,SVM_RBF,5,0.5957446808510638,0.6285714285714286,0.7857142857142857,0.6984126984126984,0.6165413533834587,0.11423871213925353
poi-1.5,METRICS_POST_TFIDF_RISK_SELECTED,NONE,GB,1,0.7291666666666666,0.7352941176470589,0.8620689655172413,0.7936507936507936,0.7976406533575318,0.4178635577243744
poi-1.5,METRICS_POST_TFIDF_RISK_SELECTED,NONE,GB,2,0.8541666666666666,0.8387096774193549,0.9285714285714286,0.8813559322033898,0.8089285714285714,0.6994944540094827
poi-1.5,METRICS_POST_TFIDF_RISK_SELECTED,NONE,GB,3,0.7659574468085106,0.8148148148148148,0.7857142857142857,0.8,0.7979323308270677,0.5186711594559221
poi-1.5,METRICS_POST_TFIDF_RISK_SELECTED,NONE,GB,4,0.6808510638297872,0.782608695652174,0.6428571428571429,0.7058823529411765,0.7716165413533834,0.37275717734393043
poi-1.5,METRICS_POST_TFIDF_RISK_SELECTED,NONE,GB,5,0.6382978723404256,0.6896551724137931,0.7142857142857143,0.7017543859649122,0.6597744360902256,0.24289518292333856
poi-1.5,METRICS_POST_TFIDF_RISK_SELECTED,SMOTE,LR,1,0.5833333333333334,0.7368421052631579,0.4827586206896552,0.5833333333333334,0.7014519056261344,0.21960072595281308
poi-1.5,METRICS_POST_TFIDF_RISK_SELECTED,SMOTE,LR,2,0.75,0.7857142857142857,0.7857142857142857,0.7857142857142857,0.7892857142857144,0.4857142857142857
poi-1.5,METRICS_POST_TFIDF_RISK_SELECTED,SMOTE,LR,3,0.6382978723404256,0.7037037037037037,0.6785714285714286,0.6909090909090909,0.7546992481203008,0.2556041325376307
poi-1.5,METRICS_POST_TFIDF_RISK_SELECTED,SMOTE,LR,4,0.6808510638297872,0.8095238095238095,0.6071428571428571,0.6938775510204082,0.7838345864661654,0.3914986941476917
poi-1.5,METRICS_POST_TFIDF_RISK_SELECTED,SMOTE,LR,5,0.7021276595744681,0.7692307692307693,0.7142857142857143,0.7407407407407407,0.7105263157894737,0.393354138195785
poi-1.5,METRICS_POST_TFIDF_RISK_SELECTED,SMOTE,RF,1,0.6458333333333334,0.6764705882352942,0.7931034482758621,0.7301587301587301,0.7522686025408348,0.23041074678259896
poi-1.5,METRICS_POST_TFIDF_RISK_SELECTED,SMOTE,RF,2,0.8125,0.7878787878787878,0.9285714285714286,0.8524590163934426,0.8571428571428572,0.6153871128820448
poi-1.5,METRICS_POST_TFIDF_RISK_SELECTED,SMOTE,RF,3,0.7021276595744681,0.8181818181818182,0.6428571428571429,0.72,0.7659774436090225,0.425197473321758
poi-1.5,METRICS_POST_TFIDF_RISK_SELECTED,SMOTE,RF,4,0.7872340425531915,0.875,0.75,0.8076923076923077,0.7875939849624058,0.5812797567491984
poi-1.5,METRICS_POST_TFIDF_RISK_SELECTED,SMOTE,RF,5,0.5957446808510638,0.6666666666666666,0.6428571428571429,0.6545454545454545,0.6109022556390977,0.16791512356486687
poi-1.5,METRICS_POST_TFIDF_RISK_SELECTED,SMOTE,ET,1,0.6041666666666666,0.6470588235294118,0.7586206896551724,0.6984126984126984,0.7159709618874773,0.13668434131171125
poi-1.5,METRICS_POST_TFIDF_RISK_SELECTED,SMOTE,ET,2,0.7916666666666666,0.7647058823529411,0.9285714285714286,0.8387096774193549,0.8214285714285715,0.5733162099493055
poi-1.5,METRICS_POST_TFIDF_RISK_SELECTED,SMOTE,ET,3,0.7021276595744681,0.8181818181818182,0.6428571428571429,0.72,0.7227443609022556,0.425197473321758
poi-1.5,METRICS_POST_TFIDF_RISK_SELECTED,SMOTE,ET,4,0.7446808510638298,0.7857142857142857,0.7857142857142857,0.7857142857142857,0.7781954887218046,0.4699248120300752
poi-1.5,METRICS_POST_TFIDF_RISK_SELECTED,SMOTE,ET,5,0.6170212765957447,0.6666666666666666,0.7142857142857143,0.6896551724137931,0.5639097744360902,0.19198137410269475
poi-1.5,METRICS_POST_TFIDF_RISK_SELECTED,SMOTE,SVM_RBF,1,0.5833333333333334,0.8,0.41379310344827586,0.5454545454545454,0.7186932849364791,0.26998566999559404
poi-1.5,METRICS_POST_TFIDF_RISK_SELECTED,SMOTE,SVM_RBF,2,0.7916666666666666,0.7368421052631579,1.0,0.8484848484848485,0.8767857142857143,0.606976978666884
poi-1.5,METRICS_POST_TFIDF_RISK_SELECTED,SMOTE,SVM_RBF,3,0.6808510638297872,0.7241379310344828,0.75,0.7368421052631579,0.7208646616541353,0.3320832579030019
poi-1.5,METRICS_POST_TFIDF_RISK_SELECTED,SMOTE,SVM_RBF,4,0.7872340425531915,0.875,0.75,0.8076923076923077,0.8383458646616541,0.5812797567491984
poi-1.5,METRICS_POST_TFIDF_RISK_SELECTED,SMOTE,SVM_RBF,5,0.7446808510638298,0.7352941176470589,0.8928571428571429,0.8064516129032258,0.7030075187969925,0.45987300014945215
poi-1.5,METRICS_POST_TFIDF_RISK_SELECTED,SMOTE,GB,1,0.7708333333333334,0.8,0.8275862068965517,0.8135593220338984,0.7903811252268602,0.5169831983190775
poi-1.5,METRICS_POST_TFIDF_RISK_SELECTED,SMOTE,GB,2,0.875,0.8666666666666667,0.9285714285714286,0.896551724137931,0.8357142857142857,0.741940826802374
poi-1.5,METRICS_POST_TFIDF_RISK_SELECTED,SMOTE,GB,3,0.7021276595744681,0.85,0.6071428571428571,0.7083333333333334,0.7490601503759399,0.4459079392444798
poi-1.5,METRICS_POST_TFIDF_RISK_SELECTED,SMOTE,GB,4,0.6808510638297872,0.7407407407407407,0.7142857142857143,0.7272727272727273,0.8092105263157895,0.3432931415103945
poi-1.5,METRICS_POST_TFIDF_RISK_SELECTED,SMOTE,GB,5,0.6382978723404256,0.72,0.6428571428571429,0.6792452830188679,0.6898496240601504,0.2699079613259855
poi-1.5,METRICS_POST_TFIDF_RISK_SELECTED,BLSMOTE,LR,1,0.6666666666666666,0.7241379310344828,0.7241379310344828,0.7241379310344828,0.6833030852994555,0.3030852994555354
poi-1.5,METRICS_POST_TFIDF_RISK_SELECTED,BLSMOTE,LR,2,0.6666666666666666,0.7307692307692307,0.6785714285714286,0.7037037037037037,0.7625,0.325106606660501
poi-1.5,METRICS_POST_TFIDF_RISK_SELECTED,BLSMOTE,LR,3,0.6808510638297872,0.7407407407407407,0.7142857142857143,0.7272727272727273,0.8129699248120301,0.3432931415103945
poi-1.5,METRICS_POST_TFIDF_RISK_SELECTED,BLSMOTE,LR,4,0.7021276595744681,0.85,0.6071428571428571,0.7083333333333334,0.8251879699248121,0.4459079392444798
poi-1.5,METRICS_POST_TFIDF_RISK_SELECTED,BLSMOTE,LR,5,0.6382978723404256,0.7037037037037037,0.6785714285714286,0.6909090909090909,0.6447368421052632,0.2556041325376307
poi-1.5,METRICS_POST_TFIDF_RISK_SELECTED,BLSMOTE,RF,1,0.6666666666666666,0.696969696969697,0.7931034482758621,0.7419354838709677,0.7522686025408349,0.28147442191030014
poi-1.5,METRICS_POST_TFIDF_RISK_SELECTED,BLSMOTE,RF,2,0.8125,0.7878787878787878,0.9285714285714286,0.8524590163934426,0.8446428571428571,0.6153871128820448
poi-1.5,METRICS_POST_TFIDF_RISK_SELECTED,BLSMOTE,RF,3,0.7021276595744681,0.8181818181818182,0.6428571428571429,0.72,0.7537593984962405,0.425197473321758
poi-1.5,METRICS_POST_TFIDF_RISK_SELECTED,BLSMOTE,RF,4,0.7446808510638298,0.8636363636363636,0.6785714285714286,0.76,0.806390977443609,0.512085652652726
poi-1.5,METRICS_POST_TFIDF_RISK_SELECTED,BLSMOTE,RF,5,0.6382978723404256,0.7037037037037037,0.6785714285714286,0.6909090909090909,0.6447368421052632,0.2556041325376307
poi-1.5,METRICS_POST_TFIDF_RISK_SELECTED,BLSMOTE,ET,1,0.625,0.6666666666666666,0.7586206896551724,0.7096774193548387,0.7032667876588022,0.18956440659265114
poi-1.5,METRICS_POST_TFIDF_RISK_SELECTED,BLSMOTE,ET,2,0.8125,0.7878787878787878,0.9285714285714286,0.8524590163934426,0.8151785714285714,0.6153871128820448
poi-1.5,METRICS_POST_TFIDF_RISK_SELECTED,BLSMOTE,ET,3,0.723404255319149,0.8260869565217391,0.6785714285714286,0.7450980392156863,0.7368421052631579,0.45948780771603304
poi-1.5,METRICS_POST_TFIDF_RISK_SELECTED,BLSMOTE,ET,4,0.7446808510638298,0.8076923076923077,0.75,0.7777777777777778,0.7941729323308271,0.4805600084561713
poi-1.5,METRICS_POST_TFIDF_RISK_SELECTED,BLSMOTE,ET,5,0.6170212765957447,0.6666666666666666,0.7142857142857143,0.6896551724137931,0.5733082706766918,0.19198137410269475
poi-1.5,METRICS_POST_TFIDF_RISK_SELECTED,BLSMOTE,SVM_RBF,1,0.5416666666666666,0.8181818181818182,0.3103448275862069,0.45,0.7087114337568059,0.23861922972373
poi-1.5,METRICS_POST_TFIDF_RISK_SELECTED,BLSMOTE,SVM_RBF,2,0.75,0.8333333333333334,0.7142857142857143,0.7692307692307693,0.8392857142857143,0.50709255283711
poi-1.5,METRICS_POST_TFIDF_RISK_SELECTED,BLSMOTE,SVM_RBF,3,0.6595744680851063,0.7307692307692307,0.6785714285714286,0.7037037037037037,0.705827067669173,0.30614826793539873
poi-1.5,METRICS_POST_TFIDF_RISK_SELECTED,BLSMOTE,SVM_RBF,4,0.723404255319149,0.8571428571428571,0.6428571428571429,0.7346938775510204,0.8233082706766918,0.47870456440807796
poi-1.5,METRICS_POST_TFIDF_RISK_SELECTED,BLSMOTE,SVM_RBF,5,0.574468085106383,0.6538461538461539,0.6071428571428571,0.6296296296296297,0.5676691729323309,0.1317365274146261
poi-1.5,METRICS_POST_TFIDF_RISK_SELECTED,BLSMOTE,GB,1,0.7083333333333334,0.7586206896551724,0.7586206896551724,0.7586206896551724,0.7568058076225046,0.39019963702359345
poi-1.5,METRICS_POST_TFIDF_RISK_SELECTED,BLSMOTE,GB,2,0.7708333333333334,0.7741935483870968,0.8571428571428571,0.8135593220338984,0.8017857142857143,0.5227800656281397
poi-1.5,METRICS_POST_TFIDF_RISK_SELECTED,BLSMOTE,GB,3,0.7446808510638298,0.8076923076923077,0.75,0.7777777777777778,0.7922932330827068,0.4805600084561713
poi-1.5,METRICS_POST_TFIDF_RISK_SELECTED,BLSMOTE,GB,4,0.6808510638297872,0.8095238095238095,0.6071428571428571,0.6938775510204082,0.7885338345864662,0.3914986941476917
poi-1.5,METRICS_POST_TFIDF_RISK_SELECTED,BLSMOTE,GB,5,0.5957446808510638,0.6666666666666666,0.6428571428571429,0.6545454545454545,0.6578947368421053,0.16791512356486687
synapse-1.0,METRICS,NONE,LR,1,0.96875,0.75,1.0,0.8571428571428571,0.9655172413793104,0.8509629433967631
synapse-1.0,METRICS,NONE,LR,2,0.90625,1.0,0.25,0.4,0.8482142857142857,0.47519096331149147
synapse-1.0,METRICS,NONE,LR,3,0.9032258064516129,0.5,0.3333333333333333,0.4,0.8928571428571429,0.358167659413283
synapse-1.0,METRICS,NONE,LR,4,0.8387096774193549,0.0,0.0,0.0,0.42857142857142855,-0.08596023825918793
synapse-1.0,METRICS,NONE,LR,5,0.8709677419354839,0.3333333333333333,0.3333333333333333,0.3333333333333333,0.9285714285714286,0.2619047619047619
synapse-1.0,METRICS,NONE,RF,1,0.90625,0.5,0.6666666666666666,0.5714285714285714,0.9540229885057472,0.52678658400752
synapse-1.0,METRICS,NONE,RF,2,0.90625,1.0,0.25,0.4,0.7232142857142858,0.47519096331149147
synapse-1.0,METRICS,NONE,RF,3,0.9032258064516129,0.0,0.0,0.0,0.8214285714285714,0.0
synapse-1.0,METRICS,NONE,RF,4,0.8064516129032258,0.0,0.0,0.0,0.5238095238095238,-0.10714285714285714
synapse-1.0,METRICS,NONE,RF,5,0.8709677419354839,0.0,0.0,0.0,0.9107142857142857,-0.05976143046671969
synapse-1.0,METRICS,NONE,ET,1,0.90625,0.5,0.6666666666666666,0.5714285714285714,0.9597701149425287,0.52678658400752
synapse-1.0,METRICS,NONE,ET,2,0.90625,1.0,0.25,0.4,0.7633928571428572,0.47519096331149147
synapse-1.0,METRICS,NONE,ET,3,0.9354838709677419,1.0,0.3333333333333333,0.5,0.744047619047619,0.5577733510227171
synapse-1.0,METRICS,NONE,ET,4,0.8064516129032258,0.0,0.0,0.0,0.5892857142857142,-0.10714285714285714
synapse-1.0,METRICS,NONE,ET,5,0.8709677419354839,0.3333333333333333,0.3333333333333333,0.3333333333333333,0.9404761904761904,0.2619047619047619
synapse-1.0,METRICS,NONE,SVM_RBF,1,0.90625,0.0,0.0,0.0,0.9425287356321839,0.0
synapse-1.0,METRICS,NONE,SVM_RBF,2,0.875,0.0,0.0,0.0,0.23214285714285712,0.0
synapse-1.0,METRICS,NONE,SVM_RBF,3,0.9032258064516129,0.0,0.0,0.0,0.7023809523809523,0.0
synapse-1.0,METRICS,NONE,SVM_RBF,4,0.8709677419354839,0.0,0.0,0.0,0.20238095238095238,-0.05976143046671969
synapse-1.0,METRICS,NONE,SVM_RBF,5,0.9032258064516129,0.0,0.0,0.0,0.9404761904761905,0.0
synapse-1.0,METRICS,NONE,GB,1,0.90625,0.5,0.3333333333333333,0.4,0.9080459770114941,0.35986374603287324
synapse-1.0,METRICS,NONE,GB,2,0.875,0.5,0.25,0.3333333333333333,0.7232142857142857,0.29277002188455997
synapse-1.0,METRICS,NONE,GB,3,0.8709677419354839,0.0,0.0,0.0,0.6904761904761905,-0.05976143046671969
synapse-1.0,METRICS,NONE,GB,4,0.8064516129032258,0.0,0.0,0.0,0.44047619047619047,-0.10714285714285714
synapse-1.0,METRICS,NONE,GB,5,0.9032258064516129,0.5,0.3333333333333333,0.4,0.8690476190476191,0.358167659413283
synapse-1.0,METRICS,SMOTE,LR,1,0.875,0.42857142857142855,1.0,0.6,0.9655172413793104,0.6078306738548308
synapse-1.0,METRICS,SMOTE,LR,2,0.875,0.5,0.5,0.5,0.8214285714285714,0.42857142857142855
synapse-1.0,METRICS,SMOTE,LR,3,0.8064516129032258,0.2857142857142857,0.6666666666666666,0.4,0.8452380952380952,0.34513545272200535
synapse-1.0,METRICS,SMOTE,LR,4,0.7419354838709677,0.0,0.0,0.0,0.44047619047619047,-0.14354231294080363
synapse-1.0,METRICS,SMOTE,LR,5,0.7741935483870968,0.3,1.0,0.46153846153846156,0.9523809523809524,0.47434164902525694
synapse-1.0,METRICS,SMOTE,RF,1,0.90625,0.5,0.3333333333333333,0.4,0.896551724137931,0.35986374603287324
synapse-1.0,METRICS,SMOTE,RF,2,0.90625,1.0,0.25,0.4,0.90625,0.47519096331149147
synapse-1.0,METRICS,SMOTE,RF,3,0.8709677419354839,0.3333333333333333,0.3333333333333333,0.3333333333333333,0.8095238095238095,0.2619047619047619
synapse-1.0,METRICS,SMOTE,RF,4,0.8064516129032258,0.0,0.0,0.0,0.49999999999999994,-0.10714285714285714
synapse-1.0,METRICS,SMOTE,RF,5,0.7419354838709677,0.2222222222222222,0.6666666666666666,0.3333333333333333,0.8452380952380952,0.27139122803288734
synapse-1.0,METRICS,SMOTE,ET,1,0.9375,0.6666666666666666,0.6666666666666666,0.6666666666666666,0.9137931034482759,0.632183908045977
synapse-1.0,METRICS,SMOTE,ET,2,0.90625,1.0,0.25,0.4,0.7901785714285714,0.47519096331149147
synapse-1.0,METRICS,SMOTE,ET,3,0.8709677419354839,0.3333333333333333,0.3333333333333333,0.3333333333333333,0.6845238095238095,0.2619047619047619
synapse-1.0,METRICS,SMOTE,ET,4,0.8064516129032258,0.0,0.0,0.0,0.5357142857142857,-0.10714285714285714
synapse-1.0,METRICS,SMOTE,ET,5,0.7741935483870968,0.3,1.0,0.46153846153846156,0.9047619047619048,0.47434164902525694
synapse-1.0,METRICS,SMOTE,SVM_RBF,1,0.8125,0.2857142857142857,0.6666666666666666,0.4,0.7701149425287357,0.34848958634343635
synapse-1.0,METRICS,SMOTE,SVM_RBF,2,0.875,0.5,0.75,0.6,0.875,0.5447047794019222
synapse-1.0,METRICS,SMOTE,SVM_RBF,3,0.8709677419354839,0.4,0.6666666666666666,0.5,0.8452380952380952,0.44976591388118475
synapse-1.0,METRICS,SMOTE,SVM_RBF,4,0.7741935483870968,0.0,0.0,0.0,0.5119047619047619,-0.12598815766974242
synapse-1.0,METRICS,SMOTE,SVM_RBF,5,0.7096774193548387,0.25,1.0,0.4,0.8928571428571428,0.411877235523957
synapse-1.0,METRICS,SMOTE,GB,1,0.78125,0.16666666666666666,0.3333333333333333,0.2222222222222222,0.8275862068965517,0.12017278061240778
synapse-1.0,METRICS,SMOTE,GB,2,0.84375,0.0,0.0,0.0,0.875,-0.06788442333021306
synapse-1.0,METRICS,SMOTE,GB,3,0.8709677419354839,0.3333333333333333,0.3333333333333333,0.3333333333333333,0.7380952380952381,0.2619047619047619
synapse-1.0,METRICS,SMOTE,GB,4,0.8064516129032258,0.0,0.0,0.0,0.4226190476190476,-0.10714285714285714
synapse-1.0,METRICS,SMOTE,GB,5,0.7096774193548387,0.2,0.6666666666666666,0.3076923076923077,0.8571428571428572,0.24093544077473367
synapse-1.0,METRICS,BLSMOTE,LR,1,0.90625,0.5,1.0,0.6666666666666666,0.9770114942528736,0.6695340634119862
synapse-1.0,METRICS,BLSMOTE,LR,2,0.875,0.5,0.5,0.5,0.9017857142857143,0.42857142857142855
synapse-1.0,METRICS,BLSMOTE,LR,3,0.8064516129032258,0.2,0.3333333333333333,0.25,0.9047619047619049,0.15311180047019055
synapse-1.0,METRICS,BLSMOTE,LR,4,0.7419354838709677,0.0,0.0,0.0,0.4523809523809524,-0.14354231294080363
synapse-1.0,METRICS,BLSMOTE,LR,5,0.7741935483870968,0.3,1.0,0.46153846153846156,0.9642857142857143,0.47434164902525694
synapse-1.0,METRICS,BLSMOTE,RF,1,0.9375,1.0,0.3333333333333333,0.5,0.9137931034482758,0.5584155773160767
synapse-1.0,METRICS,BLSMOTE,RF,2,0.90625,1.0,0.25,0.4,0.8571428571428571,0.47519096331149147
synapse-1.0,METRICS,BLSMOTE,RF,3,0.9354838709677419,1.0,0.3333333333333333,0.5,0.863095238095238,0.5577733510227171
synapse-1.0,METRICS,BLSMOTE,RF,4,0.8064516129032258,0.0,0.0,0.0,0.5238095238095237,-0.10714285714285714
synapse-1.0,METRICS,BLSMOTE,RF,5,0.7419354838709677,0.2222222222222222,0.6666666666666666,0.3333333333333333,0.8690476190476191,0.27139122803288734
synapse-1.0,METRICS,BLSMOTE,ET,1,0.90625,0.5,0.3333333333333333,0.4,0.9310344827586207,0.35986374603287324
synapse-1.0,METRICS,BLSMOTE,ET,2,0.90625,1.0,0.25,0.4,0.7946428571428571,0.47519096331149147
synapse-1.0,METRICS,BLSMOTE,ET,3,0.9032258064516129,0.5,0.3333333333333333,0.4,0.8095238095238095,0.358167659413283
synapse-1.0,METRICS,BLSMOTE,ET,4,0.7741935483870968,0.0,0.0,0.0,0.5595238095238095,-0.12598815766974242
synapse-1.0,METRICS,BLSMOTE,ET,5,0.7741935483870968,0.3,1.0,0.46153846153846156,0.9047619047619049,0.47434164902525694
synapse-1.0,METRICS,BLSMOTE,SVM_RBF,1,0.875,0.4,0.6666666666666666,0.5,0.8505747126436782,0.4521365014259176
synapse-1.0,METRICS,BLSMOTE,SVM_RBF,2,0.90625,0.6666666666666666,0.5,0.5714285714285714,0.9196428571428572,0.52678658400752
synapse-1.0,METRICS,BLSMOTE,SVM_RBF,3,0.8709677419354839,0.4,0.6666666666666666,0.5,0.9285714285714286,0.44976591388118475
synapse-1.0,METRICS,BLSMOTE,SVM_RBF,4,0.7741935483870968,0.0,0.0,0.0,0.5357142857142857,-0.12598815766974242
synapse-1.0,METRICS,BLSMOTE,SVM_RBF,5,0.7741935483870968,0.3,1.0,0.46153846153846156,0.9404761904761905,0.47434164902525694
synapse-1.0,METRICS,BLSMOTE,GB,1,0.9375,1.0,0.3333333333333333,0.5,0.8735632183908045,0.5584155773160767
synapse-1.0,METRICS,BLSMOTE,GB,2,0.96875,1.0,0.75,0.8571428571428571,0.9553571428571428,0.8509629433967631
synapse-1.0,METRICS,BLSMOTE,GB,3,0.9032258064516129,0.5,0.3333333333333333,0.4,0.7023809523809523,0.358167659413283
synapse-1.0,METRICS,BLSMOTE,GB,4,0.8064516129032258,0.0,0.0,0.0,0.4821428571428571,-0.10714285714285714
synapse-1.0,METRICS,BLSMOTE,GB,5,0.7741935483870968,0.3,1.0,0.46153846153846156,0.8928571428571428,0.47434164902525694
synapse-1.0,POST_TFIDF,NONE,LR,1,0.90625,0.0,0.0,0.0,0.9770114942528736,0.0
synapse-1.0,POST_TFIDF,NONE,LR,2,0.875,0.0,0.0,0.0,0.7767857142857143,0.0
synapse-1.0,POST_TFIDF,NONE,LR,3,0.9032258064516129,0.0,0.0,0.0,0.869047619047619,0.0
synapse-1.0,POST_TFIDF,NONE,LR,4,0.9032258064516129,0.0,0.0,0.0,0.5119047619047619,0.0
synapse-1.0,POST_TFIDF,NONE,LR,5,0.9032258064516129,0.0,0.0,0.0,0.8988095238095238,0.0
synapse-1.0,POST_TFIDF,NONE,RF,1,0.875,0.0,0.0,0.0,0.5517241379310345,-0.05776712868787001
synapse-1.0,POST_TFIDF,NONE,RF,2,0.875,0.0,0.0,0.0,0.4910714285714286,0.0
synapse-1.0,POST_TFIDF,NONE,RF,3,0.9032258064516129,0.0,0.0,0.0,0.47619047619047616,0.0
synapse-1.0,POST_TFIDF,NONE,RF,4,0.8709677419354839,0.0,0.0,0.0,0.38690476190476186,-0.05976143046671969
synapse-1.0,POST_TFIDF,NONE,RF,5,0.8064516129032258,0.0,0.0,0.0,0.7202380952380952,-0.10714285714285714
synapse-1.0,POST_TFIDF,NONE,ET,1,0.875,0.0,0.0,0.0,0.40229885057471265,-0.05776712868787001
synapse-1.0,POST_TFIDF,NONE,ET,2,0.875,0.0,0.0,0.0,0.5089285714285714,0.0
synapse-1.0,POST_TFIDF,NONE,ET,3,0.9032258064516129,0.0,0.0,0.0,0.5535714285714285,0.0
synapse-1.0,POST_TFIDF,NONE,ET,4,0.8064516129032258,0.0,0.0,0.0,0.44047619047619047,-0.10714285714285714
synapse-1.0,POST_TFIDF,NONE,ET,5,0.8064516129032258,0.2,0.3333333333333333,0.25,0.8273809523809523,0.15311180047019055
synapse-1.0,POST_TFIDF,NONE,SVM_RBF,1,0.90625,0.0,0.0,0.0,0.735632183908046,0.0
synapse-1.0,POST_TFIDF,NONE,SVM_RBF,2,0.875,0.0,0.0,0.0,0.4553571428571429,0.0
synapse-1.0,POST_TFIDF,NONE,SVM_RBF,3,0.9032258064516129,0.0,0.0,0.0,0.40476190476190477,0.0
synapse-1.0,POST_TFIDF,NONE,SVM_RBF,4,0.9032258064516129,0.0,0.0,0.0,0.4523809523809524,0.0
synapse-1.0,POST_TFIDF,NONE,SVM_RBF,5,0.9032258064516129,0.0,0.0,0.0,0.17261904761904762,0.0
synapse-1.0,POST_TFIDF,NONE,GB,1,0.90625,0.5,0.3333333333333333,0.4,0.689655172413793,0.35986374603287324
synapse-1.0,POST_TFIDF,NONE,GB,2,0.875,0.0,0.0,0.0,0.6160714285714286,0.0
synapse-1.0,POST_TFIDF,NONE,GB,3,0.8387096774193549,0.0,0.0,0.0,0.5238095238095237,-0.08596023825918793
synapse-1.0,POST_TFIDF,NONE,GB,4,0.8387096774193549,0.0,0.0,0.0,0.41666666666666663,-0.08596023825918793
synapse-1.0,POST_TFIDF,NONE,GB,5,0.7741935483870968,0.25,0.6666666666666666,0.36363636363636365,0.7797619047619048,0.30565748974169876
synapse-1.0,POST_TFIDF,SMOTE,LR,1,0.8125,0.3333333333333333,1.0,0.5,0.9770114942528736,0.5141671091113803
synapse-1.0,POST_TFIDF,SMOTE,LR,2,0.71875,0.2727272727272727,0.75,0.4,0.7410714285714285,0.32328707534629597
synapse-1.0,POST_TFIDF,SMOTE,LR,3,0.7741935483870968,0.3,1.0,0.46153846153846156,0.8571428571428571,0.47434164902525694
synapse-1.0,POST_TFIDF,SMOTE,LR,4,0.7096774193548387,0.125,0.3333333333333333,0.18181818181818182,0.5178571428571428,0.05630532705768135
synapse-1.0,POST_TFIDF,SMOTE,LR,5,0.7096774193548387,0.25,1.0,0.4,0.8869047619047619,0.411877235523957
synapse-1.0,POST_TFIDF,SMOTE,RF,1,0.90625,0.5,0.3333333333333333,0.4,0.7011494252873564,0.35986374603287324
synapse-1.0,POST_TFIDF,SMOTE,RF,2,0.84375,0.0,0.0,0.0,0.6830357142857144,-0.06788442333021306
synapse-1.0,POST_TFIDF,SMOTE,RF,3,0.8709677419354839,0.0,0.0,0.0,0.6666666666666666,-0.05976143046671969
synapse-1.0,POST_TFIDF,SMOTE,RF,4,0.8387096774193549,0.0,0.0,0.0,0.30952380952380953,-0.08596023825918793
synapse-1.0,POST_TFIDF,SMOTE,RF,5,0.8387096774193549,0.3333333333333333,0.6666666666666666,0.4444444444444444,0.7678571428571428,0.3919831548048891
synapse-1.0,POST_TFIDF,SMOTE,ET,1,0.90625,0.5,0.3333333333333333,0.4,0.40229885057471265,0.35986374603287324
synapse-1.0,POST_TFIDF,SMOTE,ET,2,0.84375,0.0,0.0,0.0,0.6607142857142857,-0.06788442333021306
synapse-1.0,POST_TFIDF,SMOTE,ET,3,0.8709677419354839,0.0,0.0,0.0,0.6130952380952381,-0.05976143046671969
synapse-1.0,POST_TFIDF,SMOTE,ET,4,0.8387096774193549,0.0,0.0,0.0,0.40476190476190477,-0.08596023825918793
synapse-1.0,POST_TFIDF,SMOTE,ET,5,0.8064516129032258,0.2857142857142857,0.6666666666666666,0.4,0.8273809523809523,0.34513545272200535
synapse-1.0,POST_TFIDF,SMOTE,SVM_RBF,1,0.84375,0.3333333333333333,0.6666666666666666,0.4444444444444444,0.9195402298850576,0.394853422012197
synapse-1.0,POST_TFIDF,SMOTE,SVM_RBF,2,0.8125,0.375,0.75,0.5,0.7142857142857143,0.4364357804719848
synapse-1.0,POST_TFIDF,SMOTE,SVM_RBF,3,0.8387096774193549,0.375,1.0,0.5454545454545454,0.8452380952380952,0.5550096524257162
synapse-1.0,POST_TFIDF,SMOTE,SVM_RBF,4,0.6774193548387096,0.0,0.0,0.0,0.5952380952380952,-0.1767766952966369
synapse-1.0,POST_TFIDF,SMOTE,SVM_RBF,5,0.7741935483870968,0.3,1.0,0.46153846153846156,0.9107142857142857,0.47434164902525694
synapse-1.0,POST_TFIDF,SMOTE,GB,1,0.90625,0.5,0.3333333333333333,0.4,0.6551724137931034,0.35986374603287324
synapse-1.0,POST_TFIDF,SMOTE,GB,2,0.78125,0.0,0.0,0.0,0.4732142857142857,-0.12156613477096616
synapse-1.0,POST_TFIDF,SMOTE,GB,3,0.8709677419354839,0.0,0.0,0.0,0.488095238095238,-0.05976143046671969
synapse-1.0,POST_TFIDF,SMOTE,GB,4,0.8064516129032258,0.0,0.0,0.0,0.3333333333333333,-0.10714285714285714
synapse-1.0,POST_TFIDF,SMOTE,GB,5,0.8064516129032258,0.2,0.3333333333333333,0.25,0.7083333333333334,0.15311180047019055
synapse-1.0,POST_TFIDF,BLSMOTE,LR,1,0.84375,0.375,1.0,0.5454545454545454,0.9540229885057471,0.5570860145311557
synapse-1.0,POST_TFIDF,BLSMOTE,LR,2,0.71875,0.2727272727272727,0.75,0.4,0.7410714285714285,0.32328707534629597
synapse-1.0,POST_TFIDF,BLSMOTE,LR,3,0.7741935483870968,0.3,1.0,0.46153846153846156,0.8571428571428571,0.47434164902525694
synapse-1.0,POST_TFIDF,BLSMOTE,LR,4,0.7096774193548387,0.125,0.3333333333333333,0.18181818181818182,0.5178571428571428,0.05630532705768135
synapse-1.0,POST_TFIDF,BLSMOTE,LR,5,0.7419354838709677,0.2727272727272727,1.0,0.42857142857142855,0.9107142857142857,0.44136741475237473
synapse-1.0,POST_TFIDF,BLSMOTE,RF,1,0.90625,0.5,0.3333333333333333,0.4,0.7126436781609196,0.35986374603287324
synapse-1.0,POST_TFIDF,BLSMOTE,RF,2,0.84375,0.0,0.0,0.0,0.6830357142857144,-0.06788442333021306
synapse-1.0,POST_TFIDF,BLSMOTE,RF,3,0.8709677419354839,0.0,0.0,0.0,0.6666666666666666,-0.05976143046671969
synapse-1.0,POST_TFIDF,BLSMOTE,RF,4,0.8387096774193549,0.0,0.0,0.0,0.34523809523809523,-0.08596023825918793
synapse-1.0,POST_TFIDF,BLSMOTE,RF,5,0.8387096774193549,0.3333333333333333,0.6666666666666666,0.4444444444444444,0.8392857142857143,0.3919831548048891
synapse-1.0,POST_TFIDF,BLSMOTE,ET,1,0.90625,0.5,0.3333333333333333,0.4,0.40229885057471265,0.35986374603287324
synapse-1.0,POST_TFIDF,BLSMOTE,ET,2,0.84375,0.0,0.0,0.0,0.6607142857142857,-0.06788442333021306
synapse-1.0,POST_TFIDF,BLSMOTE,ET,3,0.8709677419354839,0.0,0.0,0.0,0.6130952380952381,-0.05976143046671969
synapse-1.0,POST_TFIDF,BLSMOTE,ET,4,0.8387096774193549,0.0,0.0,0.0,0.39285714285714285,-0.08596023825918793
synapse-1.0,POST_TFIDF,BLSMOTE,ET,5,0.8387096774193549,0.3333333333333333,0.6666666666666666,0.4444444444444444,0.8511904761904762,0.3919831548048891
synapse-1.0,POST_TFIDF,BLSMOTE,SVM_RBF,1,0.90625,0.5,1.0,0.6666666666666666,0.9425287356321839,0.6695340634119862
synapse-1.0,POST_TFIDF,BLSMOTE,SVM_RBF,2,0.8125,0.375,0.75,0.5,0.7142857142857143,0.4364357804719848
synapse-1.0,POST_TFIDF,BLSMOTE,SVM_RBF,3,0.8387096774193549,0.375,1.0,0.5454545454545454,0.8452380952380952,0.5550096524257162
synapse-1.0,POST_TFIDF,BLSMOTE,SVM_RBF,4,0.6774193548387096,0.0,0.0,0.0,0.5357142857142857,-0.1767766952966369
synapse-1.0,POST_TFIDF,BLSMOTE,SVM_RBF,5,0.8387096774193549,0.375,1.0,0.5454545454545454,0.9107142857142857,0.5550096524257162
synapse-1.0,POST_TFIDF,BLSMOTE,GB,1,0.90625,0.5,0.3333333333333333,0.4,0.7816091954022989,0.35986374603287324
synapse-1.0,POST_TFIDF,BLSMOTE,GB,2,0.78125,0.0,0.0,0.0,0.4732142857142857,-0.12156613477096616
synapse-1.0,POST_TFIDF,BLSMOTE,GB,3,0.8709677419354839,0.0,0.0,0.0,0.488095238095238,-0.05976143046671969
synapse-1.0,POST_TFIDF,BLSMOTE,GB,4,0.7741935483870968,0.0,0.0,0.0,0.4880952380952381,-0.12598815766974242
synapse-1.0,POST_TFIDF,BLSMOTE,GB,5,0.8064516129032258,0.2,0.3333333333333333,0.25,0.7916666666666666,0.15311180047019055
synapse-1.0,RISK_FEATURES,NONE,LR,1,0.90625,0.0,0.0,0.0,0.9022988505747127,0.0
synapse-1.0,RISK_FEATURES,NONE,LR,2,0.875,0.0,0.0,0.0,0.7991071428571429,0.0
synapse-1.0,RISK_FEATURES,NONE,LR,3,0.9032258064516129,0.0,0.0,0.0,0.7738095238095237,0.0
synapse-1.0,RISK_FEATURES,NONE,LR,4,0.9032258064516129,0.0,0.0,0.0,0.6904761904761905,0.0
synapse-1.0,RISK_FEATURES,NONE,LR,5,0.9032258064516129,0.0,0.0,0.0,0.7857142857142857,0.0
synapse-1.0,RISK_FEATURES,NONE,RF,1,0.90625,0.0,0.0,0.0,0.8448275862068966,0.0
synapse-1.0,RISK_FEATURES,NONE,RF,2,0.875,0.0,0.0,0.0,0.8258928571428571,0.0
synapse-1.0,RISK_FEATURES,NONE,RF,3,0.9032258064516129,0.0,0.0,0.0,0.6428571428571428,0.0
synapse-1.0,RISK_FEATURES,NONE,RF,4,0.9032258064516129,0.0,0.0,0.0,0.6547619047619047,0.0
synapse-1.0,RISK_FEATURES,NONE,RF,5,0.9032258064516129,0.0,0.0,0.0,0.75,0.0
synapse-1.0,RISK_FEATURES,NONE,ET,1,0.90625,0.0,0.0,0.0,0.82183908045977,0.0
synapse-1.0,RISK_FEATURES,NONE,ET,2,0.875,0.0,0.0,0.0,0.7991071428571428,0.0
synapse-1.0,RISK_FEATURES,NONE,ET,3,0.9032258064516129,0.0,0.0,0.0,0.6428571428571428,0.0
synapse-1.0,RISK_FEATURES,NONE,ET,4,0.9032258064516129,0.0,0.0,0.0,0.6547619047619047,0.0
synapse-1.0,RISK_FEATURES,NONE,ET,5,0.9032258064516129,0.0,0.0,0.0,0.75,0.0
synapse-1.0,RISK_FEATURES,NONE,SVM_RBF,1,0.90625,0.0,0.0,0.0,0.5,0.0
synapse-1.0,RISK_FEATURES,NONE,SVM_RBF,2,0.875,0.0,0.0,0.0,0.5,0.0
synapse-1.0,RISK_FEATURES,NONE,SVM_RBF,3,0.9032258064516129,0.0,0.0,0.0,0.5476190476190477,0.0
synapse-1.0,RISK_FEATURES,NONE,SVM_RBF,4,0.9032258064516129,0.0,0.0,0.0,0.5,0.0
synapse-1.0,RISK_FEATURES,NONE,SVM_RBF,5,0.9032258064516129,0.0,0.0,0.0,0.5,0.0
synapse-1.0,RISK_FEATURES,NONE,GB,1,0.90625,0.0,0.0,0.0,0.8218390804597702,0.0
synapse-1.0,RISK_FEATURES,NONE,GB,2,0.875,0.0,0.0,0.0,0.7991071428571429,0.0
synapse-1.0,RISK_FEATURES,NONE,GB,3,0.9032258064516129,0.0,0.0,0.0,0.7142857142857142,0.0
synapse-1.0,RISK_FEATURES,NONE,GB,4,0.9032258064516129,0.0,0.0,0.0,0.6071428571428571,0.0
synapse-1.0,RISK_FEATURES,NONE,GB,5,0.9032258064516129,0.0,0.0,0.0,0.75,0.0
synapse-1.0,RISK_FEATURES,SMOTE,LR,1,0.75,0.2727272727272727,1.0,0.42857142857142855,0.8793103448275862,0.44440090347500916
synapse-1.0,RISK_FEATURES,SMOTE,LR,2,0.59375,0.2,0.75,0.3157894736842105,0.8258928571428571,0.2130214807490179
synapse-1.0,RISK_FEATURES,SMOTE,LR,3,0.7741935483870968,0.25,0.6666666666666666,0.36363636363636365,0.7738095238095237,0.30565748974169876
synapse-1.0,RISK_FEATURES,SMOTE,LR,4,0.7096774193548387,0.125,0.3333333333333333,0.18181818181818182,0.6904761904761905,0.05630532705768135
synapse-1.0,RISK_FEATURES,SMOTE,LR,5,0.6451612903225806,0.21428571428571427,1.0,0.35294117647058826,0.8928571428571429,0.3606966049415028
synapse-1.0,RISK_FEATURES,SMOTE,RF,1,0.875,0.4,0.6666666666666666,0.5,0.8448275862068966,0.4521365014259176
synapse-1.0,RISK_FEATURES,SMOTE,RF,2,0.90625,0.6,0.75,0.6666666666666666,0.8258928571428571,0.6180700462007377
synapse-1.0,RISK_FEATURES,SMOTE,RF,3,0.8064516129032258,0.2,0.3333333333333333,0.25,0.6488095238095238,0.15311180047019055
synapse-1.0,RISK_FEATURES,SMOTE,RF,4,0.8387096774193549,0.0,0.0,0.0,0.5952380952380951,-0.08596023825918793
synapse-1.0,RISK_FEATURES,SMOTE,RF,5,0.6774193548387096,0.18181818181818182,0.6666666666666666,0.2857142857142857,0.7261904761904762,0.21332758379698114
synapse-1.0,RISK_FEATURES,SMOTE,ET,1,0.875,0.4,0.6666666666666666,0.5,0.8448275862068966,0.4521365014259176
synapse-1.0,RISK_FEATURES,SMOTE,ET,2,0.90625,0.6,0.75,0.6666666666666666,0.8258928571428572,0.6180700462007377
synapse-1.0,RISK_FEATURES,SMOTE,ET,3,0.8064516129032258,0.2,0.3333333333333333,0.25,0.6785714285714285,0.15311180047019055
synapse-1.0,RISK_FEATURES,SMOTE,ET,4,0.8387096774193549,0.0,0.0,0.0,0.5952380952380951,-0.08596023825918793
synapse-1.0,RISK_FEATURES,SMOTE,ET,5,0.6129032258064516,0.15384615384615385,0.6666666666666666,0.25,0.7261904761904762,0.16405152212918328
synapse-1.0,RISK_FEATURES,SMOTE,SVM_RBF,1,0.6875,0.18181818181818182,0.6666666666666666,0.2857142857142857,0.8448275862068965,0.21867346044008387
synapse-1.0,RISK_FEATURES,SMOTE,SVM_RBF,2,0.59375,0.2,0.75,0.3157894736842105,0.6026785714285714,0.2130214807490179
synapse-1.0,RISK_FEATURES,SMOTE,SVM_RBF,3,0.8064516129032258,0.2857142857142857,0.6666666666666666,0.4,0.7976190476190476,0.34513545272200535
synapse-1.0,RISK_FEATURES,SMOTE,SVM_RBF,4,0.7096774193548387,0.125,0.3333333333333333,0.18181818181818182,0.6428571428571428,0.05630532705768135
synapse-1.0,RISK_FEATURES,SMOTE,SVM_RBF,5,0.5806451612903226,0.14285714285714285,0.6666666666666666,0.23529411764705882,0.7261904761904762,0.14144964899666776
synapse-1.0,RISK_FEATURES,SMOTE,GB,1,0.875,0.4,0.6666666666666666,0.5,0.8448275862068966,0.4521365014259176
synapse-1.0,RISK_FEATURES,SMOTE,GB,2,0.875,0.5,0.75,0.6,0.8258928571428571,0.5447047794019222
synapse-1.0,RISK_FEATURES,SMOTE,GB,3,0.8064516129032258,0.2,0.3333333333333333,0.25,0.7261904761904762,0.15311180047019055
synapse-1.0,RISK_FEATURES,SMOTE,GB,4,0.8387096774193549,0.0,0.0,0.0,0.5476190476190477,-0.08596023825918793
synapse-1.0,RISK_FEATURES,SMOTE,GB,5,0.6774193548387096,0.18181818181818182,0.6666666666666666,0.2857142857142857,0.7261904761904762,0.21332758379698114
synapse-1.0,RISK_FEATURES,BLSMOTE,LR,1,0.8125,0.3333333333333333,1.0,0.5,0.8908045977011494,0.5141671091113803
synapse-1.0,RISK_FEATURES,BLSMOTE,LR,2,0.59375,0.2,0.75,0.3157894736842105,0.7991071428571429,0.2130214807490179
synapse-1.0,RISK_FEATURES,BLSMOTE,LR,3,0.7741935483870968,0.25,0.6666666666666666,0.36363636363636365,0.7738095238095237,0.30565748974169876
synapse-1.0,RISK_FEATURES,BLSMOTE,LR,4,0.7096774193548387,0.125,0.3333333333333333,0.18181818181818182,0.6904761904761905,0.05630532705768135
synapse-1.0,RISK_FEATURES,BLSMOTE,LR,5,0.6451612903225806,0.21428571428571427,1.0,0.35294117647058826,0.7857142857142857,0.3606966049415028
synapse-1.0,RISK_FEATURES,BLSMOTE,RF,1,0.84375,0.3333333333333333,0.6666666666666666,0.4444444444444444,0.8448275862068966,0.394853422012197
synapse-1.0,RISK_FEATURES,BLSMOTE,RF,2,0.6875,0.25,0.75,0.375,0.8258928571428571,0.29277002188455997
synapse-1.0,RISK_FEATURES,BLSMOTE,RF,3,0.8064516129032258,0.2,0.3333333333333333,0.25,0.6488095238095238,0.15311180047019055
synapse-1.0,RISK_FEATURES,BLSMOTE,RF,4,0.8387096774193549,0.0,0.0,0.0,0.607142857142857,-0.08596023825918793
synapse-1.0,RISK_FEATURES,BLSMOTE,RF,5,0.6774193548387096,0.18181818181818182,0.6666666666666666,0.2857142857142857,0.7261904761904762,0.21332758379698114
synapse-1.0,RISK_FEATURES,BLSMOTE,ET,1,0.84375,0.3333333333333333,0.6666666666666666,0.4444444444444444,0.8448275862068966,0.394853422012197
synapse-1.0,RISK_FEATURES,BLSMOTE,ET,2,0.6875,0.25,0.75,0.375,0.8258928571428572,0.29277002188455997
synapse-1.0,RISK_FEATURES,BLSMOTE,ET,3,0.8064516129032258,0.2,0.3333333333333333,0.25,0.6785714285714285,0.15311180047019055
synapse-1.0,RISK_FEATURES,BLSMOTE,ET,4,0.8387096774193549,0.0,0.0,0.0,0.5952380952380951,-0.08596023825918793
synapse-1.0,RISK_FEATURES,BLSMOTE,ET,5,0.6129032258064516,0.15384615384615385,0.6666666666666666,0.25,0.7261904761904762,0.16405152212918328
synapse-1.0,RISK_FEATURES,BLSMOTE,SVM_RBF,1,0.6875,0.18181818181818182,0.6666666666666666,0.2857142857142857,0.8333333333333333,0.21867346044008387
synapse-1.0,RISK_FEATURES,BLSMOTE,SVM_RBF,2,0.59375,0.2,0.75,0.3157894736842105,0.65625,0.2130214807490179
synapse-1.0,RISK_FEATURES,BLSMOTE,SVM_RBF,3,0.8064516129032258,0.2857142857142857,0.6666666666666666,0.4,0.7976190476190476,0.34513545272200535
synapse-1.0,RISK_FEATURES,BLSMOTE,SVM_RBF,4,0.7096774193548387,0.125,0.3333333333333333,0.18181818181818182,0.5476190476190476,0.05630532705768135
synapse-1.0,RISK_FEATURES,BLSMOTE,SVM_RBF,5,0.5806451612903226,0.14285714285714285,0.6666666666666666,0.23529411764705882,0.75,0.14144964899666776
synapse-1.0,RISK_FEATURES,BLSMOTE,GB,1,0.84375,0.3333333333333333,0.6666666666666666,0.4444444444444444,0.8448275862068966,0.394853422012197
synapse-1.0,RISK_FEATURES,BLSMOTE,GB,2,0.65625,0.23076923076923078,0.75,0.35294117647058826,0.8258928571428571,0.264542338634135
synapse-1.0,RISK_FEATURES,BLSMOTE,GB,3,0.8064516129032258,0.2,0.3333333333333333,0.25,0.7261904761904762,0.15311180047019055
synapse-1.0,RISK_FEATURES,BLSMOTE,GB,4,0.8387096774193549,0.0,0.0,0.0,0.5714285714285714,-0.08596023825918793
synapse-1.0,RISK_FEATURES,BLSMOTE,GB,5,0.6129032258064516,0.15384615384615385,0.6666666666666666,0.25,0.6785714285714285,0.16405152212918328
synapse-1.0,METRICS_RISK,NONE,LR,1,0.90625,0.5,0.3333333333333333,0.4,0.9770114942528736,0.35986374603287324
synapse-1.0,METRICS_RISK,NONE,LR,2,0.875,0.5,0.25,0.3333333333333333,0.8482142857142857,0.29277002188455997
synapse-1.0,METRICS_RISK,NONE,LR,3,0.8709677419354839,0.0,0.0,0.0,0.8452380952380952,-0.05976143046671969
synapse-1.0,METRICS_RISK,NONE,LR,4,0.8709677419354839,0.0,0.0,0.0,0.5357142857142857,-0.05976143046671969
synapse-1.0,METRICS_RISK,NONE,LR,5,0.9354838709677419,0.6666666666666666,0.6666666666666666,0.6666666666666666,0.9404761904761906,0.6309523809523809
synapse-1.0,METRICS_RISK,NONE,RF,1,0.96875,1.0,0.6666666666666666,0.8,0.9770114942528736,0.8027729719194864
synapse-1.0,METRICS_RISK,NONE,RF,2,0.90625,1.0,0.25,0.4,0.7678571428571428,0.47519096331149147
synapse-1.0,METRICS_RISK,NONE,RF,3,0.9032258064516129,0.0,0.0,0.0,0.7261904761904762,0.0
synapse-1.0,METRICS_RISK,NONE,RF,4,0.7741935483870968,0.0,0.0,0.0,0.5357142857142857,-0.12598815766974242
synapse-1.0,METRICS_RISK,NONE,RF,5,0.8709677419354839,0.0,0.0,0.0,0.9285714285714286,-0.05976143046671969
synapse-1.0,METRICS_RISK,NONE,ET,1,0.90625,0.5,0.6666666666666666,0.5714285714285714,0.9482758620689654,0.52678658400752
synapse-1.0,METRICS_RISK,NONE,ET,2,0.90625,1.0,0.25,0.4,0.75,0.47519096331149147
synapse-1.0,METRICS_RISK,NONE,ET,3,0.8709677419354839,0.0,0.0,0.0,0.6964285714285714,-0.05976143046671969
synapse-1.0,METRICS_RISK,NONE,ET,4,0.8064516129032258,0.0,0.0,0.0,0.625,-0.10714285714285714
synapse-1.0,METRICS_RISK,NONE,ET,5,0.8709677419354839,0.4,0.6666666666666666,0.5,0.8928571428571428,0.44976591388118475
synapse-1.0,METRICS_RISK,NONE,SVM_RBF,1,0.90625,0.0,0.0,0.0,0.0689655172413793,0.0
synapse-1.0,METRICS_RISK,NONE,SVM_RBF,2,0.875,0.0,0.0,0.0,0.13392857142857142,0.0
synapse-1.0,METRICS_RISK,NONE,SVM_RBF,3,0.9032258064516129,0.0,0.0,0.0,0.7738095238095237,0.0
synapse-1.0,METRICS_RISK,NONE,SVM_RBF,4,0.8709677419354839,0.0,0.0,0.0,0.3333333333333333,-0.05976143046671969
synapse-1.0,METRICS_RISK,NONE,SVM_RBF,5,0.9032258064516129,0.0,0.0,0.0,0.9285714285714286,0.0
synapse-1.0,METRICS_RISK,NONE,GB,1,0.90625,0.5,0.3333333333333333,0.4,0.9080459770114943,0.35986374603287324
synapse-1.0,METRICS_RISK,NONE,GB,2,0.875,0.5,0.25,0.3333333333333333,0.7321428571428571,0.29277002188455997
synapse-1.0,METRICS_RISK,NONE,GB,3,0.8709677419354839,0.0,0.0,0.0,0.7142857142857142,-0.05976143046671969
synapse-1.0,METRICS_RISK,NONE,GB,4,0.8064516129032258,0.0,0.0,0.0,0.44047619047619047,-0.10714285714285714
synapse-1.0,METRICS_RISK,NONE,GB,5,0.9354838709677419,1.0,0.3333333333333333,0.5,0.8809523809523809,0.5577733510227171
synapse-1.0,METRICS_RISK,SMOTE,LR,1,0.78125,0.3,1.0,0.46153846153846156,0.9310344827586207,0.477059961531621
synapse-1.0,METRICS_RISK,SMOTE,LR,2,0.84375,0.4,0.5,0.4444444444444444,0.7946428571428571,0.3578300267477955
synapse-1.0,METRICS_RISK,SMOTE,LR,3,0.7741935483870968,0.16666666666666666,0.3333333333333333,0.2222222222222222,0.7976190476190476,0.11581320482871722
synapse-1.0,METRICS_RISK,SMOTE,LR,4,0.8064516129032258,0.0,0.0,0.0,0.5357142857142857,-0.10714285714285714
synapse-1.0,METRICS_RISK,SMOTE,LR,5,0.7419354838709677,0.2727272727272727,1.0,0.42857142857142855,0.9523809523809524,0.44136741475237473
synapse-1.0,METRICS_RISK,SMOTE,RF,1,0.9375,1.0,0.3333333333333333,0.5,0.896551724137931,0.5584155773160767
synapse-1.0,METRICS_RISK,SMOTE,RF,2,0.9375,1.0,0.5,0.6666666666666666,0.8392857142857142,0.6831300510639733
synapse-1.0,METRICS_RISK,SMOTE,RF,3,0.8709677419354839,0.3333333333333333,0.3333333333333333,0.3333333333333333,0.8273809523809523,0.2619047619047619
synapse-1.0,METRICS_RISK,SMOTE,RF,4,0.8064516129032258,0.0,0.0,0.0,0.6190476190476191,-0.10714285714285714
synapse-1.0,METRICS_RISK,SMOTE,RF,5,0.7419354838709677,0.2222222222222222,0.6666666666666666,0.3333333333333333,0.8571428571428571,0.27139122803288734
synapse-1.0,METRICS_RISK,SMOTE,ET,1,0.90625,0.5,0.3333333333333333,0.4,0.9022988505747127,0.35986374603287324
synapse-1.0,METRICS_RISK,SMOTE,ET,2,0.875,0.0,0.0,0.0,0.7723214285714286,0.0
synapse-1.0,METRICS_RISK,SMOTE,ET,3,0.8387096774193549,0.0,0.0,0.0,0.7559523809523809,-0.08596023825918793
synapse-1.0,METRICS_RISK,SMOTE,ET,4,0.8064516129032258,0.0,0.0,0.0,0.6071428571428571,-0.10714285714285714
synapse-1.0,METRICS_RISK,SMOTE,ET,5,0.8064516129032258,0.3333333333333333,1.0,0.5,0.9226190476190476,0.511766315719159
synapse-1.0,METRICS_RISK,SMOTE,SVM_RBF,1,0.8125,0.2,0.3333333333333333,0.25,0.7011494252873562,0.15686368416817548
synapse-1.0,METRICS_RISK,SMOTE,SVM_RBF,2,0.8125,0.3333333333333333,0.5,0.4,0.8214285714285714,0.30261376633440124
synapse-1.0,METRICS_RISK,SMOTE,SVM_RBF,3,0.8709677419354839,0.3333333333333333,0.3333333333333333,0.3333333333333333,0.8452380952380952,0.2619047619047619
synapse-1.0,METRICS_RISK,SMOTE,SVM_RBF,4,0.7741935483870968,0.0,0.0,0.0,0.39285714285714285,-0.12598815766974242
synapse-1.0,METRICS_RISK,SMOTE,SVM_RBF,5,0.7419354838709677,0.2727272727272727,1.0,0.42857142857142855,0.8928571428571428,0.44136741475237473
synapse-1.0,METRICS_RISK,SMOTE,GB,1,0.90625,0.5,0.3333333333333333,0.4,0.8160919540229885,0.35986374603287324
synapse-1.0,METRICS_RISK,SMOTE,GB,2,0.84375,0.0,0.0,0.0,0.8571428571428572,-0.06788442333021306
synapse-1.0,METRICS_RISK,SMOTE,GB,3,0.8064516129032258,0.0,0.0,0.0,0.7738095238095238,-0.10714285714285714
synapse-1.0,METRICS_RISK,SMOTE,GB,4,0.8064516129032258,0.0,0.0,0.0,0.5297619047619048,-0.10714285714285714
synapse-1.0,METRICS_RISK,SMOTE,GB,5,0.7419354838709677,0.2222222222222222,0.6666666666666666,0.3333333333333333,0.8928571428571428,0.27139122803288734
synapse-1.0,METRICS_RISK,BLSMOTE,LR,1,0.8125,0.2857142857142857,0.6666666666666666,0.4,0.9080459770114943,0.34848958634343635
synapse-1.0,METRICS_RISK,BLSMOTE,LR,2,0.875,0.5,0.5,0.5,0.8214285714285714,0.42857142857142855
synapse-1.0,METRICS_RISK,BLSMOTE,LR,3,0.7741935483870968,0.16666666666666666,0.3333333333333333,0.2222222222222222,0.8214285714285715,0.11581320482871722
synapse-1.0,METRICS_RISK,BLSMOTE,LR,4,0.7741935483870968,0.0,0.0,0.0,0.5357142857142857,-0.12598815766974242
synapse-1.0,METRICS_RISK,BLSMOTE,LR,5,0.7741935483870968,0.3,1.0,0.46153846153846156,0.9404761904761905,0.47434164902525694
synapse-1.0,METRICS_RISK,BLSMOTE,RF,1,0.9375,1.0,0.3333333333333333,0.5,0.9137931034482758,0.5584155773160767
synapse-1.0,METRICS_RISK,BLSMOTE,RF,2,0.9375,1.0,0.5,0.6666666666666666,0.7633928571428572,0.6831300510639733
synapse-1.0,METRICS_RISK,BLSMOTE,RF,3,0.9032258064516129,0.5,0.3333333333333333,0.4,0.8333333333333333,0.358167659413283
synapse-1.0,METRICS_RISK,BLSMOTE,RF,4,0.8064516129032258,0.0,0.0,0.0,0.5238095238095238,-0.10714285714285714
synapse-1.0,METRICS_RISK,BLSMOTE,RF,5,0.7419354838709677,0.2222222222222222,0.6666666666666666,0.3333333333333333,0.8809523809523809,0.27139122803288734
synapse-1.0,METRICS_RISK,BLSMOTE,ET,1,0.90625,0.5,0.3333333333333333,0.4,0.9022988505747126,0.35986374603287324
synapse-1.0,METRICS_RISK,BLSMOTE,ET,2,0.875,0.5,0.25,0.3333333333333333,0.78125,0.29277002188455997
synapse-1.0,METRICS_RISK,BLSMOTE,ET,3,0.8387096774193549,0.0,0.0,0.0,0.75,-0.08596023825918793
synapse-1.0,METRICS_RISK,BLSMOTE,ET,4,0.8387096774193549,0.0,0.0,0.0,0.619047619047619,-0.08596023825918793
synapse-1.0,METRICS_RISK,BLSMOTE,ET,5,0.8064516129032258,0.3333333333333333,1.0,0.5,0.9166666666666666,0.511766315719159
synapse-1.0,METRICS_RISK,BLSMOTE,SVM_RBF,1,0.84375,0.25,0.3333333333333333,0.2857142857142857,0.7126436781609196,0.20261022461827694
synapse-1.0,METRICS_RISK,BLSMOTE,SVM_RBF,2,0.84375,0.4,0.5,0.4444444444444444,0.8125,0.3578300267477955
synapse-1.0,METRICS_RISK,BLSMOTE,SVM_RBF,3,0.8709677419354839,0.3333333333333333,0.3333333333333333,0.3333333333333333,0.8571428571428571,0.2619047619047619
synapse-1.0,METRICS_RISK,BLSMOTE,SVM_RBF,4,0.7741935483870968,0.0,0.0,0.0,0.3333333333333333,-0.12598815766974242
synapse-1.0,METRICS_RISK,BLSMOTE,SVM_RBF,5,0.7741935483870968,0.3,1.0,0.46153846153846156,0.8928571428571428,0.47434164902525694
synapse-1.0,METRICS_RISK,BLSMOTE,GB,1,0.875,0.3333333333333333,0.3333333333333333,0.3333333333333333,0.8850574712643678,0.26436781609195403
synapse-1.0,METRICS_RISK,BLSMOTE,GB,2,0.875,0.5,0.25,0.3333333333333333,0.8214285714285715,0.29277002188455997
synapse-1.0,METRICS_RISK,BLSMOTE,GB,3,0.8387096774193549,0.25,0.3333333333333333,0.2857142857142857,0.7023809523809523,0.19948124964375882
synapse-1.0,METRICS_RISK,BLSMOTE,GB,4,0.8064516129032258,0.0,0.0,0.0,0.3988095238095238,-0.10714285714285714
synapse-1.0,METRICS_RISK,BLSMOTE,GB,5,0.7419354838709677,0.2222222222222222,0.6666666666666666,0.3333333333333333,0.8928571428571428,0.27139122803288734
synapse-1.0,METRICS_POST_TFIDF_RISK,NONE,LR,1,0.90625,0.5,0.3333333333333333,0.4,0.9770114942528736,0.35986374603287324
synapse-1.0,METRICS_POST_TFIDF_RISK,NONE,LR,2,0.875,0.5,0.25,0.3333333333333333,0.8482142857142857,0.29277002188455997
synapse-1.0,METRICS_POST_TFIDF_RISK,NONE,LR,3,0.8709677419354839,0.0,0.0,0.0,0.8452380952380952,-0.05976143046671969
synapse-1.0,METRICS_POST_TFIDF_RISK,NONE,LR,4,0.8709677419354839,0.0,0.0,0.0,0.5357142857142857,-0.05976143046671969
synapse-1.0,METRICS_POST_TFIDF_RISK,NONE,LR,5,0.9354838709677419,0.6666666666666666,0.6666666666666666,0.6666666666666666,0.9523809523809524,0.6309523809523809
synapse-1.0,METRICS_POST_TFIDF_RISK,NONE,RF,1,0.875,0.0,0.0,0.0,0.9252873563218391,-0.05776712868787001
synapse-1.0,METRICS_POST_TFIDF_RISK,NONE,RF,2,0.875,0.0,0.0,0.0,0.7008928571428571,0.0
synapse-1.0,METRICS_POST_TFIDF_RISK,NONE,RF,3,0.9032258064516129,0.0,0.0,0.0,0.6428571428571429,0.0
synapse-1.0,METRICS_POST_TFIDF_RISK,NONE,RF,4,0.8387096774193549,0.0,0.0,0.0,0.5059523809523809,-0.08596023825918793
synapse-1.0,METRICS_POST_TFIDF_RISK,NONE,RF,5,0.9032258064516129,0.5,0.3333333333333333,0.4,0.8452380952380952,0.358167659413283
synapse-1.0,METRICS_POST_TFIDF_RISK,NONE,ET,1,0.875,0.0,0.0,0.0,0.9310344827586207,-0.05776712868787001
synapse-1.0,METRICS_POST_TFIDF_RISK,NONE,ET,2,0.875,0.0,0.0,0.0,0.75,0.0
synapse-1.0,METRICS_POST_TFIDF_RISK,NONE,ET,3,0.9032258064516129,0.0,0.0,0.0,0.6607142857142857,0.0
synapse-1.0,METRICS_POST_TFIDF_RISK,NONE,ET,4,0.8387096774193549,0.0,0.0,0.0,0.47619047619047616,-0.08596023825918793
synapse-1.0,METRICS_POST_TFIDF_RISK,NONE,ET,5,0.8387096774193549,0.25,0.3333333333333333,0.2857142857142857,0.869047619047619,0.19948124964375882
synapse-1.0,METRICS_POST_TFIDF_RISK,NONE,SVM_RBF,1,0.90625,0.0,0.0,0.0,0.0689655172413793,0.0
synapse-1.0,METRICS_POST_TFIDF_RISK,NONE,SVM_RBF,2,0.875,0.0,0.0,0.0,0.15178571428571427,0.0
synapse-1.0,METRICS_POST_TFIDF_RISK,NONE,SVM_RBF,3,0.9032258064516129,0.0,0.0,0.0,0.7857142857142857,0.0
synapse-1.0,METRICS_POST_TFIDF_RISK,NONE,SVM_RBF,4,0.8709677419354839,0.0,0.0,0.0,0.33333333333333337,-0.05976143046671969
synapse-1.0,METRICS_POST_TFIDF_RISK,NONE,SVM_RBF,5,0.9032258064516129,0.0,0.0,0.0,0.9404761904761905,0.0
synapse-1.0,METRICS_POST_TFIDF_RISK,NONE,GB,1,0.875,0.3333333333333333,0.3333333333333333,0.3333333333333333,0.896551724137931,0.26436781609195403
synapse-1.0,METRICS_POST_TFIDF_RISK,NONE,GB,2,0.875,0.5,0.25,0.3333333333333333,0.7410714285714286,0.29277002188455997
synapse-1.0,METRICS_POST_TFIDF_RISK,NONE,GB,3,0.8709677419354839,0.0,0.0,0.0,0.6071428571428571,-0.05976143046671969
synapse-1.0,METRICS_POST_TFIDF_RISK,NONE,GB,4,0.7741935483870968,0.0,0.0,0.0,0.369047619047619,-0.12598815766974242
synapse-1.0,METRICS_POST_TFIDF_RISK,NONE,GB,5,0.7741935483870968,0.16666666666666666,0.3333333333333333,0.2222222222222222,0.7738095238095238,0.11581320482871722
synapse-1.0,METRICS_POST_TFIDF_RISK,SMOTE,LR,1,0.75,0.2222222222222222,0.6666666666666666,0.3333333333333333,0.9080459770114941,0.2757127976394358
synapse-1.0,METRICS_POST_TFIDF_RISK,SMOTE,LR,2,0.8125,0.3333333333333333,0.5,0.4,0.7857142857142858,0.30261376633440124
synapse-1.0,METRICS_POST_TFIDF_RISK,SMOTE,LR,3,0.7741935483870968,0.16666666666666666,0.3333333333333333,0.2222222222222222,0.8095238095238095,0.11581320482871722
synapse-1.0,METRICS_POST_TFIDF_RISK,SMOTE,LR,4,0.8064516129032258,0.0,0.0,0.0,0.5357142857142857,-0.10714285714285714
synapse-1.0,METRICS_POST_TFIDF_RISK,SMOTE,LR,5,0.7741935483870968,0.3,1.0,0.46153846153846156,0.9404761904761905,0.47434164902525694
synapse-1.0,METRICS_POST_TFIDF_RISK,SMOTE,RF,1,0.90625,0.5,0.3333333333333333,0.4,0.896551724137931,0.35986374603287324
synapse-1.0,METRICS_POST_TFIDF_RISK,SMOTE,RF,2,0.84375,0.0,0.0,0.0,0.7946428571428571,-0.06788442333021306
synapse-1.0,METRICS_POST_TFIDF_RISK,SMOTE,RF,3,0.8709677419354839,0.0,0.0,0.0,0.7559523809523809,-0.05976143046671969
synapse-1.0,METRICS_POST_TFIDF_RISK,SMOTE,RF,4,0.8387096774193549,0.0,0.0,0.0,0.4464285714285714,-0.08596023825918793
synapse-1.0,METRICS_POST_TFIDF_RISK,SMOTE,RF,5,0.8064516129032258,0.2857142857142857,0.6666666666666666,0.4,0.8571428571428571,0.34513545272200535
synapse-1.0,METRICS_POST_TFIDF_RISK,SMOTE,ET,1,0.90625,0.5,0.3333333333333333,0.4,0.8563218390804598,0.35986374603287324
synapse-1.0,METRICS_POST_TFIDF_RISK,SMOTE,ET,2,0.84375,0.0,0.0,0.0,0.7589285714285713,-0.06788442333021306
synapse-1.0,METRICS_POST_TFIDF_RISK,SMOTE,ET,3,0.8709677419354839,0.0,0.0,0.0,0.6904761904761905,-0.05976143046671969
synapse-1.0,METRICS_POST_TFIDF_RISK,SMOTE,ET,4,0.8064516129032258,0.0,0.0,0.0,0.4999999999999999,-0.10714285714285714
synapse-1.0,METRICS_POST_TFIDF_RISK,SMOTE,ET,5,0.8064516129032258,0.2857142857142857,0.6666666666666666,0.4,0.8690476190476191,0.34513545272200535
synapse-1.0,METRICS_POST_TFIDF_RISK,SMOTE,SVM_RBF,1,0.84375,0.25,0.3333333333333333,0.2857142857142857,0.7011494252873562,0.20261022461827694
synapse-1.0,METRICS_POST_TFIDF_RISK,SMOTE,SVM_RBF,2,0.8125,0.3333333333333333,0.5,0.4,0.8125,0.30261376633440124
synapse-1.0,METRICS_POST_TFIDF_RISK,SMOTE,SVM_RBF,3,0.8709677419354839,0.3333333333333333,0.3333333333333333,0.3333333333333333,0.8571428571428571,0.2619047619047619
synapse-1.0,METRICS_POST_TFIDF_RISK,SMOTE,SVM_RBF,4,0.7741935483870968,0.0,0.0,0.0,0.3928571428571428,-0.12598815766974242
synapse-1.0,METRICS_POST_TFIDF_RISK,SMOTE,SVM_RBF,5,0.7419354838709677,0.2727272727272727,1.0,0.42857142857142855,0.8928571428571428,0.44136741475237473
synapse-1.0,METRICS_POST_TFIDF_RISK,SMOTE,GB,1,0.875,0.3333333333333333,0.3333333333333333,0.3333333333333333,0.8045977011494253,0.26436781609195403
synapse-1.0,METRICS_POST_TFIDF_RISK,SMOTE,GB,2,0.78125,0.0,0.0,0.0,0.5892857142857143,-0.12156613477096616
synapse-1.0,METRICS_POST_TFIDF_RISK,SMOTE,GB,3,0.8709677419354839,0.0,0.0,0.0,0.7738095238095237,-0.05976143046671969
synapse-1.0,METRICS_POST_TFIDF_RISK,SMOTE,GB,4,0.8064516129032258,0.0,0.0,0.0,0.4464285714285714,-0.10714285714285714
synapse-1.0,METRICS_POST_TFIDF_RISK,SMOTE,GB,5,0.7419354838709677,0.14285714285714285,0.3333333333333333,0.2,0.7857142857142857,0.08417937871268423
synapse-1.0,METRICS_POST_TFIDF_RISK,BLSMOTE,LR,1,0.84375,0.3333333333333333,0.6666666666666666,0.4444444444444444,0.9080459770114943,0.394853422012197
synapse-1.0,METRICS_POST_TFIDF_RISK,BLSMOTE,LR,2,0.875,0.5,0.5,0.5,0.8035714285714285,0.42857142857142855
synapse-1.0,METRICS_POST_TFIDF_RISK,BLSMOTE,LR,3,0.7741935483870968,0.16666666666666666,0.3333333333333333,0.2222222222222222,0.8214285714285715,0.11581320482871722
synapse-1.0,METRICS_POST_TFIDF_RISK,BLSMOTE,LR,4,0.7741935483870968,0.0,0.0,0.0,0.5357142857142857,-0.12598815766974242
synapse-1.0,METRICS_POST_TFIDF_RISK,BLSMOTE,LR,5,0.7741935483870968,0.3,1.0,0.46153846153846156,0.9404761904761905,0.47434164902525694
synapse-1.0,METRICS_POST_TFIDF_RISK,BLSMOTE,RF,1,0.90625,0.5,0.3333333333333333,0.4,0.8908045977011495,0.35986374603287324
synapse-1.0,METRICS_POST_TFIDF_RISK,BLSMOTE,RF,2,0.875,0.0,0.0,0.0,0.7767857142857143,0.0
synapse-1.0,METRICS_POST_TFIDF_RISK,BLSMOTE,RF,3,0.8709677419354839,0.0,0.0,0.0,0.7738095238095237,-0.05976143046671969
synapse-1.0,METRICS_POST_TFIDF_RISK,BLSMOTE,RF,4,0.8387096774193549,0.0,0.0,0.0,0.45238095238095233,-0.08596023825918793
synapse-1.0,METRICS_POST_TFIDF_RISK,BLSMOTE,RF,5,0.8064516129032258,0.2857142857142857,0.6666666666666666,0.4,0.8452380952380952,0.34513545272200535
synapse-1.0,METRICS_POST_TFIDF_RISK,BLSMOTE,ET,1,0.90625,0.5,0.3333333333333333,0.4,0.7931034482758621,0.35986374603287324
synapse-1.0,METRICS_POST_TFIDF_RISK,BLSMOTE,ET,2,0.84375,0.0,0.0,0.0,0.7812499999999999,-0.06788442333021306
synapse-1.0,METRICS_POST_TFIDF_RISK,BLSMOTE,ET,3,0.9032258064516129,0.0,0.0,0.0,0.7857142857142858,0.0
synapse-1.0,METRICS_POST_TFIDF_RISK,BLSMOTE,ET,4,0.8387096774193549,0.0,0.0,0.0,0.5059523809523809,-0.08596023825918793
synapse-1.0,METRICS_POST_TFIDF_RISK,BLSMOTE,ET,5,0.8387096774193549,0.3333333333333333,0.6666666666666666,0.4444444444444444,0.8749999999999999,0.3919831548048891
synapse-1.0,METRICS_POST_TFIDF_RISK,BLSMOTE,SVM_RBF,1,0.84375,0.25,0.3333333333333333,0.2857142857142857,0.7126436781609196,0.20261022461827694
synapse-1.0,METRICS_POST_TFIDF_RISK,BLSMOTE,SVM_RBF,2,0.84375,0.4,0.5,0.4444444444444444,0.8214285714285714,0.3578300267477955
synapse-1.0,METRICS_POST_TFIDF_RISK,BLSMOTE,SVM_RBF,3,0.8709677419354839,0.3333333333333333,0.3333333333333333,0.3333333333333333,0.8571428571428571,0.2619047619047619
synapse-1.0,METRICS_POST_TFIDF_RISK,BLSMOTE,SVM_RBF,4,0.7741935483870968,0.0,0.0,0.0,0.3214285714285714,-0.12598815766974242
synapse-1.0,METRICS_POST_TFIDF_RISK,BLSMOTE,SVM_RBF,5,0.7741935483870968,0.3,1.0,0.46153846153846156,0.9047619047619048,0.47434164902525694
synapse-1.0,METRICS_POST_TFIDF_RISK,BLSMOTE,GB,1,0.90625,0.5,0.3333333333333333,0.4,0.8620689655172414,0.35986374603287324
synapse-1.0,METRICS_POST_TFIDF_RISK,BLSMOTE,GB,2,0.84375,0.3333333333333333,0.25,0.2857142857142857,0.6339285714285714,0.20261022461827694
synapse-1.0,METRICS_POST_TFIDF_RISK,BLSMOTE,GB,3,0.9032258064516129,0.0,0.0,0.0,0.7619047619047619,0.0
synapse-1.0,METRICS_POST_TFIDF_RISK,BLSMOTE,GB,4,0.7419354838709677,0.0,0.0,0.0,0.35119047619047616,-0.14354231294080363
synapse-1.0,METRICS_POST_TFIDF_RISK,BLSMOTE,GB,5,0.7741935483870968,0.25,0.6666666666666666,0.36363636363636365,0.8333333333333334,0.30565748974169876
synapse-1.0,METRICS_POST_TFIDF_RISK_SELECTED,NONE,LR,1,0.9375,1.0,0.3333333333333333,0.5,0.9885057471264368,0.5584155773160767
synapse-1.0,METRICS_POST_TFIDF_RISK_SELECTED,NONE,LR,2,0.90625,1.0,0.25,0.4,0.8839285714285714,0.47519096331149147
synapse-1.0,METRICS_POST_TFIDF_RISK_SELECTED,NONE,LR,3,0.8709677419354839,0.0,0.0,0.0,0.8095238095238095,-0.05976143046671969
synapse-1.0,METRICS_POST_TFIDF_RISK_SELECTED,NONE,LR,4,0.8387096774193549,0.0,0.0,0.0,0.5357142857142857,-0.08596023825918793
synapse-1.0,METRICS_POST_TFIDF_RISK_SELECTED,NONE,LR,5,0.9032258064516129,0.0,0.0,0.0,0.8928571428571429,0.0
synapse-1.0,METRICS_POST_TFIDF_RISK_SELECTED,NONE,RF,1,0.875,0.3333333333333333,0.3333333333333333,0.3333333333333333,0.9195402298850575,0.26436781609195403
synapse-1.0,METRICS_POST_TFIDF_RISK_SELECTED,NONE,RF,2,0.90625,1.0,0.25,0.4,0.7366071428571429,0.47519096331149147
synapse-1.0,METRICS_POST_TFIDF_RISK_SELECTED,NONE,RF,3,0.9032258064516129,0.0,0.0,0.0,0.6785714285714285,0.0
synapse-1.0,METRICS_POST_TFIDF_RISK_SELECTED,NONE,RF,4,0.8064516129032258,0.0,0.0,0.0,0.41666666666666663,-0.10714285714285714
synapse-1.0,METRICS_POST_TFIDF_RISK_SELECTED,NONE,RF,5,0.8064516129032258,0.0,0.0,0.0,0.8035714285714286,-0.10714285714285714
synapse-1.0,METRICS_POST_TFIDF_RISK_SELECTED,NONE,ET,1,0.84375,0.0,0.0,0.0,0.9310344827586207,-0.08304547985373997
synapse-1.0,METRICS_POST_TFIDF_RISK_SELECTED,NONE,ET,2,0.875,0.0,0.0,0.0,0.7857142857142857,0.0
synapse-1.0,METRICS_POST_TFIDF_RISK_SELECTED,NONE,ET,3,0.8709677419354839,0.0,0.0,0.0,0.7797619047619048,-0.05976143046671969
synapse-1.0,METRICS_POST_TFIDF_RISK_SELECTED,NONE,ET,4,0.8064516129032258,0.0,0.0,0.0,0.47023809523809523,-0.10714285714285714
synapse-1.0,METRICS_POST_TFIDF_RISK_SELECTED,NONE,ET,5,0.8064516129032258,0.2,0.3333333333333333,0.25,0.869047619047619,0.15311180047019055
synapse-1.0,METRICS_POST_TFIDF_RISK_SELECTED,NONE,SVM_RBF,1,0.90625,0.0,0.0,0.0,0.9885057471264368,0.0
synapse-1.0,METRICS_POST_TFIDF_RISK_SELECTED,NONE,SVM_RBF,2,0.875,0.0,0.0,0.0,0.7767857142857143,0.0
synapse-1.0,METRICS_POST_TFIDF_RISK_SELECTED,NONE,SVM_RBF,3,0.9032258064516129,0.0,0.0,0.0,0.6428571428571428,0.0
synapse-1.0,METRICS_POST_TFIDF_RISK_SELECTED,NONE,SVM_RBF,4,0.8709677419354839,0.0,0.0,0.0,0.41666666666666663,-0.05976143046671969
synapse-1.0,METRICS_POST_TFIDF_RISK_SELECTED,NONE,SVM_RBF,5,0.9032258064516129,0.0,0.0,0.0,0.9285714285714286,0.0
synapse-1.0,METRICS_POST_TFIDF_RISK_SELECTED,NONE,GB,1,0.875,0.4,0.6666666666666666,0.5,0.8850574712643677,0.4521365014259176
synapse-1.0,METRICS_POST_TFIDF_RISK_SELECTED,NONE,GB,2,0.875,0.0,0.0,0.0,0.7678571428571429,0.0
synapse-1.0,METRICS_POST_TFIDF_RISK_SELECTED,NONE,GB,3,0.8387096774193549,0.0,0.0,0.0,0.7261904761904762,-0.08596023825918793
synapse-1.0,METRICS_POST_TFIDF_RISK_SELECTED,NONE,GB,4,0.8064516129032258,0.0,0.0,0.0,0.41666666666666663,-0.10714285714285714
synapse-1.0,METRICS_POST_TFIDF_RISK_SELECTED,NONE,GB,5,0.7741935483870968,0.0,0.0,0.0,0.6309523809523809,-0.12598815766974242
synapse-1.0,METRICS_POST_TFIDF_RISK_SELECTED,SMOTE,LR,1,0.84375,0.375,1.0,0.5454545454545454,0.9770114942528736,0.5570860145311557
synapse-1.0,METRICS_POST_TFIDF_RISK_SELECTED,SMOTE,LR,2,0.8125,0.3333333333333333,0.5,0.4,0.8392857142857143,0.30261376633440124
synapse-1.0,METRICS_POST_TFIDF_RISK_SELECTED,SMOTE,LR,3,0.7419354838709677,0.14285714285714285,0.3333333333333333,0.2,0.7976190476190477,0.08417937871268423
synapse-1.0,METRICS_POST_TFIDF_RISK_SELECTED,SMOTE,LR,4,0.7419354838709677,0.0,0.0,0.0,0.5119047619047619,-0.14354231294080363
synapse-1.0,METRICS_POST_TFIDF_RISK_SELECTED,SMOTE,LR,5,0.7419354838709677,0.2727272727272727,1.0,0.42857142857142855,0.9404761904761905,0.44136741475237473
synapse-1.0,METRICS_POST_TFIDF_RISK_SELECTED,SMOTE,RF,1,0.90625,0.5,0.3333333333333333,0.4,0.8850574712643678,0.35986374603287324
synapse-1.0,METRICS_POST_TFIDF_RISK_SELECTED,SMOTE,RF,2,0.9375,1.0,0.5,0.6666666666666666,0.8258928571428571,0.6831300510639733
synapse-1.0,METRICS_POST_TFIDF_RISK_SELECTED,SMOTE,RF,3,0.9032258064516129,0.5,0.3333333333333333,0.4,0.7857142857142857,0.358167659413283
synapse-1.0,METRICS_POST_TFIDF_RISK_SELECTED,SMOTE,RF,4,0.8387096774193549,0.0,0.0,0.0,0.40476190476190477,-0.08596023825918793
synapse-1.0,METRICS_POST_TFIDF_RISK_SELECTED,SMOTE,RF,5,0.7741935483870968,0.25,0.6666666666666666,0.36363636363636365,0.7857142857142857,0.30565748974169876
synapse-1.0,METRICS_POST_TFIDF_RISK_SELECTED,SMOTE,ET,1,0.90625,0.5,0.3333333333333333,0.4,0.7586206896551724,0.35986374603287324
synapse-1.0,METRICS_POST_TFIDF_RISK_SELECTED,SMOTE,ET,2,0.84375,0.0,0.0,0.0,0.8035714285714285,-0.06788442333021306
synapse-1.0,METRICS_POST_TFIDF_RISK_SELECTED,SMOTE,ET,3,0.9032258064516129,0.5,0.3333333333333333,0.4,0.6964285714285714,0.358167659413283
synapse-1.0,METRICS_POST_TFIDF_RISK_SELECTED,SMOTE,ET,4,0.8387096774193549,0.0,0.0,0.0,0.4047619047619047,-0.08596023825918793
synapse-1.0,METRICS_POST_TFIDF_RISK_SELECTED,SMOTE,ET,5,0.8064516129032258,0.2857142857142857,0.6666666666666666,0.4,0.8333333333333334,0.34513545272200535
synapse-1.0,METRICS_POST_TFIDF_RISK_SELECTED,SMOTE,SVM_RBF,1,0.84375,0.3333333333333333,0.6666666666666666,0.4444444444444444,0.8390804597701149,0.394853422012197
synapse-1.0,METRICS_POST_TFIDF_RISK_SELECTED,SMOTE,SVM_RBF,2,0.8125,0.3333333333333333,0.5,0.4,0.8035714285714286,0.30261376633440124
synapse-1.0,METRICS_POST_TFIDF_RISK_SELECTED,SMOTE,SVM_RBF,3,0.9032258064516129,0.5,0.6666666666666666,0.5714285714285714,0.8928571428571428,0.5249506569572601
synapse-1.0,METRICS_POST_TFIDF_RISK_SELECTED,SMOTE,SVM_RBF,4,0.7419354838709677,0.0,0.0,0.0,0.41666666666666663,-0.14354231294080363
synapse-1.0,METRICS_POST_TFIDF_RISK_SELECTED,SMOTE,SVM_RBF,5,0.7419354838709677,0.2727272727272727,1.0,0.42857142857142855,0.9523809523809524,0.44136741475237473
synapse-1.0,METRICS_POST_TFIDF_RISK_SELECTED,SMOTE,GB,1,0.90625,0.5,0.3333333333333333,0.4,0.6436781609195402,0.35986374603287324
synapse-1.0,METRICS_POST_TFIDF_RISK_SELECTED,SMOTE,GB,2,0.78125,0.0,0.0,0.0,0.7053571428571428,-0.12156613477096616
synapse-1.0,METRICS_POST_TFIDF_RISK_SELECTED,SMOTE,GB,3,0.9032258064516129,0.5,0.3333333333333333,0.4,0.7142857142857143,0.358167659413283
synapse-1.0,METRICS_POST_TFIDF_RISK_SELECTED,SMOTE,GB,4,0.8064516129032258,0.0,0.0,0.0,0.32738095238095233,-0.10714285714285714
synapse-1.0,METRICS_POST_TFIDF_RISK_SELECTED,SMOTE,GB,5,0.7419354838709677,0.14285714285714285,0.3333333333333333,0.2,0.761904761904762,0.08417937871268423
synapse-1.0,METRICS_POST_TFIDF_RISK_SELECTED,BLSMOTE,LR,1,0.84375,0.3333333333333333,0.6666666666666666,0.4444444444444444,0.8275862068965516,0.394853422012197
synapse-1.0,METRICS_POST_TFIDF_RISK_SELECTED,BLSMOTE,LR,2,0.90625,0.6666666666666666,0.5,0.5714285714285714,0.875,0.52678658400752
synapse-1.0,METRICS_POST_TFIDF_RISK_SELECTED,BLSMOTE,LR,3,0.7096774193548387,0.0,0.0,0.0,0.75,-0.16035674514745463
synapse-1.0,METRICS_POST_TFIDF_RISK_SELECTED,BLSMOTE,LR,4,0.7419354838709677,0.0,0.0,0.0,0.5119047619047619,-0.14354231294080363
synapse-1.0,METRICS_POST_TFIDF_RISK_SELECTED,BLSMOTE,LR,5,0.7419354838709677,0.2727272727272727,1.0,0.42857142857142855,0.9404761904761905,0.44136741475237473
synapse-1.0,METRICS_POST_TFIDF_RISK_SELECTED,BLSMOTE,RF,1,0.90625,0.5,0.3333333333333333,0.4,0.8850574712643677,0.35986374603287324
synapse-1.0,METRICS_POST_TFIDF_RISK_SELECTED,BLSMOTE,RF,2,0.875,0.0,0.0,0.0,0.8125,0.0
synapse-1.0,METRICS_POST_TFIDF_RISK_SELECTED,BLSMOTE,RF,3,0.9354838709677419,1.0,0.3333333333333333,0.5,0.7678571428571428,0.5577733510227171
synapse-1.0,METRICS_POST_TFIDF_RISK_SELECTED,BLSMOTE,RF,4,0.8064516129032258,0.0,0.0,0.0,0.38690476190476186,-0.10714285714285714
synapse-1.0,METRICS_POST_TFIDF_RISK_SELECTED,BLSMOTE,RF,5,0.7741935483870968,0.25,0.6666666666666666,0.36363636363636365,0.8154761904761906,0.30565748974169876
synapse-1.0,METRICS_POST_TFIDF_RISK_SELECTED,BLSMOTE,ET,1,0.90625,0.5,0.3333333333333333,0.4,0.7701149425287357,0.35986374603287324
synapse-1.0,METRICS_POST_TFIDF_RISK_SELECTED,BLSMOTE,ET,2,0.875,0.5,0.25,0.3333333333333333,0.8125,0.29277002188455997
synapse-1.0,METRICS_POST_TFIDF_RISK_SELECTED,BLSMOTE,ET,3,0.9032258064516129,0.5,0.3333333333333333,0.4,0.7261904761904762,0.358167659413283
synapse-1.0,METRICS_POST_TFIDF_RISK_SELECTED,BLSMOTE,ET,4,0.8387096774193549,0.0,0.0,0.0,0.5297619047619048,-0.08596023825918793
synapse-1.0,METRICS_POST_TFIDF_RISK_SELECTED,BLSMOTE,ET,5,0.8064516129032258,0.2857142857142857,0.6666666666666666,0.4,0.8571428571428571,0.34513545272200535
synapse-1.0,METRICS_POST_TFIDF_RISK_SELECTED,BLSMOTE,SVM_RBF,1,0.9375,0.6666666666666666,0.6666666666666666,0.6666666666666666,0.8160919540229885,0.632183908045977
synapse-1.0,METRICS_POST_TFIDF_RISK_SELECTED,BLSMOTE,SVM_RBF,2,0.8125,0.3333333333333333,0.5,0.4,0.8392857142857142,0.30261376633440124
synapse-1.0,METRICS_POST_TFIDF_RISK_SELECTED,BLSMOTE,SVM_RBF,3,0.9032258064516129,0.5,0.6666666666666666,0.5714285714285714,0.9642857142857143,0.5249506569572601
synapse-1.0,METRICS_POST_TFIDF_RISK_SELECTED,BLSMOTE,SVM_RBF,4,0.7741935483870968,0.0,0.0,0.0,0.30952380952380953,-0.12598815766974242
synapse-1.0,METRICS_POST_TFIDF_RISK_SELECTED,BLSMOTE,SVM_RBF,5,0.7419354838709677,0.2727272727272727,1.0,0.42857142857142855,0.9642857142857143,0.44136741475237473
synapse-1.0,METRICS_POST_TFIDF_RISK_SELECTED,BLSMOTE,GB,1,0.90625,0.5,0.3333333333333333,0.4,0.8620689655172413,0.35986374603287324
synapse-1.0,METRICS_POST_TFIDF_RISK_SELECTED,BLSMOTE,GB,2,0.8125,0.25,0.25,0.25,0.75,0.14285714285714285
synapse-1.0,METRICS_POST_TFIDF_RISK_SELECTED,BLSMOTE,GB,3,0.8709677419354839,0.0,0.0,0.0,0.7261904761904763,-0.05976143046671969
synapse-1.0,METRICS_POST_TFIDF_RISK_SELECTED,BLSMOTE,GB,4,0.7741935483870968,0.0,0.0,0.0,0.17261904761904762,-0.12598815766974242
synapse-1.0,METRICS_POST_TFIDF_RISK_SELECTED,BLSMOTE,GB,5,0.6774193548387096,0.1111111111111111,0.3333333333333333,0.16666666666666666,0.8095238095238095,0.031016140346615692
velocity-1.5,METRICS,NONE,LR,1,0.7906976744186046,0.7941176470588235,0.9310344827586207,0.8571428571428571,0.8325123152709359,0.49649435911847584
velocity-1.5,METRICS,NONE,LR,2,0.7209302325581395,0.7931034482758621,0.7931034482758621,0.7931034482758621,0.7536945812807883,0.3645320197044335
velocity-1.5,METRICS,NONE,LR,3,0.7209302325581395,0.75,0.8571428571428571,0.8,0.669047619047619,0.3537064108950036
velocity-1.5,METRICS,NONE,LR,4,0.7906976744186046,0.7878787878787878,0.9285714285714286,0.8524590163934426,0.7214285714285715,0.5210988500697459
velocity-1.5,METRICS,NONE,LR,5,0.7380952380952381,0.8148148148148148,0.7857142857142857,0.8,0.6913265306122449,0.4216370213557839
velocity-1.5,METRICS,NONE,RF,1,0.813953488372093,0.8,0.9655172413793104,0.875,0.8386699507389163,0.5605569890127448
velocity-1.5,METRICS,NONE,RF,2,0.813953488372093,0.8888888888888888,0.8275862068965517,0.8571428571428571,0.8362068965517241,0.5945583146260498
velocity-1.5,METRICS,NONE,RF,3,0.6976744186046512,0.7419354838709677,0.8214285714285714,0.7796610169491526,0.7976190476190477,0.30611827344578696
velocity-1.5,METRICS,NONE,RF,4,0.7906976744186046,0.7714285714285715,0.9642857142857143,0.8571428571428571,0.7976190476190477,0.5278067183854229
velocity-1.5,METRICS,NONE,RF,5,0.7380952380952381,0.7428571428571429,0.9285714285714286,0.8253968253968254,0.8903061224489796,0.36140316116210053
velocity-1.5,METRICS,NONE,ET,1,0.7906976744186046,0.8125,0.896551724137931,0.8524590163934426,0.7610837438423645,0.5025962598824508
velocity-1.5,METRICS,NONE,ET,2,0.813953488372093,0.8888888888888888,0.8275862068965517,0.8571428571428571,0.8448275862068965,0.5945583146260498
velocity-1.5,METRICS,NONE,ET,3,0.6976744186046512,0.7586206896551724,0.7857142857142857,0.7719298245614035,0.7583333333333333,0.3245018195899592
velocity-1.5,METRICS,NONE,ET,4,0.813953488372093,0.8125,0.9285714285714286,0.8666666666666667,0.8142857142857143,0.5773737001374323
velocity-1.5,METRICS,NONE,ET,5,0.7857142857142857,0.7567567567567568,1.0,0.8615384615384616,0.9081632653061225,0.5198752449100363
velocity-1.5,METRICS,NONE,SVM_RBF,1,0.7674418604651163,0.7714285714285715,0.9310344827586207,0.84375,0.8571428571428571,0.4330228592373584
velocity-1.5,METRICS,NONE,SVM_RBF,2,0.7209302325581395,0.7575757575757576,0.8620689655172413,0.8064516129032258,0.7635467980295566,0.32237549394824183
velocity-1.5,METRICS,NONE,SVM_RBF,3,0.6976744186046512,0.6923076923076923,0.9642857142857143,0.8059701492537313,0.8130952380952381,0.2695641577896349
velocity-1.5,METRICS,NONE,SVM_RBF,4,0.7209302325581395,0.7222222222222222,0.9285714285714286,0.8125,0.6857142857142857,0.3381175937165205
velocity-1.5,METRICS,NONE,SVM_RBF,5,0.7619047619047619,0.7368421052631579,1.0,0.8484848484848485,0.8086734693877551,0.45883146774112354
velocity-1.5,METRICS,NONE,GB,1,0.7906976744186046,0.8125,0.896551724137931,0.8524590163934426,0.7980295566502463,0.5025962598824508
velocity-1.5,METRICS,NONE,GB,2,0.7441860465116279,0.875,0.7241379310344828,0.7924528301886793,0.8497536945812808,0.4810884243844821
velocity-1.5,METRICS,NONE,GB,3,0.6976744186046512,0.7777777777777778,0.75,0.7636363636363637,0.7619047619047619,0.34510465401414425
velocity-1.5,METRICS,NONE,GB,4,0.8372093023255814,0.8,1.0,0.8888888888888888,0.7642857142857142,0.6531972647421808
velocity-1.5,METRICS,NONE,GB,5,0.7619047619047619,0.8,0.8571428571428571,0.8275862068965517,0.8010204081632654,0.4472135954999579
velocity-1.5,METRICS,SMOTE,LR,1,0.7674418604651163,0.8275862068965517,0.8275862068965517,0.8275862068965517,0.8300492610837439,0.47044334975369456
velocity-1.5,METRICS,SMOTE,LR,2,0.5813953488372093,0.7894736842105263,0.5172413793103449,0.625,0.7413793103448275,0.2184652748412624
velocity-1.5,METRICS,SMOTE,LR,3,0.6046511627906976,0.7619047619047619,0.5714285714285714,0.6530612244897959,0.6857142857142857,0.2270149022013315
velocity-1.5,METRICS,SMOTE,LR,4,0.6744186046511628,0.7692307692307693,0.7142857142857143,0.7407407407407407,0.7142857142857143,0.3063642963766767
velocity-1.5,METRICS,SMOTE,LR,5,0.6190476190476191,0.8,0.5714285714285714,0.6666666666666666,0.6760204081632653,0.26967994498529685
velocity-1.5,METRICS,SMOTE,RF,1,0.8372093023255814,0.84375,0.9310344827586207,0.8852459016393442,0.8399014778325123,0.6163417292242687
velocity-1.5,METRICS,SMOTE,RF,2,0.813953488372093,0.8888888888888888,0.8275862068965517,0.8571428571428571,0.83128078817734,0.5945583146260498
velocity-1.5,METRICS,SMOTE,RF,3,0.7441860465116279,0.8148148148148148,0.7857142857142857,0.8,0.819047619047619,0.44605363444005036
velocity-1.5,METRICS,SMOTE,RF,4,0.7906976744186046,0.8064516129032258,0.8928571428571429,0.847457627118644,0.7976190476190477,0.5236899388700653
velocity-1.5,METRICS,SMOTE,RF,5,0.6904761904761905,0.7419354838709677,0.8214285714285714,0.7796610169491526,0.826530612244898,0.26804385337361925
velocity-1.5,METRICS,SMOTE,ET,1,0.813953488372093,0.8387096774193549,0.896551724137931,0.8666666666666667,0.7820197044334976,0.5635203812514766
velocity-1.5,METRICS,SMOTE,ET,2,0.813953488372093,0.8888888888888888,0.8275862068965517,0.8571428571428571,0.8226600985221675,0.5945583146260498
velocity-1.5,METRICS,SMOTE,ET,3,0.6976744186046512,0.7586206896551724,0.7857142857142857,0.7719298245614035,0.7642857142857142,0.3245018195899592
velocity-1.5,METRICS,SMOTE,ET,4,0.7441860465116279,0.7741935483870968,0.8571428571428571,0.8135593220338984,0.8190476190476191,0.41490410615792617
velocity-1.5,METRICS,SMOTE,ET,5,0.7619047619047619,0.75,0.9642857142857143,0.84375,0.8341836734693878,0.4330127018922193
velocity-1.5,METRICS,SMOTE,SVM_RBF,1,0.8604651162790697,0.8709677419354839,0.9310344827586207,0.9,0.8152709359605912,0.6741659355611274
velocity-1.5,METRICS,SMOTE,SVM_RBF,2,0.6744186046511628,0.8571428571428571,0.6206896551724138,0.72,0.7635467980295566,0.3809780369029069
velocity-1.5,METRICS,SMOTE,SVM_RBF,3,0.6976744186046512,0.7586206896551724,0.7857142857142857,0.7719298245614035,0.7928571428571429,0.3245018195899592
velocity-1.5,METRICS,SMOTE,SVM_RBF,4,0.7674418604651163,0.8,0.8571428571428571,0.8275862068965517,0.7404761904761905,0.47439956266310473
velocity-1.5,METRICS,SMOTE,SVM_RBF,5,0.8095238095238095,0.8333333333333334,0.8928571428571429,0.8620689655172413,0.8647959183673469,0.5590169943749475
velocity-1.5,METRICS,SMOTE,GB,1,0.813953488372093,0.8181818181818182,0.9310344827586207,0.8709677419354839,0.8349753694581281,0.5573271251308587
velocity-1.5,METRICS,SMOTE,GB,2,0.7441860465116279,0.875,0.7241379310344828,0.7924528301886793,0.8251231527093594,0.4810884243844821
velocity-1.5,METRICS,SMOTE,GB,3,0.7441860465116279,0.84,0.75,0.7924528301886793,0.7857142857142858,0.46694436182165966
velocity-1.5,METRICS,SMOTE,GB,4,0.8372093023255814,0.8387096774193549,0.9285714285714286,0.8813559322033898,0.8071428571428572,0.6324757715822045
velocity-1.5,METRICS,SMOTE,GB,5,0.7142857142857143,0.7857142857142857,0.7857142857142857,0.7857142857142857,0.6811224489795918,0.35714285714285715
velocity-1.5,METRICS,BLSMOTE,LR,1,0.7906976744186046,0.8571428571428571,0.8275862068965517,0.8421052631578947,0.8472906403940886,0.532764181416351
velocity-1.5,METRICS,BLSMOTE,LR,2,0.5348837209302325,0.7647058823529411,0.4482758620689655,0.5652173913043478,0.7142857142857143,0.15580083613912032
velocity-1.5,METRICS,BLSMOTE,LR,3,0.6511627906976745,0.8421052631578947,0.5714285714285714,0.6808510638297872,0.7642857142857142,0.35646552311960317
velocity-1.5,METRICS,BLSMOTE,LR,4,0.6511627906976745,0.76,0.6785714285714286,0.7169811320754716,0.6476190476190475,0.2691255681435181
velocity-1.5,METRICS,BLSMOTE,LR,5,0.6904761904761905,0.8571428571428571,0.6428571428571429,0.7346938775510204,0.6913265306122448,0.40406101782088427
velocity-1.5,METRICS,BLSMOTE,RF,1,0.8372093023255814,0.84375,0.9310344827586207,0.8852459016393442,0.8694581280788177,0.6163417292242687
velocity-1.5,METRICS,BLSMOTE,RF,2,0.8372093023255814,0.9230769230769231,0.8275862068965517,0.8727272727272727,0.8251231527093595,0.6562520067678098
velocity-1.5,METRICS,BLSMOTE,RF,3,0.813953488372093,0.8846153846153846,0.8214285714285714,0.8518518518518519,0.830952380952381,0.6057657678357017
velocity-1.5,METRICS,BLSMOTE,RF,4,0.813953488372093,0.8125,0.9285714285714286,0.8666666666666667,0.786904761904762,0.5773737001374323
velocity-1.5,METRICS,BLSMOTE,RF,5,0.7857142857142857,0.8064516129032258,0.8928571428571429,0.847457627118644,0.8864795918367347,0.4977957276938643
velocity-1.5,METRICS,BLSMOTE,ET,1,0.8372093023255814,0.84375,0.9310344827586207,0.8852459016393442,0.7992610837438424,0.6163417292242687
velocity-1.5,METRICS,BLSMOTE,ET,2,0.7906976744186046,0.8846153846153846,0.7931034482758621,0.8363636363636363,0.8399014778325122,0.5547454014044435
velocity-1.5,METRICS,BLSMOTE,ET,3,0.813953488372093,0.8846153846153846,0.8214285714285714,0.8518518518518519,0.8285714285714286,0.6057657678357017
velocity-1.5,METRICS,BLSMOTE,ET,4,0.7906976744186046,0.8064516129032258,0.8928571428571429,0.847457627118644,0.8023809523809523,0.5236899388700653
velocity-1.5,METRICS,BLSMOTE,ET,5,0.7857142857142857,0.7714285714285715,0.9642857142857143,0.8571428571428571,0.8915816326530612,0.4969293465978882
velocity-1.5,METRICS,BLSMOTE,SVM_RBF,1,0.813953488372093,0.8620689655172413,0.8620689655172413,0.8620689655172413,0.8448275862068965,0.5763546798029556
velocity-1.5,METRICS,BLSMOTE,SVM_RBF,2,0.6511627906976745,0.85,0.5862068965517241,0.6938775510204082,0.7635467980295566,0.34940974614392784
velocity-1.5,METRICS,BLSMOTE,SVM_RBF,3,0.6744186046511628,0.8888888888888888,0.5714285714285714,0.6956521739130435,0.8119047619047619,0.4232402097299772
velocity-1.5,METRICS,BLSMOTE,SVM_RBF,4,0.5813953488372093,0.7272727272727273,0.5714285714285714,0.64,0.6880952380952381,0.16345072958495868
velocity-1.5,METRICS,BLSMOTE,SVM_RBF,5,0.7619047619047619,0.8214285714285714,0.8214285714285714,0.8214285714285714,0.8316326530612245,0.4642857142857143
velocity-1.5,METRICS,BLSMOTE,GB,1,0.813953488372093,0.8181818181818182,0.9310344827586207,0.8709677419354839,0.854679802955665,0.5573271251308587
velocity-1.5,METRICS,BLSMOTE,GB,2,0.7441860465116279,0.8461538461538461,0.7586206896551724,0.8,0.8226600985221675,0.45323879604107725
velocity-1.5,METRICS,BLSMOTE,GB,3,0.7441860465116279,0.8695652173913043,0.7142857142857143,0.7843137254901961,0.8,0.4914170156087533
velocity-1.5,METRICS,BLSMOTE,GB,4,0.7906976744186046,0.8064516129032258,0.8928571428571429,0.847457627118644,0.8023809523809524,0.5236899388700653
velocity-1.5,METRICS,BLSMOTE,GB,5,0.7619047619047619,0.8,0.8571428571428571,0.8275862068965517,0.7397959183673469,0.4472135954999579
velocity-1.5,POST_TFIDF,NONE,LR,1,0.7674418604651163,0.7435897435897436,1.0,0.8529411764705882,0.8029556650246306,0.46092755662274354
velocity-1.5,POST_TFIDF,NONE,LR,2,0.7441860465116279,0.8,0.8275862068965517,0.8135593220338984,0.7068965517241379,0.40711742805652384
velocity-1.5,POST_TFIDF,NONE,LR,3,0.6511627906976745,0.6756756756756757,0.8928571428571429,0.7692307692307693,0.6714285714285715,0.12772134243242714
velocity-1.5,POST_TFIDF,NONE,LR,4,0.6744186046511628,0.71875,0.8214285714285714,0.7666666666666667,0.694047619047619,0.2418727662737892
velocity-1.5,POST_TFIDF,NONE,LR,5,0.7142857142857143,0.7222222222222222,0.9285714285714286,0.8125,0.8329081632653061,0.28867513459481287
velocity-1.5,POST_TFIDF,NONE,RF,1,0.7906976744186046,0.7631578947368421,1.0,0.8656716417910447,0.8374384236453203,0.5220693354119198
velocity-1.5,POST_TFIDF,NONE,RF,2,0.6744186046511628,0.7272727272727273,0.8275862068965517,0.7741935483870968,0.7192118226600985,0.20489967835693335
velocity-1.5,POST_TFIDF,NONE,RF,3,0.6511627906976745,0.696969696969697,0.8214285714285714,0.7540983606557377,0.6214285714285714,0.1745949755388324
velocity-1.5,POST_TFIDF,NONE,RF,4,0.7209302325581395,0.7,1.0,0.8235294117647058,0.6964285714285715,0.3741657386773941
velocity-1.5,POST_TFIDF,NONE,RF,5,0.6666666666666666,0.71875,0.8214285714285714,0.7666666666666667,0.715561224489796,0.19764235376052372
velocity-1.5,POST_TFIDF,NONE,ET,1,0.7906976744186046,0.7631578947368421,1.0,0.8656716417910447,0.8423645320197044,0.5220693354119198
velocity-1.5,POST_TFIDF,NONE,ET,2,0.6976744186046512,0.7352941176470589,0.8620689655172413,0.7936507936507936,0.7093596059113301,0.25250284549453916
velocity-1.5,POST_TFIDF,NONE,ET,3,0.6744186046511628,0.71875,0.8214285714285714,0.7666666666666667,0.6333333333333333,0.2418727662737892
velocity-1.5,POST_TFIDF,NONE,ET,4,0.7209302325581395,0.7105263157894737,0.9642857142857143,0.8181818181818182,0.7238095238095238,0.3433762778213225
velocity-1.5,POST_TFIDF,NONE,ET,5,0.6666666666666666,0.71875,0.8214285714285714,0.7666666666666667,0.6977040816326531,0.19764235376052372
velocity-1.5,POST_TFIDF,NONE,SVM_RBF,1,0.7906976744186046,0.7631578947368421,1.0,0.8656716417910447,0.8645320197044335,0.5220693354119198
velocity-1.5,POST_TFIDF,NONE,SVM_RBF,2,0.7441860465116279,0.8,0.8275862068965517,0.8135593220338984,0.7093596059113301,0.40711742805652384
velocity-1.5,POST_TFIDF,NONE,SVM_RBF,3,0.6744186046511628,0.7058823529411765,0.8571428571428571,0.7741935483870968,0.669047619047619,0.2231539756681928
velocity-1.5,POST_TFIDF,NONE,SVM_RBF,4,0.6976744186046512,0.7419354838709677,0.8214285714285714,0.7796610169491526,0.655952380952381,0.30611827344578696
velocity-1.5,POST_TFIDF,NONE,SVM_RBF,5,0.7380952380952381,0.7575757575757576,0.8928571428571429,0.819672131147541,0.8329081632653061,0.3692744729379982
velocity-1.5,POST_TFIDF,NONE,GB,1,0.7441860465116279,0.75,0.9310344827586207,0.8307692307692308,0.7881773399014778,0.36578220582351284
velocity-1.5,POST_TFIDF,NONE,GB,2,0.6976744186046512,0.75,0.8275862068965517,0.7868852459016393,0.7733990147783251,0.2751053211988152
velocity-1.5,POST_TFIDF,NONE,GB,3,0.6744186046511628,0.75,0.75,0.75,0.6666666666666667,0.2833333333333333
velocity-1.5,POST_TFIDF,NONE,GB,4,0.7441860465116279,0.7428571428571429,0.9285714285714286,0.8253968253968254,0.7607142857142858,0.402416172028665
velocity-1.5,POST_TFIDF,NONE,GB,5,0.7619047619047619,0.7647058823529411,0.9285714285714286,0.8387096774193549,0.7742346938775511,0.4287464628562721
velocity-1.5,POST_TFIDF,SMOTE,LR,1,0.813953488372093,0.8620689655172413,0.8620689655172413,0.8620689655172413,0.8423645320197045,0.5763546798029556
velocity-1.5,POST_TFIDF,SMOTE,LR,2,0.5348837209302325,0.8,0.41379310344827586,0.5454545454545454,0.7413793103448276,0.19615408497602013
velocity-1.5,POST_TFIDF,SMOTE,LR,3,0.6511627906976745,0.7241379310344828,0.75,0.7368421052631579,0.6619047619047619,0.22037063867676335
velocity-1.5,POST_TFIDF,SMOTE,LR,4,0.6976744186046512,0.7777777777777778,0.75,0.7636363636363637,0.7107142857142857,0.34510465401414425
velocity-1.5,POST_TFIDF,SMOTE,LR,5,0.7380952380952381,0.8695652173913043,0.7142857142857143,0.7843137254901961,0.8150510204081632,0.4735570640442169
velocity-1.5,POST_TFIDF,SMOTE,RF,1,0.7906976744186046,0.8333333333333334,0.8620689655172413,0.847457627118644,0.8029556650246306,0.5151794614295517
velocity-1.5,POST_TFIDF,SMOTE,RF,2,0.6511627906976745,0.7692307692307693,0.6896551724137931,0.7272727272727273,0.6896551724137931,0.25022558531434475
velocity-1.5,POST_TFIDF,SMOTE,RF,3,0.6046511627906976,0.7037037037037037,0.6785714285714286,0.6909090909090909,0.5857142857142857,0.14320669316233198
velocity-1.5,POST_TFIDF,SMOTE,RF,4,0.6976744186046512,0.7777777777777778,0.75,0.7636363636363637,0.7035714285714286,0.34510465401414425
velocity-1.5,POST_TFIDF,SMOTE,RF,5,0.6666666666666666,0.75,0.75,0.75,0.7053571428571429,0.25
velocity-1.5,POST_TFIDF,SMOTE,ET,1,0.813953488372093,0.8387096774193549,0.896551724137931,0.8666666666666667,0.854679802955665,0.5635203812514766
velocity-1.5,POST_TFIDF,SMOTE,ET,2,0.6511627906976745,0.7692307692307693,0.6896551724137931,0.7272727272727273,0.6958128078817734,0.25022558531434475
velocity-1.5,POST_TFIDF,SMOTE,ET,3,0.627906976744186,0.7142857142857143,0.7142857142857143,0.7142857142857143,0.6071428571428572,0.18095238095238095
velocity-1.5,POST_TFIDF,SMOTE,ET,4,0.6976744186046512,0.7777777777777778,0.75,0.7636363636363637,0.7285714285714285,0.34510465401414425
velocity-1.5,POST_TFIDF,SMOTE,ET,5,0.6666666666666666,0.75,0.75,0.75,0.7079081632653061,0.25
velocity-1.5,POST_TFIDF,SMOTE,SVM_RBF,1,0.7674418604651163,0.8518518518518519,0.7931034482758621,0.8214285714285714,0.7684729064039408,0.491883585594242
velocity-1.5,POST_TFIDF,SMOTE,SVM_RBF,2,0.5348837209302325,0.8,0.41379310344827586,0.5454545454545454,0.7167487684729064,0.19615408497602013
velocity-1.5,POST_TFIDF,SMOTE,SVM_RBF,3,0.627906976744186,0.7142857142857143,0.7142857142857143,0.7142857142857143,0.6285714285714286,0.18095238095238095
velocity-1.5,POST_TFIDF,SMOTE,SVM_RBF,4,0.6744186046511628,0.75,0.75,0.75,0.7226190476190476,0.2833333333333333
velocity-1.5,POST_TFIDF,SMOTE,SVM_RBF,5,0.7380952380952381,0.8695652173913043,0.7142857142857143,0.7843137254901961,0.8073979591836735,0.4735570640442169
velocity-1.5,POST_TFIDF,SMOTE,GB,1,0.7209302325581395,0.8148148148148148,0.7586206896551724,0.7857142857142857,0.7660098522167488,0.3892088565624342
velocity-1.5,POST_TFIDF,SMOTE,GB,2,0.6744186046511628,0.8260869565217391,0.6551724137931034,0.7307692307692307,0.7068965517241379,0.34709577431516014
velocity-1.5,POST_TFIDF,SMOTE,GB,3,0.6046511627906976,0.7391304347826086,0.6071428571428571,0.6666666666666666,0.6523809523809524,0.19793185350908118
velocity-1.5,POST_TFIDF,SMOTE,GB,4,0.7209302325581395,0.8076923076923077,0.75,0.7777777777777778,0.7511904761904762,0.4061647868630184
velocity-1.5,POST_TFIDF,SMOTE,GB,5,0.7142857142857143,0.7857142857142857,0.7857142857142857,0.7857142857142857,0.7181122448979592,0.35714285714285715
velocity-1.5,POST_TFIDF,BLSMOTE,LR,1,0.813953488372093,0.8620689655172413,0.8620689655172413,0.8620689655172413,0.7733990147783252,0.5763546798029556
velocity-1.5,POST_TFIDF,BLSMOTE,LR,2,0.5348837209302325,0.8,0.41379310344827586,0.5454545454545454,0.6945812807881773,0.19615408497602013
velocity-1.5,POST_TFIDF,BLSMOTE,LR,3,0.6744186046511628,0.75,0.75,0.75,0.6690476190476191,0.2833333333333333
velocity-1.5,POST_TFIDF,BLSMOTE,LR,4,0.6744186046511628,0.8181818181818182,0.6428571428571429,0.72,0.6845238095238095,0.35868354547810377
velocity-1.5,POST_TFIDF,BLSMOTE,LR,5,0.7380952380952381,0.8695652173913043,0.7142857142857143,0.7843137254901961,0.8073979591836735,0.4735570640442169
velocity-1.5,POST_TFIDF,BLSMOTE,RF,1,0.7906976744186046,0.8333333333333334,0.8620689655172413,0.847457627118644,0.8325123152709359,0.5151794614295517
velocity-1.5,POST_TFIDF,BLSMOTE,RF,2,0.6511627906976745,0.71875,0.7931034482758621,0.7540983606557377,0.6822660098522167,0.16135985185699736
velocity-1.5,POST_TFIDF,BLSMOTE,RF,3,0.627906976744186,0.7142857142857143,0.7142857142857143,0.7142857142857143,0.6190476190476191,0.18095238095238095
velocity-1.5,POST_TFIDF,BLSMOTE,RF,4,0.6976744186046512,0.7777777777777778,0.75,0.7636363636363637,0.7083333333333333,0.34510465401414425
velocity-1.5,POST_TFIDF,BLSMOTE,RF,5,0.6666666666666666,0.7333333333333333,0.7857142857142857,0.7586206896551724,0.7155612244897959,0.22360679774997896
velocity-1.5,POST_TFIDF,BLSMOTE,ET,1,0.813953488372093,0.8387096774193549,0.896551724137931,0.8666666666666667,0.8472906403940887,0.5635203812514766
velocity-1.5,POST_TFIDF,BLSMOTE,ET,2,0.6511627906976745,0.7692307692307693,0.6896551724137931,0.7272727272727273,0.6810344827586207,0.25022558531434475
velocity-1.5,POST_TFIDF,BLSMOTE,ET,3,0.6046511627906976,0.7037037037037037,0.6785714285714286,0.6909090909090909,0.611904761904762,0.14320669316233198
velocity-1.5,POST_TFIDF,BLSMOTE,ET,4,0.6744186046511628,0.7692307692307693,0.7142857142857143,0.7407407407407407,0.7380952380952381,0.3063642963766767
velocity-1.5,POST_TFIDF,BLSMOTE,ET,5,0.6904761904761905,0.7586206896551724,0.7857142857142857,0.7719298245614035,0.7206632653061225,0.2913428162916919
velocity-1.5,POST_TFIDF,BLSMOTE,SVM_RBF,1,0.7674418604651163,0.8518518518518519,0.7931034482758621,0.8214285714285714,0.768472906403941,0.491883585594242
velocity-1.5,POST_TFIDF,BLSMOTE,SVM_RBF,2,0.5348837209302325,0.8,0.41379310344827586,0.5454545454545454,0.687192118226601,0.19615408497602013
velocity-1.5,POST_TFIDF,BLSMOTE,SVM_RBF,3,0.6744186046511628,0.75,0.75,0.75,0.6690476190476191,0.2833333333333333
velocity-1.5,POST_TFIDF,BLSMOTE,SVM_RBF,4,0.6744186046511628,0.85,0.6071428571428571,0.7083333333333334,0.7154761904761905,0.38903847069026304
velocity-1.5,POST_TFIDF,BLSMOTE,SVM_RBF,5,0.7380952380952381,0.8695652173913043,0.7142857142857143,0.7843137254901961,0.7946428571428572,0.4735570640442169
velocity-1.5,POST_TFIDF,BLSMOTE,GB,1,0.7674418604651163,0.8275862068965517,0.8275862068965517,0.8275862068965517,0.7980295566502464,0.47044334975369456
velocity-1.5,POST_TFIDF,BLSMOTE,GB,2,0.6744186046511628,0.8,0.6896551724137931,0.7407407407407407,0.729064039408867,0.3158380828546184
velocity-1.5,POST_TFIDF,BLSMOTE,GB,3,0.6046511627906976,0.7391304347826086,0.6071428571428571,0.6666666666666666,0.6523809523809523,0.19793185350908118
velocity-1.5,POST_TFIDF,BLSMOTE,GB,4,0.6744186046511628,0.7916666666666666,0.6785714285714286,0.7307692307692307,0.7488095238095238,0.33133013366886194
velocity-1.5,POST_TFIDF,BLSMOTE,GB,5,0.6666666666666666,0.75,0.75,0.75,0.6823979591836735,0.25
velocity-1.5,RISK_FEATURES,NONE,LR,1,0.813953488372093,0.8387096774193549,0.896551724137931,0.8666666666666667,0.7635467980295567,0.5635203812514766
velocity-1.5,RISK_FEATURES,NONE,LR,2,0.7674418604651163,0.88,0.7586206896551724,0.8148148148148148,0.7487684729064039,0.5170386393397827
velocity-1.5,RISK_FEATURES,NONE,LR,3,0.6744186046511628,0.7333333333333333,0.7857142857142857,0.7586206896551724,0.6702380952380953,0.26190809188692243
velocity-1.5,RISK_FEATURES,NONE,LR,4,0.6511627906976745,0.696969696969697,0.8214285714285714,0.7540983606557377,0.6345238095238096,0.1745949755388324
velocity-1.5,RISK_FEATURES,NONE,LR,5,0.7619047619047619,0.8214285714285714,0.8214285714285714,0.8214285714285714,0.7755102040816326,0.4642857142857143
velocity-1.5,RISK_FEATURES,NONE,RF,1,0.7906976744186046,0.8333333333333334,0.8620689655172413,0.847457627118644,0.8004926108374384,0.5151794614295517
velocity-1.5,RISK_FEATURES,NONE,RF,2,0.7441860465116279,0.875,0.7241379310344828,0.7924528301886793,0.7389162561576355,0.4810884243844821
velocity-1.5,RISK_FEATURES,NONE,RF,3,0.6744186046511628,0.75,0.75,0.75,0.6273809523809524,0.2833333333333333
velocity-1.5,RISK_FEATURES,NONE,RF,4,0.6511627906976745,0.76,0.6785714285714286,0.7169811320754716,0.605952380952381,0.2691255681435181
velocity-1.5,RISK_FEATURES,NONE,RF,5,0.7857142857142857,0.8275862068965517,0.8571428571428571,0.8421052631578947,0.7678571428571428,0.5098499285104608
velocity-1.5,RISK_FEATURES,NONE,ET,1,0.7674418604651163,0.8275862068965517,0.8275862068965517,0.8275862068965517,0.8054187192118226,0.47044334975369456
velocity-1.5,RISK_FEATURES,NONE,ET,2,0.7441860465116279,0.875,0.7241379310344828,0.7924528301886793,0.7192118226600985,0.4810884243844821
velocity-1.5,RISK_FEATURES,NONE,ET,3,0.6744186046511628,0.75,0.75,0.75,0.6380952380952382,0.2833333333333333
velocity-1.5,RISK_FEATURES,NONE,ET,4,0.6511627906976745,0.782608695652174,0.6428571428571429,0.7058823529411765,0.6130952380952381,0.29576024087563857
velocity-1.5,RISK_FEATURES,NONE,ET,5,0.7619047619047619,0.8214285714285714,0.8214285714285714,0.8214285714285714,0.7691326530612245,0.4642857142857143
velocity-1.5,RISK_FEATURES,NONE,SVM_RBF,1,0.813953488372093,0.8387096774193549,0.896551724137931,0.8666666666666667,0.7832512315270934,0.5635203812514766
velocity-1.5,RISK_FEATURES,NONE,SVM_RBF,2,0.7441860465116279,0.875,0.7241379310344828,0.7924528301886793,0.8177339901477831,0.4810884243844821
velocity-1.5,RISK_FEATURES,NONE,SVM_RBF,3,0.6744186046511628,0.7333333333333333,0.7857142857142857,0.7586206896551724,0.6083333333333334,0.26190809188692243
velocity-1.5,RISK_FEATURES,NONE,SVM_RBF,4,0.6976744186046512,0.7586206896551724,0.7857142857142857,0.7719298245614035,0.6845238095238095,0.3245018195899592
velocity-1.5,RISK_FEATURES,NONE,SVM_RBF,5,0.7857142857142857,0.8275862068965517,0.8571428571428571,0.8421052631578947,0.7806122448979591,0.5098499285104608
velocity-1.5,RISK_FEATURES,NONE,GB,1,0.813953488372093,0.8620689655172413,0.8620689655172413,0.8620689655172413,0.8078817733990147,0.5763546798029556
velocity-1.5,RISK_FEATURES,NONE,GB,2,0.7441860465116279,0.875,0.7241379310344828,0.7924528301886793,0.7192118226600985,0.4810884243844821
velocity-1.5,RISK_FEATURES,NONE,GB,3,0.6744186046511628,0.75,0.75,0.75,0.6464285714285715,0.2833333333333333
velocity-1.5,RISK_FEATURES,NONE,GB,4,0.6511627906976745,0.76,0.6785714285714286,0.7169811320754716,0.6083333333333334,0.2691255681435181
velocity-1.5,RISK_FEATURES,NONE,GB,5,0.7857142857142857,0.8275862068965517,0.8571428571428571,0.8421052631578947,0.7831632653061225,0.5098499285104608
velocity-1.5,RISK_FEATURES,SMOTE,LR,1,0.7674418604651163,0.8275862068965517,0.8275862068965517,0.8275862068965517,0.7931034482758621,0.47044334975369456
velocity-1.5,RISK_FEATURES,SMOTE,LR,2,0.6976744186046512,0.8636363636363636,0.6551724137931034,0.7450980392156863,0.7487684729064039,0.4133034460946687
velocity-1.5,RISK_FEATURES,SMOTE,LR,3,0.6976744186046512,0.7586206896551724,0.7857142857142857,0.7719298245614035,0.6845238095238095,0.3245018195899592
velocity-1.5,RISK_FEATURES,SMOTE,LR,4,0.5813953488372093,0.7777777777777778,0.5,0.6086956521739131,0.6392857142857143,0.2254214160518357
velocity-1.5,RISK_FEATURES,SMOTE,LR,5,0.7142857142857143,0.8076923076923077,0.75,0.7777777777777778,0.760204081632653,0.381356384904845
velocity-1.5,RISK_FEATURES,SMOTE,RF,1,0.7674418604651163,0.8275862068965517,0.8275862068965517,0.8275862068965517,0.8423645320197045,0.47044334975369456
velocity-1.5,RISK_FEATURES,SMOTE,RF,2,0.7441860465116279,0.875,0.7241379310344828,0.7924528301886793,0.7192118226600985,0.4810884243844821
velocity-1.5,RISK_FEATURES,SMOTE,RF,3,0.6744186046511628,0.75,0.75,0.75,0.6011904761904763,0.2833333333333333
velocity-1.5,RISK_FEATURES,SMOTE,RF,4,0.6511627906976745,0.782608695652174,0.6428571428571429,0.7058823529411765,0.6178571428571429,0.29576024087563857
velocity-1.5,RISK_FEATURES,SMOTE,RF,5,0.7857142857142857,0.8275862068965517,0.8571428571428571,0.8421052631578947,0.7474489795918366,0.5098499285104608
velocity-1.5,RISK_FEATURES,SMOTE,ET,1,0.7674418604651163,0.8275862068965517,0.8275862068965517,0.8275862068965517,0.832512315270936,0.47044334975369456
velocity-1.5,RISK_FEATURES,SMOTE,ET,2,0.7441860465116279,0.875,0.7241379310344828,0.7924528301886793,0.7192118226600985,0.4810884243844821
velocity-1.5,RISK_FEATURES,SMOTE,ET,3,0.6744186046511628,0.75,0.75,0.75,0.6285714285714286,0.2833333333333333
velocity-1.5,RISK_FEATURES,SMOTE,ET,4,0.6511627906976745,0.782608695652174,0.6428571428571429,0.7058823529411765,0.6154761904761905,0.29576024087563857
velocity-1.5,RISK_FEATURES,SMOTE,ET,5,0.7619047619047619,0.8214285714285714,0.8214285714285714,0.8214285714285714,0.7487244897959183,0.4642857142857143
velocity-1.5,RISK_FEATURES,SMOTE,SVM_RBF,1,0.813953488372093,0.8620689655172413,0.8620689655172413,0.8620689655172413,0.8201970443349755,0.5763546798029556
velocity-1.5,RISK_FEATURES,SMOTE,SVM_RBF,2,0.7441860465116279,0.875,0.7241379310344828,0.7924528301886793,0.7783251231527093,0.4810884243844821
velocity-1.5,RISK_FEATURES,SMOTE,SVM_RBF,3,0.6511627906976745,0.7241379310344828,0.75,0.7368421052631579,0.6392857142857142,0.22037063867676335
velocity-1.5,RISK_FEATURES,SMOTE,SVM_RBF,4,0.6511627906976745,0.76,0.6785714285714286,0.7169811320754716,0.6869047619047619,0.2691255681435181
velocity-1.5,RISK_FEATURES,SMOTE,SVM_RBF,5,0.7857142857142857,0.8275862068965517,0.8571428571428571,0.8421052631578947,0.8086734693877551,0.5098499285104608
velocity-1.5,RISK_FEATURES,SMOTE,GB,1,0.7906976744186046,0.8333333333333334,0.8620689655172413,0.847457627118644,0.8349753694581281,0.5151794614295517
velocity-1.5,RISK_FEATURES,SMOTE,GB,2,0.7441860465116279,0.875,0.7241379310344828,0.7924528301886793,0.7192118226600985,0.4810884243844821
velocity-1.5,RISK_FEATURES,SMOTE,GB,3,0.6744186046511628,0.75,0.75,0.75,0.636904761904762,0.2833333333333333
velocity-1.5,RISK_FEATURES,SMOTE,GB,4,0.6511627906976745,0.782608695652174,0.6428571428571429,0.7058823529411765,0.6107142857142858,0.29576024087563857
velocity-1.5,RISK_FEATURES,SMOTE,GB,5,0.7857142857142857,0.8275862068965517,0.8571428571428571,0.8421052631578947,0.760204081632653,0.5098499285104608
velocity-1.5,RISK_FEATURES,BLSMOTE,LR,1,0.7906976744186046,0.8333333333333334,0.8620689655172413,0.847457627118644,0.7955665024630543,0.5151794614295517
velocity-1.5,RISK_FEATURES,BLSMOTE,LR,2,0.5348837209302325,0.8,0.41379310344827586,0.5454545454545454,0.7438423645320197,0.19615408497602013
velocity-1.5,RISK_FEATURES,BLSMOTE,LR,3,0.6046511627906976,0.72,0.6428571428571429,0.6792452830188679,0.6392857142857142,0.17021617130444736
velocity-1.5,RISK_FEATURES,BLSMOTE,LR,4,0.4418604651162791,0.6111111111111112,0.39285714285714285,0.4782608695652174,0.4869047619047619,-0.0713067744653766
velocity-1.5,RISK_FEATURES,BLSMOTE,LR,5,0.6904761904761905,0.8571428571428571,0.6428571428571429,0.7346938775510204,0.75,0.40406101782088427
velocity-1.5,RISK_FEATURES,BLSMOTE,RF,1,0.7674418604651163,0.8275862068965517,0.8275862068965517,0.8275862068965517,0.8226600985221675,0.47044334975369456
velocity-1.5,RISK_FEATURES,BLSMOTE,RF,2,0.7441860465116279,0.875,0.7241379310344828,0.7924528301886793,0.7512315270935961,0.4810884243844821
velocity-1.5,RISK_FEATURES,BLSMOTE,RF,3,0.6744186046511628,0.75,0.75,0.75,0.6083333333333334,0.2833333333333333
velocity-1.5,RISK_FEATURES,BLSMOTE,RF,4,0.5581395348837209,0.7647058823529411,0.4642857142857143,0.5777777777777777,0.5309523809523811,0.19263815605503157
velocity-1.5,RISK_FEATURES,BLSMOTE,RF,5,0.7857142857142857,0.8275862068965517,0.8571428571428571,0.8421052631578947,0.7321428571428571,0.5098499285104608
velocity-1.5,RISK_FEATURES,BLSMOTE,ET,1,0.813953488372093,0.8888888888888888,0.8275862068965517,0.8571428571428571,0.83128078817734,0.5945583146260498
velocity-1.5,RISK_FEATURES,BLSMOTE,ET,2,0.7441860465116279,0.875,0.7241379310344828,0.7924528301886793,0.7512315270935961,0.4810884243844821
velocity-1.5,RISK_FEATURES,BLSMOTE,ET,3,0.6511627906976745,0.7407407407407407,0.7142857142857143,0.7272727272727273,0.6142857142857143,0.24415567358823811
velocity-1.5,RISK_FEATURES,BLSMOTE,ET,4,0.5581395348837209,0.7647058823529411,0.4642857142857143,0.5777777777777777,0.5392857142857144,0.19263815605503157
velocity-1.5,RISK_FEATURES,BLSMOTE,ET,5,0.7619047619047619,0.8214285714285714,0.8214285714285714,0.8214285714285714,0.7334183673469388,0.4642857142857143
velocity-1.5,RISK_FEATURES,BLSMOTE,SVM_RBF,1,0.813953488372093,0.8620689655172413,0.8620689655172413,0.8620689655172413,0.7980295566502464,0.5763546798029556
velocity-1.5,RISK_FEATURES,BLSMOTE,SVM_RBF,2,0.6976744186046512,0.8636363636363636,0.6551724137931034,0.7450980392156863,0.687192118226601,0.4133034460946687
velocity-1.5,RISK_FEATURES,BLSMOTE,SVM_RBF,3,0.6511627906976745,0.7407407407407407,0.7142857142857143,0.7272727272727273,0.6059523809523809,0.24415567358823811
velocity-1.5,RISK_FEATURES,BLSMOTE,SVM_RBF,4,0.46511627906976744,0.7777777777777778,0.25,0.3783783783783784,0.5392857142857143,0.13668181009676808
velocity-1.5,RISK_FEATURES,BLSMOTE,SVM_RBF,5,0.7380952380952381,0.8695652173913043,0.7142857142857143,0.7843137254901961,0.8010204081632653,0.4735570640442169
velocity-1.5,RISK_FEATURES,BLSMOTE,GB,1,0.7906976744186046,0.8571428571428571,0.8275862068965517,0.8421052631578947,0.830049261083744,0.532764181416351
velocity-1.5,RISK_FEATURES,BLSMOTE,GB,2,0.7441860465116279,0.875,0.7241379310344828,0.7924528301886793,0.7512315270935961,0.4810884243844821
velocity-1.5,RISK_FEATURES,BLSMOTE,GB,3,0.6511627906976745,0.7407407407407407,0.7142857142857143,0.7272727272727273,0.6154761904761905,0.24415567358823811
velocity-1.5,RISK_FEATURES,BLSMOTE,GB,4,0.5348837209302325,0.7222222222222222,0.4642857142857143,0.5652173913043478,0.5226190476190476,0.12651201921276492
velocity-1.5,RISK_FEATURES,BLSMOTE,GB,5,0.7857142857142857,0.8275862068965517,0.8571428571428571,0.8421052631578947,0.7448979591836734,0.5098499285104608
velocity-1.5,METRICS_RISK,NONE,LR,1,0.8372093023255814,0.84375,0.9310344827586207,0.8852459016393442,0.8251231527093595,0.6163417292242687
velocity-1.5,METRICS_RISK,NONE,LR,2,0.7441860465116279,0.8214285714285714,0.7931034482758621,0.8070175438596491,0.7561576354679803,0.4286330005031551
velocity-1.5,METRICS_RISK,NONE,LR,3,0.627906976744186,0.7,0.75,0.7241379310344828,0.6833333333333333,0.15566235649883126
velocity-1.5,METRICS_RISK,NONE,LR,4,0.6511627906976745,0.7241379310344828,0.75,0.7368421052631579,0.6214285714285714,0.22037063867676335
velocity-1.5,METRICS_RISK,NONE,LR,5,0.6666666666666666,0.7916666666666666,0.6785714285714286,0.7307692307692307,0.6760204081632654,0.3061862178478973
velocity-1.5,METRICS_RISK,NONE,RF,1,0.813953488372093,0.8,0.9655172413793104,0.875,0.8214285714285715,0.5605569890127448
velocity-1.5,METRICS_RISK,NONE,RF,2,0.7674418604651163,0.8518518518518519,0.7931034482758621,0.8214285714285714,0.8485221674876847,0.491883585594242
velocity-1.5,METRICS_RISK,NONE,RF,3,0.6744186046511628,0.7333333333333333,0.7857142857142857,0.7586206896551724,0.7952380952380953,0.26190809188692243
velocity-1.5,METRICS_RISK,NONE,RF,4,0.7441860465116279,0.7575757575757576,0.8928571428571429,0.819672131147541,0.7690476190476191,0.4055975585594414
velocity-1.5,METRICS_RISK,NONE,RF,5,0.7619047619047619,0.7647058823529411,0.9285714285714286,0.8387096774193549,0.8839285714285715,0.4287464628562721
velocity-1.5,METRICS_RISK,NONE,ET,1,0.7906976744186046,0.7941176470588235,0.9310344827586207,0.8571428571428571,0.7943349753694582,0.49649435911847584
velocity-1.5,METRICS_RISK,NONE,ET,2,0.7906976744186046,0.8846153846153846,0.7931034482758621,0.8363636363636363,0.8251231527093597,0.5547454014044435
velocity-1.5,METRICS_RISK,NONE,ET,3,0.7674418604651163,0.78125,0.8928571428571429,0.8333333333333334,0.7416666666666667,0.46554005551621797
velocity-1.5,METRICS_RISK,NONE,ET,4,0.7674418604651163,0.7647058823529411,0.9285714285714286,0.8387096774193549,0.7547619047619047,0.46304449951150006
velocity-1.5,METRICS_RISK,NONE,ET,5,0.7380952380952381,0.7297297297297297,0.9642857142857143,0.8307692307692308,0.8571428571428572,0.36391267143702544
velocity-1.5,METRICS_RISK,NONE,SVM_RBF,1,0.813953488372093,0.8,0.9655172413793104,0.875,0.8694581280788177,0.5605569890127448
velocity-1.5,METRICS_RISK,NONE,SVM_RBF,2,0.7674418604651163,0.8275862068965517,0.8275862068965517,0.8275862068965517,0.768472906403941,0.47044334975369456
velocity-1.5,METRICS_RISK,NONE,SVM_RBF,3,0.7441860465116279,0.7297297297297297,0.9642857142857143,0.8307692307692308,0.7547619047619047,0.40936327702701003
velocity-1.5,METRICS_RISK,NONE,SVM_RBF,4,0.6976744186046512,0.7272727272727273,0.8571428571428571,0.7868852459016393,0.657142857142857,0.29009626704913694
velocity-1.5,METRICS_RISK,NONE,SVM_RBF,5,0.8095238095238095,0.7941176470588235,0.9642857142857143,0.8709677419354839,0.8239795918367347,0.5573704017131538
velocity-1.5,METRICS_RISK,NONE,GB,1,0.7906976744186046,0.7941176470588235,0.9310344827586207,0.8571428571428571,0.7807881773399015,0.49649435911847584
velocity-1.5,METRICS_RISK,NONE,GB,2,0.7441860465116279,0.8461538461538461,0.7586206896551724,0.8,0.8448275862068966,0.45323879604107725
velocity-1.5,METRICS_RISK,NONE,GB,3,0.6976744186046512,0.7777777777777778,0.75,0.7636363636363637,0.75,0.34510465401414425
velocity-1.5,METRICS_RISK,NONE,GB,4,0.813953488372093,0.7777777777777778,1.0,0.875,0.7523809523809524,0.6024640760767093
velocity-1.5,METRICS_RISK,NONE,GB,5,0.7619047619047619,0.8,0.8571428571428571,0.8275862068965517,0.8086734693877552,0.4472135954999579
velocity-1.5,METRICS_RISK,SMOTE,LR,1,0.813953488372093,0.8387096774193549,0.896551724137931,0.8666666666666667,0.8251231527093595,0.5635203812514766
velocity-1.5,METRICS_RISK,SMOTE,LR,2,0.6046511627906976,0.8,0.5517241379310345,0.6530612244897959,0.7241379310344828,0.2499089575069153
velocity-1.5,METRICS_RISK,SMOTE,LR,3,0.627906976744186,0.75,0.6428571428571429,0.6923076923076923,0.6714285714285715,0.23307361127050977
velocity-1.5,METRICS_RISK,SMOTE,LR,4,0.6046511627906976,0.72,0.6428571428571429,0.6792452830188679,0.6619047619047619,0.17021617130444736
velocity-1.5,METRICS_RISK,SMOTE,LR,5,0.5476190476190477,0.7647058823529411,0.4642857142857143,0.5777777777777777,0.6428571428571428,0.17149858514250885
velocity-1.5,METRICS_RISK,SMOTE,RF,1,0.8372093023255814,0.8235294117647058,0.9655172413793104,0.8888888888888888,0.8485221674876848,0.6184901159304442
velocity-1.5,METRICS_RISK,SMOTE,RF,2,0.813953488372093,0.8888888888888888,0.8275862068965517,0.8571428571428571,0.8448275862068965,0.5945583146260498
velocity-1.5,METRICS_RISK,SMOTE,RF,3,0.7441860465116279,0.8148148148148148,0.7857142857142857,0.8,0.7988095238095239,0.44605363444005036
velocity-1.5,METRICS_RISK,SMOTE,RF,4,0.7674418604651163,0.78125,0.8928571428571429,0.8333333333333334,0.775,0.46554005551621797
velocity-1.5,METRICS_RISK,SMOTE,RF,5,0.7857142857142857,0.8064516129032258,0.8928571428571429,0.847457627118644,0.8571428571428571,0.4977957276938643
velocity-1.5,METRICS_RISK,SMOTE,ET,1,0.7441860465116279,0.7647058823529411,0.896551724137931,0.8253968253968254,0.7463054187192119,0.3744986023065075
velocity-1.5,METRICS_RISK,SMOTE,ET,2,0.7906976744186046,0.8846153846153846,0.7931034482758621,0.8363636363636363,0.8238916256157635,0.5547454014044435
velocity-1.5,METRICS_RISK,SMOTE,ET,3,0.6976744186046512,0.7586206896551724,0.7857142857142857,0.7719298245614035,0.7130952380952381,0.3245018195899592
velocity-1.5,METRICS_RISK,SMOTE,ET,4,0.813953488372093,0.8333333333333334,0.8928571428571429,0.8620689655172413,0.7785714285714287,0.5806452980511959
velocity-1.5,METRICS_RISK,SMOTE,ET,5,0.7619047619047619,0.7368421052631579,1.0,0.8484848484848485,0.846938775510204,0.45883146774112354
velocity-1.5,METRICS_RISK,SMOTE,SVM_RBF,1,0.813953488372093,0.8387096774193549,0.896551724137931,0.8666666666666667,0.874384236453202,0.5635203812514766
velocity-1.5,METRICS_RISK,SMOTE,SVM_RBF,2,0.7209302325581395,0.8695652173913043,0.6896551724137931,0.7692307692307693,0.770935960591133,0.4465965629521727
velocity-1.5,METRICS_RISK,SMOTE,SVM_RBF,3,0.6744186046511628,0.7333333333333333,0.7857142857142857,0.7586206896551724,0.7619047619047619,0.26190809188692243
velocity-1.5,METRICS_RISK,SMOTE,SVM_RBF,4,0.7441860465116279,0.8148148148148148,0.7857142857142857,0.8,0.7428571428571429,0.44605363444005036
velocity-1.5,METRICS_RISK,SMOTE,SVM_RBF,5,0.7857142857142857,0.88,0.7857142857142857,0.8301886792452831,0.8137755102040817,0.5487954724560282
velocity-1.5,METRICS_RISK,SMOTE,GB,1,0.8372093023255814,0.84375,0.9310344827586207,0.8852459016393442,0.8423645320197045,0.6163417292242687
velocity-1.5,METRICS_RISK,SMOTE,GB,2,0.7209302325581395,0.8695652173913043,0.6896551724137931,0.7692307692307693,0.812807881773399,0.4465965629521727
velocity-1.5,METRICS_RISK,SMOTE,GB,3,0.6744186046511628,0.7916666666666666,0.6785714285714286,0.7307692307692307,0.8,0.33133013366886194
velocity-1.5,METRICS_RISK,SMOTE,GB,4,0.8372093023255814,0.8387096774193549,0.9285714285714286,0.8813559322033898,0.8095238095238095,0.6324757715822045
velocity-1.5,METRICS_RISK,SMOTE,GB,5,0.7857142857142857,0.8064516129032258,0.8928571428571429,0.847457627118644,0.7729591836734694,0.4977957276938643
velocity-1.5,METRICS_RISK,BLSMOTE,LR,1,0.7441860465116279,0.8461538461538461,0.7586206896551724,0.8,0.8448275862068965,0.45323879604107725
velocity-1.5,METRICS_RISK,BLSMOTE,LR,2,0.5813953488372093,0.8235294117647058,0.4827586206896552,0.6086956521739131,0.6945812807881773,0.2573074415024866
velocity-1.5,METRICS_RISK,BLSMOTE,LR,3,0.6976744186046512,0.8,0.7142857142857143,0.7547169811320755,0.7095238095238096,0.3680349649825889
velocity-1.5,METRICS_RISK,BLSMOTE,LR,4,0.5116279069767442,0.7058823529411765,0.42857142857142855,0.5333333333333333,0.5595238095238095,0.09283766556868991
velocity-1.5,METRICS_RISK,BLSMOTE,LR,5,0.5476190476190477,0.7647058823529411,0.4642857142857143,0.5777777777777777,0.6403061224489796,0.17149858514250885
velocity-1.5,METRICS_RISK,BLSMOTE,RF,1,0.8604651162790697,0.8484848484848485,0.9655172413793104,0.9032258064516129,0.8608374384236454,0.6748029407221672
velocity-1.5,METRICS_RISK,BLSMOTE,RF,2,0.7674418604651163,0.8518518518518519,0.7931034482758621,0.8214285714285714,0.8288177339901478,0.491883585594242
velocity-1.5,METRICS_RISK,BLSMOTE,RF,3,0.7441860465116279,0.8148148148148148,0.7857142857142857,0.8,0.8095238095238095,0.44605363444005036
velocity-1.5,METRICS_RISK,BLSMOTE,RF,4,0.7906976744186046,0.8275862068965517,0.8571428571428571,0.8421052631578947,0.7857142857142857,0.532764181416351
velocity-1.5,METRICS_RISK,BLSMOTE,RF,5,0.7142857142857143,0.7666666666666667,0.8214285714285714,0.7931034482758621,0.8609693877551019,0.33541019662496846
velocity-1.5,METRICS_RISK,BLSMOTE,ET,1,0.7674418604651163,0.7878787878787878,0.896551724137931,0.8387096774193549,0.8165024630541872,0.43985130953955026
velocity-1.5,METRICS_RISK,BLSMOTE,ET,2,0.7674418604651163,0.88,0.7586206896551724,0.8148148148148148,0.8300492610837439,0.5170386393397827
velocity-1.5,METRICS_RISK,BLSMOTE,ET,3,0.7674418604651163,0.8,0.8571428571428571,0.8275862068965517,0.7392857142857143,0.47439956266310473
velocity-1.5,METRICS_RISK,BLSMOTE,ET,4,0.7674418604651163,0.78125,0.8928571428571429,0.8333333333333334,0.7607142857142858,0.46554005551621797
velocity-1.5,METRICS_RISK,BLSMOTE,ET,5,0.7380952380952381,0.7575757575757576,0.8928571428571429,0.819672131147541,0.8533163265306122,0.3692744729379982
velocity-1.5,METRICS_RISK,BLSMOTE,SVM_RBF,1,0.7906976744186046,0.8571428571428571,0.8275862068965517,0.8421052631578947,0.8620689655172414,0.532764181416351
velocity-1.5,METRICS_RISK,BLSMOTE,SVM_RBF,2,0.6976744186046512,0.9,0.6206896551724138,0.7346938775510204,0.7536945812807883,0.44891053478094045
velocity-1.5,METRICS_RISK,BLSMOTE,SVM_RBF,3,0.7209302325581395,0.7857142857142857,0.7857142857142857,0.7857142857142857,0.780952380952381,0.38571428571428573
velocity-1.5,METRICS_RISK,BLSMOTE,SVM_RBF,4,0.6046511627906976,0.8235294117647058,0.5,0.6222222222222222,0.7547619047619047,0.29243864654137325
velocity-1.5,METRICS_RISK,BLSMOTE,SVM_RBF,5,0.7619047619047619,0.875,0.75,0.8076923076923077,0.8290816326530613,0.5103103630798288
velocity-1.5,METRICS_RISK,BLSMOTE,GB,1,0.7906976744186046,0.8125,0.896551724137931,0.8524590163934426,0.8694581280788177,0.5025962598824508
velocity-1.5,METRICS_RISK,BLSMOTE,GB,2,0.7441860465116279,0.875,0.7241379310344828,0.7924528301886793,0.8226600985221675,0.4810884243844821
velocity-1.5,METRICS_RISK,BLSMOTE,GB,3,0.6744186046511628,0.7692307692307693,0.7142857142857143,0.7407407407407407,0.7904761904761906,0.3063642963766767
velocity-1.5,METRICS_RISK,BLSMOTE,GB,4,0.813953488372093,0.8125,0.9285714285714286,0.8666666666666667,0.7928571428571429,0.5773737001374323
velocity-1.5,METRICS_RISK,BLSMOTE,GB,5,0.7142857142857143,0.75,0.8571428571428571,0.8,0.75,0.31622776601683794
velocity-1.5,METRICS_POST_TFIDF_RISK,NONE,LR,1,0.8372093023255814,0.84375,0.9310344827586207,0.8852459016393442,0.8399014778325123,0.6163417292242687
velocity-1.5,METRICS_POST_TFIDF_RISK,NONE,LR,2,0.7209302325581395,0.7931034482758621,0.7931034482758621,0.7931034482758621,0.7610837438423647,0.3645320197044335
velocity-1.5,METRICS_POST_TFIDF_RISK,NONE,LR,3,0.6511627906976745,0.7096774193548387,0.7857142857142857,0.7457627118644068,0.6952380952380952,0.1973324407336478
velocity-1.5,METRICS_POST_TFIDF_RISK,NONE,LR,4,0.6511627906976745,0.7241379310344828,0.75,0.7368421052631579,0.6261904761904762,0.22037063867676335
velocity-1.5,METRICS_POST_TFIDF_RISK,NONE,LR,5,0.6428571428571429,0.782608695652174,0.6428571428571429,0.7058823529411765,0.6913265306122449,0.27060403659669535
velocity-1.5,METRICS_POST_TFIDF_RISK,NONE,RF,1,0.7906976744186046,0.7941176470588235,0.9310344827586207,0.8571428571428571,0.8078817733990148,0.49649435911847584
velocity-1.5,METRICS_POST_TFIDF_RISK,NONE,RF,2,0.7441860465116279,0.8,0.8275862068965517,0.8135593220338984,0.8423645320197045,0.40711742805652384
velocity-1.5,METRICS_POST_TFIDF_RISK,NONE,RF,3,0.7441860465116279,0.7575757575757576,0.8928571428571429,0.819672131147541,0.7511904761904762,0.4055975585594414
velocity-1.5,METRICS_POST_TFIDF_RISK,NONE,RF,4,0.7674418604651163,0.7647058823529411,0.9285714285714286,0.8387096774193549,0.7619047619047619,0.46304449951150006
velocity-1.5,METRICS_POST_TFIDF_RISK,NONE,RF,5,0.8333333333333334,0.8181818181818182,0.9642857142857143,0.8852459016393442,0.8903061224489796,0.6154574548966637
velocity-1.5,METRICS_POST_TFIDF_RISK,NONE,ET,1,0.813953488372093,0.8,0.9655172413793104,0.875,0.7660098522167488,0.5605569890127448
velocity-1.5,METRICS_POST_TFIDF_RISK,NONE,ET,2,0.7674418604651163,0.8518518518518519,0.7931034482758621,0.8214285714285714,0.8275862068965516,0.491883585594242
velocity-1.5,METRICS_POST_TFIDF_RISK,NONE,ET,3,0.6744186046511628,0.71875,0.8214285714285714,0.7666666666666667,0.6964285714285714,0.2418727662737892
velocity-1.5,METRICS_POST_TFIDF_RISK,NONE,ET,4,0.7674418604651163,0.78125,0.8928571428571429,0.8333333333333334,0.805952380952381,0.46554005551621797
velocity-1.5,METRICS_POST_TFIDF_RISK,NONE,ET,5,0.7619047619047619,0.78125,0.8928571428571429,0.8333333333333334,0.8380102040816327,0.4348131782731522
velocity-1.5,METRICS_POST_TFIDF_RISK,NONE,SVM_RBF,1,0.813953488372093,0.8,0.9655172413793104,0.875,0.8694581280788177,0.5605569890127448
velocity-1.5,METRICS_POST_TFIDF_RISK,NONE,SVM_RBF,2,0.7674418604651163,0.8275862068965517,0.8275862068965517,0.8275862068965517,0.7709359605911331,0.47044334975369456
velocity-1.5,METRICS_POST_TFIDF_RISK,NONE,SVM_RBF,3,0.7441860465116279,0.7297297297297297,0.9642857142857143,0.8307692307692308,0.75,0.40936327702701003
velocity-1.5,METRICS_POST_TFIDF_RISK,NONE,SVM_RBF,4,0.6976744186046512,0.7272727272727273,0.8571428571428571,0.7868852459016393,0.6571428571428571,0.29009626704913694
velocity-1.5,METRICS_POST_TFIDF_RISK,NONE,SVM_RBF,5,0.8095238095238095,0.7941176470588235,0.9642857142857143,0.8709677419354839,0.8392857142857143,0.5573704017131538
velocity-1.5,METRICS_POST_TFIDF_RISK,NONE,GB,1,0.813953488372093,0.8181818181818182,0.9310344827586207,0.8709677419354839,0.812807881773399,0.5573271251308587
velocity-1.5,METRICS_POST_TFIDF_RISK,NONE,GB,2,0.7441860465116279,0.8214285714285714,0.7931034482758621,0.8070175438596491,0.7955665024630542,0.4286330005031551
velocity-1.5,METRICS_POST_TFIDF_RISK,NONE,GB,3,0.6976744186046512,0.8,0.7142857142857143,0.7547169811320755,0.7619047619047619,0.3680349649825889
velocity-1.5,METRICS_POST_TFIDF_RISK,NONE,GB,4,0.6976744186046512,0.7272727272727273,0.8571428571428571,0.7868852459016393,0.7130952380952381,0.29009626704913694
velocity-1.5,METRICS_POST_TFIDF_RISK,NONE,GB,5,0.8095238095238095,0.8125,0.9285714285714286,0.8666666666666667,0.8979591836734695,0.5533985905294664
velocity-1.5,METRICS_POST_TFIDF_RISK,SMOTE,LR,1,0.8372093023255814,0.8666666666666667,0.896551724137931,0.8813559322033898,0.8251231527093597,0.6232414948025797
velocity-1.5,METRICS_POST_TFIDF_RISK,SMOTE,LR,2,0.6511627906976745,0.8181818181818182,0.6206896551724138,0.7058823529411765,0.7192118226600985,0.31401826071997174
velocity-1.5,METRICS_POST_TFIDF_RISK,SMOTE,LR,3,0.6744186046511628,0.7692307692307693,0.7142857142857143,0.7407407407407407,0.6738095238095239,0.3063642963766767
velocity-1.5,METRICS_POST_TFIDF_RISK,SMOTE,LR,4,0.6511627906976745,0.7407407407407407,0.7142857142857143,0.7272727272727273,0.6571428571428571,0.24415567358823811
velocity-1.5,METRICS_POST_TFIDF_RISK,SMOTE,LR,5,0.5714285714285714,0.8125,0.4642857142857143,0.5909090909090909,0.6581632653061225,0.24268133584853774
velocity-1.5,METRICS_POST_TFIDF_RISK,SMOTE,RF,1,0.8372093023255814,0.8235294117647058,0.9655172413793104,0.8888888888888888,0.8349753694581281,0.6184901159304442
velocity-1.5,METRICS_POST_TFIDF_RISK,SMOTE,RF,2,0.7209302325581395,0.7931034482758621,0.7931034482758621,0.7931034482758621,0.8201970443349753,0.3645320197044335
velocity-1.5,METRICS_POST_TFIDF_RISK,SMOTE,RF,3,0.7209302325581395,0.75,0.8571428571428571,0.8,0.7416666666666667,0.3537064108950036
velocity-1.5,METRICS_POST_TFIDF_RISK,SMOTE,RF,4,0.7209302325581395,0.75,0.8571428571428571,0.8,0.7928571428571428,0.3537064108950036
velocity-1.5,METRICS_POST_TFIDF_RISK,SMOTE,RF,5,0.8095238095238095,0.8125,0.9285714285714286,0.8666666666666667,0.8647959183673469,0.5533985905294664
velocity-1.5,METRICS_POST_TFIDF_RISK,SMOTE,ET,1,0.813953488372093,0.8,0.9655172413793104,0.875,0.7426108374384237,0.5605569890127448
velocity-1.5,METRICS_POST_TFIDF_RISK,SMOTE,ET,2,0.7906976744186046,0.8846153846153846,0.7931034482758621,0.8363636363636363,0.8300492610837439,0.5547454014044435
velocity-1.5,METRICS_POST_TFIDF_RISK,SMOTE,ET,3,0.6976744186046512,0.7419354838709677,0.8214285714285714,0.7796610169491526,0.7107142857142857,0.30611827344578696
velocity-1.5,METRICS_POST_TFIDF_RISK,SMOTE,ET,4,0.7441860465116279,0.7741935483870968,0.8571428571428571,0.8135593220338984,0.8154761904761905,0.41490410615792617
velocity-1.5,METRICS_POST_TFIDF_RISK,SMOTE,ET,5,0.8095238095238095,0.8125,0.9285714285714286,0.8666666666666667,0.8698979591836734,0.5533985905294664
velocity-1.5,METRICS_POST_TFIDF_RISK,SMOTE,SVM_RBF,1,0.813953488372093,0.8387096774193549,0.896551724137931,0.8666666666666667,0.8669950738916256,0.5635203812514766
velocity-1.5,METRICS_POST_TFIDF_RISK,SMOTE,SVM_RBF,2,0.7209302325581395,0.8695652173913043,0.6896551724137931,0.7692307692307693,0.7561576354679803,0.4465965629521727
velocity-1.5,METRICS_POST_TFIDF_RISK,SMOTE,SVM_RBF,3,0.6744186046511628,0.7333333333333333,0.7857142857142857,0.7586206896551724,0.7571428571428572,0.26190809188692243
velocity-1.5,METRICS_POST_TFIDF_RISK,SMOTE,SVM_RBF,4,0.7209302325581395,0.8076923076923077,0.75,0.7777777777777778,0.7428571428571429,0.4061647868630184
velocity-1.5,METRICS_POST_TFIDF_RISK,SMOTE,SVM_RBF,5,0.7857142857142857,0.88,0.7857142857142857,0.8301886792452831,0.836734693877551,0.5487954724560282
velocity-1.5,METRICS_POST_TFIDF_RISK,SMOTE,GB,1,0.7906976744186046,0.8125,0.896551724137931,0.8524590163934426,0.812807881773399,0.5025962598824508
velocity-1.5,METRICS_POST_TFIDF_RISK,SMOTE,GB,2,0.7441860465116279,0.8461538461538461,0.7586206896551724,0.8,0.7955665024630543,0.45323879604107725
velocity-1.5,METRICS_POST_TFIDF_RISK,SMOTE,GB,3,0.7209302325581395,0.8333333333333334,0.7142857142857143,0.7692307692307693,0.7904761904761906,0.4295866560672141
velocity-1.5,METRICS_POST_TFIDF_RISK,SMOTE,GB,4,0.7209302325581395,0.75,0.8571428571428571,0.8,0.7571428571428571,0.3537064108950036
velocity-1.5,METRICS_POST_TFIDF_RISK,SMOTE,GB,5,0.7619047619047619,0.8,0.8571428571428571,0.8275862068965517,0.7729591836734694,0.4472135954999579
velocity-1.5,METRICS_POST_TFIDF_RISK,BLSMOTE,LR,1,0.7674418604651163,0.8518518518518519,0.7931034482758621,0.8214285714285714,0.8448275862068965,0.491883585594242
velocity-1.5,METRICS_POST_TFIDF_RISK,BLSMOTE,LR,2,0.5813953488372093,0.8235294117647058,0.4827586206896552,0.6086956521739131,0.6921182266009853,0.2573074415024866
velocity-1.5,METRICS_POST_TFIDF_RISK,BLSMOTE,LR,3,0.6744186046511628,0.7692307692307693,0.7142857142857143,0.7407407407407407,0.7095238095238096,0.3063642963766767
velocity-1.5,METRICS_POST_TFIDF_RISK,BLSMOTE,LR,4,0.5813953488372093,0.75,0.5357142857142857,0.625,0.5928571428571429,0.1933816959571483
velocity-1.5,METRICS_POST_TFIDF_RISK,BLSMOTE,LR,5,0.5952380952380952,0.8235294117647058,0.5,0.6222222222222222,0.6658163265306123,0.2743977362280141
velocity-1.5,METRICS_POST_TFIDF_RISK,BLSMOTE,RF,1,0.8372093023255814,0.8235294117647058,0.9655172413793104,0.8888888888888888,0.8719211822660099,0.6184901159304442
velocity-1.5,METRICS_POST_TFIDF_RISK,BLSMOTE,RF,2,0.7441860465116279,0.8214285714285714,0.7931034482758621,0.8070175438596491,0.8029556650246306,0.4286330005031551
velocity-1.5,METRICS_POST_TFIDF_RISK,BLSMOTE,RF,3,0.7209302325581395,0.7857142857142857,0.7857142857142857,0.7857142857142857,0.7619047619047619,0.38571428571428573
velocity-1.5,METRICS_POST_TFIDF_RISK,BLSMOTE,RF,4,0.7441860465116279,0.7931034482758621,0.8214285714285714,0.8070175438596491,0.7976190476190476,0.4286330005031551
velocity-1.5,METRICS_POST_TFIDF_RISK,BLSMOTE,RF,5,0.8095238095238095,0.8125,0.9285714285714286,0.8666666666666667,0.8647959183673469,0.5533985905294664
velocity-1.5,METRICS_POST_TFIDF_RISK,BLSMOTE,ET,1,0.813953488372093,0.8,0.9655172413793104,0.875,0.7672413793103449,0.5605569890127448
velocity-1.5,METRICS_POST_TFIDF_RISK,BLSMOTE,ET,2,0.7441860465116279,0.8214285714285714,0.7931034482758621,0.8070175438596491,0.8325123152709359,0.4286330005031551
velocity-1.5,METRICS_POST_TFIDF_RISK,BLSMOTE,ET,3,0.7209302325581395,0.7666666666666667,0.8214285714285714,0.7931034482758621,0.7119047619047619,0.3681538272750136
velocity-1.5,METRICS_POST_TFIDF_RISK,BLSMOTE,ET,4,0.7674418604651163,0.8,0.8571428571428571,0.8275862068965517,0.8297619047619048,0.47439956266310473
velocity-1.5,METRICS_POST_TFIDF_RISK,BLSMOTE,ET,5,0.8095238095238095,0.8125,0.9285714285714286,0.8666666666666667,0.8073979591836735,0.5533985905294664
velocity-1.5,METRICS_POST_TFIDF_RISK,BLSMOTE,SVM_RBF,1,0.813953488372093,0.8620689655172413,0.8620689655172413,0.8620689655172413,0.854679802955665,0.5763546798029556
velocity-1.5,METRICS_POST_TFIDF_RISK,BLSMOTE,SVM_RBF,2,0.6976744186046512,0.9,0.6206896551724138,0.7346938775510204,0.7463054187192117,0.44891053478094045
velocity-1.5,METRICS_POST_TFIDF_RISK,BLSMOTE,SVM_RBF,3,0.6976744186046512,0.7777777777777778,0.75,0.7636363636363637,0.7857142857142858,0.34510465401414425
velocity-1.5,METRICS_POST_TFIDF_RISK,BLSMOTE,SVM_RBF,4,0.6046511627906976,0.8235294117647058,0.5,0.6222222222222222,0.7595238095238095,0.29243864654137325
velocity-1.5,METRICS_POST_TFIDF_RISK,BLSMOTE,SVM_RBF,5,0.7380952380952381,0.8695652173913043,0.7142857142857143,0.7843137254901961,0.8469387755102041,0.4735570640442169
velocity-1.5,METRICS_POST_TFIDF_RISK,BLSMOTE,GB,1,0.8372093023255814,0.84375,0.9310344827586207,0.8852459016393442,0.8793103448275862,0.6163417292242687
velocity-1.5,METRICS_POST_TFIDF_RISK,BLSMOTE,GB,2,0.7674418604651163,0.8518518518518519,0.7931034482758621,0.8214285714285714,0.8041871921182265,0.491883585594242
velocity-1.5,METRICS_POST_TFIDF_RISK,BLSMOTE,GB,3,0.6976744186046512,0.7777777777777778,0.75,0.7636363636363637,0.730952380952381,0.34510465401414425
velocity-1.5,METRICS_POST_TFIDF_RISK,BLSMOTE,GB,4,0.7906976744186046,0.8064516129032258,0.8928571428571429,0.847457627118644,0.7428571428571429,0.5236899388700653
velocity-1.5,METRICS_POST_TFIDF_RISK,BLSMOTE,GB,5,0.7857142857142857,0.7878787878787878,0.9285714285714286,0.8524590163934426,0.7857142857142857,0.49236596391733095
velocity-1.5,METRICS_POST_TFIDF_RISK_SELECTED,NONE,LR,1,0.8604651162790697,0.8484848484848485,0.9655172413793104,0.9032258064516129,0.8275862068965517,0.6748029407221672
velocity-1.5,METRICS_POST_TFIDF_RISK_SELECTED,NONE,LR,2,0.7906976744186046,0.8333333333333334,0.8620689655172413,0.847457627118644,0.7684729064039408,0.5151794614295517
velocity-1.5,METRICS_POST_TFIDF_RISK_SELECTED,NONE,LR,3,0.6976744186046512,0.7272727272727273,0.8571428571428571,0.7868852459016393,0.7261904761904762,0.29009626704913694
velocity-1.5,METRICS_POST_TFIDF_RISK_SELECTED,NONE,LR,4,0.6511627906976745,0.7096774193548387,0.7857142857142857,0.7457627118644068,0.5857142857142857,0.1973324407336478
velocity-1.5,METRICS_POST_TFIDF_RISK_SELECTED,NONE,LR,5,0.8571428571428571,0.8666666666666667,0.9285714285714286,0.896551724137931,0.8928571428571428,0.6708203932499369
velocity-1.5,METRICS_POST_TFIDF_RISK_SELECTED,NONE,RF,1,0.813953488372093,0.8,0.9655172413793104,0.875,0.8214285714285714,0.5605569890127448
velocity-1.5,METRICS_POST_TFIDF_RISK_SELECTED,NONE,RF,2,0.7441860465116279,0.8,0.8275862068965517,0.8135593220338984,0.8423645320197044,0.40711742805652384
velocity-1.5,METRICS_POST_TFIDF_RISK_SELECTED,NONE,RF,3,0.7209302325581395,0.7666666666666667,0.8214285714285714,0.7931034482758621,0.7488095238095238,0.3681538272750136
velocity-1.5,METRICS_POST_TFIDF_RISK_SELECTED,NONE,RF,4,0.7441860465116279,0.7741935483870968,0.8571428571428571,0.8135593220338984,0.7916666666666666,0.41490410615792617
velocity-1.5,METRICS_POST_TFIDF_RISK_SELECTED,NONE,RF,5,0.7857142857142857,0.7878787878787878,0.9285714285714286,0.8524590163934426,0.909438775510204,0.49236596391733095
velocity-1.5,METRICS_POST_TFIDF_RISK_SELECTED,NONE,ET,1,0.7906976744186046,0.7777777777777778,0.9655172413793104,0.8615384615384616,0.7315270935960592,0.5002149823227526
velocity-1.5,METRICS_POST_TFIDF_RISK_SELECTED,NONE,ET,2,0.813953488372093,0.8888888888888888,0.8275862068965517,0.8571428571428571,0.8448275862068965,0.5945583146260498
velocity-1.5,METRICS_POST_TFIDF_RISK_SELECTED,NONE,ET,3,0.7209302325581395,0.75,0.8571428571428571,0.8,0.7476190476190476,0.3537064108950036
velocity-1.5,METRICS_POST_TFIDF_RISK_SELECTED,NONE,ET,4,0.8372093023255814,0.8387096774193549,0.9285714285714286,0.8813559322033898,0.8250000000000001,0.6324757715822045
velocity-1.5,METRICS_POST_TFIDF_RISK_SELECTED,NONE,ET,5,0.8095238095238095,0.7941176470588235,0.9642857142857143,0.8709677419354839,0.8227040816326531,0.5573704017131538
velocity-1.5,METRICS_POST_TFIDF_RISK_SELECTED,NONE,SVM_RBF,1,0.8604651162790697,0.8484848484848485,0.9655172413793104,0.9032258064516129,0.8349753694581281,0.6748029407221672
velocity-1.5,METRICS_POST_TFIDF_RISK_SELECTED,NONE,SVM_RBF,2,0.813953488372093,0.8620689655172413,0.8620689655172413,0.8620689655172413,0.7881773399014778,0.5763546798029556
velocity-1.5,METRICS_POST_TFIDF_RISK_SELECTED,NONE,SVM_RBF,3,0.7441860465116279,0.7428571428571429,0.9285714285714286,0.8253968253968254,0.8047619047619048,0.402416172028665
velocity-1.5,METRICS_POST_TFIDF_RISK_SELECTED,NONE,SVM_RBF,4,0.6976744186046512,0.7419354838709677,0.8214285714285714,0.7796610169491526,0.6833333333333333,0.30611827344578696
velocity-1.5,METRICS_POST_TFIDF_RISK_SELECTED,NONE,SVM_RBF,5,0.7619047619047619,0.7368421052631579,1.0,0.8484848484848485,0.7729591836734694,0.45883146774112354
velocity-1.5,METRICS_POST_TFIDF_RISK_SELECTED,NONE,GB,1,0.813953488372093,0.8181818181818182,0.9310344827586207,0.8709677419354839,0.7807881773399015,0.5573271251308587
velocity-1.5,METRICS_POST_TFIDF_RISK_SELECTED,NONE,GB,2,0.7441860465116279,0.8,0.8275862068965517,0.8135593220338984,0.8165024630541872,0.40711742805652384
velocity-1.5,METRICS_POST_TFIDF_RISK_SELECTED,NONE,GB,3,0.7441860465116279,0.8148148148148148,0.7857142857142857,0.8,0.7357142857142858,0.44605363444005036
velocity-1.5,METRICS_POST_TFIDF_RISK_SELECTED,NONE,GB,4,0.7441860465116279,0.7741935483870968,0.8571428571428571,0.8135593220338984,0.6928571428571428,0.41490410615792617
velocity-1.5,METRICS_POST_TFIDF_RISK_SELECTED,NONE,GB,5,0.7619047619047619,0.7647058823529411,0.9285714285714286,0.8387096774193549,0.8418367346938775,0.4287464628562721
velocity-1.5,METRICS_POST_TFIDF_RISK_SELECTED,SMOTE,LR,1,0.7674418604651163,0.8275862068965517,0.8275862068965517,0.8275862068965517,0.7536945812807881,0.47044334975369456
velocity-1.5,METRICS_POST_TFIDF_RISK_SELECTED,SMOTE,LR,2,0.7441860465116279,0.9090909090909091,0.6896551724137931,0.7843137254901961,0.7980295566502463,0.5125886314693656
velocity-1.5,METRICS_POST_TFIDF_RISK_SELECTED,SMOTE,LR,3,0.627906976744186,0.7142857142857143,0.7142857142857143,0.7142857142857143,0.7047619047619048,0.18095238095238095
velocity-1.5,METRICS_POST_TFIDF_RISK_SELECTED,SMOTE,LR,4,0.5581395348837209,0.7368421052631579,0.5,0.5957446808510638,0.6452380952380953,0.15995247832289886
velocity-1.5,METRICS_POST_TFIDF_RISK_SELECTED,SMOTE,LR,5,0.6666666666666666,0.7916666666666666,0.6785714285714286,0.7307692307692307,0.7806122448979591,0.3061862178478973
velocity-1.5,METRICS_POST_TFIDF_RISK_SELECTED,SMOTE,RF,1,0.8372093023255814,0.8235294117647058,0.9655172413793104,0.8888888888888888,0.8201970443349754,0.6184901159304442
velocity-1.5,METRICS_POST_TFIDF_RISK_SELECTED,SMOTE,RF,2,0.7674418604651163,0.8518518518518519,0.7931034482758621,0.8214285714285714,0.8251231527093595,0.491883585594242
velocity-1.5,METRICS_POST_TFIDF_RISK_SELECTED,SMOTE,RF,3,0.7674418604651163,0.8461538461538461,0.7857142857142857,0.8148148148148148,0.7333333333333333,0.50596527734936
velocity-1.5,METRICS_POST_TFIDF_RISK_SELECTED,SMOTE,RF,4,0.7674418604651163,0.8,0.8571428571428571,0.8275862068965517,0.7559523809523809,0.47439956266310473
velocity-1.5,METRICS_POST_TFIDF_RISK_SELECTED,SMOTE,RF,5,0.8095238095238095,0.8333333333333334,0.8928571428571429,0.8620689655172413,0.8647959183673469,0.5590169943749475
velocity-1.5,METRICS_POST_TFIDF_RISK_SELECTED,SMOTE,ET,1,0.813953488372093,0.8,0.9655172413793104,0.875,0.769704433497537,0.5605569890127448
velocity-1.5,METRICS_POST_TFIDF_RISK_SELECTED,SMOTE,ET,2,0.813953488372093,0.8888888888888888,0.8275862068965517,0.8571428571428571,0.8066502463054187,0.5945583146260498
velocity-1.5,METRICS_POST_TFIDF_RISK_SELECTED,SMOTE,ET,3,0.6976744186046512,0.7586206896551724,0.7857142857142857,0.7719298245614035,0.6845238095238095,0.3245018195899592
velocity-1.5,METRICS_POST_TFIDF_RISK_SELECTED,SMOTE,ET,4,0.7441860465116279,0.7931034482758621,0.8214285714285714,0.8070175438596491,0.8023809523809524,0.4286330005031551
velocity-1.5,METRICS_POST_TFIDF_RISK_SELECTED,SMOTE,ET,5,0.8095238095238095,0.7941176470588235,0.9642857142857143,0.8709677419354839,0.8214285714285714,0.5573704017131538
velocity-1.5,METRICS_POST_TFIDF_RISK_SELECTED,SMOTE,SVM_RBF,1,0.8372093023255814,0.84375,0.9310344827586207,0.8852459016393442,0.8990147783251231,0.6163417292242687
velocity-1.5,METRICS_POST_TFIDF_RISK_SELECTED,SMOTE,SVM_RBF,2,0.6976744186046512,0.8636363636363636,0.6551724137931034,0.7450980392156863,0.7660098522167488,0.4133034460946687
velocity-1.5,METRICS_POST_TFIDF_RISK_SELECTED,SMOTE,SVM_RBF,3,0.6976744186046512,0.7586206896551724,0.7857142857142857,0.7719298245614035,0.7238095238095239,0.3245018195899592
velocity-1.5,METRICS_POST_TFIDF_RISK_SELECTED,SMOTE,SVM_RBF,4,0.7209302325581395,0.8076923076923077,0.75,0.7777777777777778,0.7142857142857143,0.4061647868630184
velocity-1.5,METRICS_POST_TFIDF_RISK_SELECTED,SMOTE,SVM_RBF,5,0.7619047619047619,0.8214285714285714,0.8214285714285714,0.8214285714285714,0.8826530612244897,0.4642857142857143
velocity-1.5,METRICS_POST_TFIDF_RISK_SELECTED,SMOTE,GB,1,0.7441860465116279,0.78125,0.8620689655172413,0.819672131147541,0.8054187192118226,0.388850790540633
velocity-1.5,METRICS_POST_TFIDF_RISK_SELECTED,SMOTE,GB,2,0.6511627906976745,0.75,0.7241379310344828,0.7368421052631579,0.7697044334975369,0.22037063867676335
velocity-1.5,METRICS_POST_TFIDF_RISK_SELECTED,SMOTE,GB,3,0.7441860465116279,0.84,0.75,0.7924528301886793,0.7142857142857143,0.46694436182165966
velocity-1.5,METRICS_POST_TFIDF_RISK_SELECTED,SMOTE,GB,4,0.7209302325581395,0.7666666666666667,0.8214285714285714,0.7931034482758621,0.7738095238095238,0.3681538272750136
velocity-1.5,METRICS_POST_TFIDF_RISK_SELECTED,SMOTE,GB,5,0.8095238095238095,0.8125,0.9285714285714286,0.8666666666666667,0.7806122448979591,0.5533985905294664
velocity-1.5,METRICS_POST_TFIDF_RISK_SELECTED,BLSMOTE,LR,1,0.813953488372093,0.8387096774193549,0.896551724137931,0.8666666666666667,0.7832512315270935,0.5635203812514766
velocity-1.5,METRICS_POST_TFIDF_RISK_SELECTED,BLSMOTE,LR,2,0.5348837209302325,0.8,0.41379310344827586,0.5454545454545454,0.7697044334975369,0.19615408497602013
velocity-1.5,METRICS_POST_TFIDF_RISK_SELECTED,BLSMOTE,LR,3,0.6511627906976745,0.8095238095238095,0.6071428571428571,0.6938775510204082,0.7119047619047619,0.32463131014790403
velocity-1.5,METRICS_POST_TFIDF_RISK_SELECTED,BLSMOTE,LR,4,0.5581395348837209,0.8,0.42857142857142855,0.5581395348837209,0.6309523809523809,0.22857142857142856
velocity-1.5,METRICS_POST_TFIDF_RISK_SELECTED,BLSMOTE,LR,5,0.7142857142857143,0.8333333333333334,0.7142857142857143,0.7692307692307693,0.8188775510204082,0.408248290463863
velocity-1.5,METRICS_POST_TFIDF_RISK_SELECTED,BLSMOTE,RF,1,0.813953488372093,0.8181818181818182,0.9310344827586207,0.8709677419354839,0.8288177339901478,0.5573271251308587
velocity-1.5,METRICS_POST_TFIDF_RISK_SELECTED,BLSMOTE,RF,2,0.7674418604651163,0.8518518518518519,0.7931034482758621,0.8214285714285714,0.8325123152709359,0.491883585594242
velocity-1.5,METRICS_POST_TFIDF_RISK_SELECTED,BLSMOTE,RF,3,0.7209302325581395,0.7857142857142857,0.7857142857142857,0.7857142857142857,0.7285714285714285,0.38571428571428573
velocity-1.5,METRICS_POST_TFIDF_RISK_SELECTED,BLSMOTE,RF,4,0.7441860465116279,0.7741935483870968,0.8571428571428571,0.8135593220338984,0.7297619047619048,0.41490410615792617
velocity-1.5,METRICS_POST_TFIDF_RISK_SELECTED,BLSMOTE,RF,5,0.7857142857142857,0.7878787878787878,0.9285714285714286,0.8524590163934426,0.8456632653061225,0.49236596391733095
velocity-1.5,METRICS_POST_TFIDF_RISK_SELECTED,BLSMOTE,ET,1,0.7906976744186046,0.7777777777777778,0.9655172413793104,0.8615384615384616,0.7142857142857144,0.5002149823227526
velocity-1.5,METRICS_POST_TFIDF_RISK_SELECTED,BLSMOTE,ET,2,0.7906976744186046,0.8571428571428571,0.8275862068965517,0.8421052631578947,0.8140394088669951,0.532764181416351
velocity-1.5,METRICS_POST_TFIDF_RISK_SELECTED,BLSMOTE,ET,3,0.7209302325581395,0.7666666666666667,0.8214285714285714,0.7931034482758621,0.7333333333333334,0.3681538272750136
velocity-1.5,METRICS_POST_TFIDF_RISK_SELECTED,BLSMOTE,ET,4,0.7441860465116279,0.7931034482758621,0.8214285714285714,0.8070175438596491,0.8035714285714286,0.4286330005031551
velocity-1.5,METRICS_POST_TFIDF_RISK_SELECTED,BLSMOTE,ET,5,0.7857142857142857,0.7878787878787878,0.9285714285714286,0.8524590163934426,0.8112244897959183,0.49236596391733095
velocity-1.5,METRICS_POST_TFIDF_RISK_SELECTED,BLSMOTE,SVM_RBF,1,0.813953488372093,0.8387096774193549,0.896551724137931,0.8666666666666667,0.8497536945812809,0.5635203812514766
velocity-1.5,METRICS_POST_TFIDF_RISK_SELECTED,BLSMOTE,SVM_RBF,2,0.6511627906976745,0.8888888888888888,0.5517241379310345,0.6808510638297872,0.7364532019704434,0.38836386484345664
velocity-1.5,METRICS_POST_TFIDF_RISK_SELECTED,BLSMOTE,SVM_RBF,3,0.6744186046511628,0.7916666666666666,0.6785714285714286,0.7307692307692307,0.730952380952381,0.33133013366886194
velocity-1.5,METRICS_POST_TFIDF_RISK_SELECTED,BLSMOTE,SVM_RBF,4,0.4883720930232558,0.6875,0.39285714285714285,0.5,0.6714285714285715,0.05869126768948031
velocity-1.5,METRICS_POST_TFIDF_RISK_SELECTED,BLSMOTE,SVM_RBF,5,0.8333333333333334,0.8888888888888888,0.8571428571428571,0.8727272727272727,0.8852040816326531,0.6324555320336759
velocity-1.5,METRICS_POST_TFIDF_RISK_SELECTED,BLSMOTE,GB,1,0.8372093023255814,0.84375,0.9310344827586207,0.8852459016393442,0.8448275862068966,0.6163417292242687
velocity-1.5,METRICS_POST_TFIDF_RISK_SELECTED,BLSMOTE,GB,2,0.7441860465116279,0.875,0.7241379310344828,0.7924528301886793,0.770935960591133,0.4810884243844821
velocity-1.5,METRICS_POST_TFIDF_RISK_SELECTED,BLSMOTE,GB,3,0.6511627906976745,0.782608695652174,0.6428571428571429,0.7058823529411765,0.680952380952381,0.29576024087563857
velocity-1.5,METRICS_POST_TFIDF_RISK_SELECTED,BLSMOTE,GB,4,0.7441860465116279,0.7741935483870968,0.8571428571428571,0.8135593220338984,0.7285714285714286,0.41490410615792617
velocity-1.5,METRICS_POST_TFIDF_RISK_SELECTED,BLSMOTE,GB,5,0.6904761904761905,0.7586206896551724,0.7857142857142857,0.7719298245614035,0.7729591836734693,0.2913428162916919
xalan-2.4,METRICS,NONE,LR,1,0.8689655172413793,1.0,0.13636363636363635,0.24,0.7904656319290466,0.34368269915033905
xalan-2.4,METRICS,NONE,LR,2,0.8551724137931035,0.5384615384615384,0.3181818181818182,0.4,0.8473762010347377,0.33830233117068276
xalan-2.4,METRICS,NONE,LR,3,0.8896551724137931,0.7142857142857143,0.45454545454545453,0.5555555555555556,0.8558758314855875,0.512628257594742
xalan-2.4,METRICS,NONE,LR,4,0.8333333333333334,0.375,0.13636363636363635,0.2,0.702682563338301,0.14980774330592514
xalan-2.4,METRICS,NONE,LR,5,0.8402777777777778,0.3333333333333333,0.045454545454545456,0.08,0.7272727272727273,0.07320372203174602
xalan-2.4,METRICS,NONE,RF,1,0.8551724137931035,0.6666666666666666,0.09090909090909091,0.16,0.8070953436807095,0.20863123200454187
xalan-2.4,METRICS,NONE,RF,2,0.8689655172413793,0.5882352941176471,0.45454545454545453,0.5128205128205128,0.8388765705838876,0.44342372881716463
xalan-2.4,METRICS,NONE,RF,3,0.8827586206896552,0.6923076923076923,0.4090909090909091,0.5142857142857142,0.8745380635624538,0.4728807619518871
xalan-2.4,METRICS,NONE,RF,4,0.8541666666666666,0.5714285714285714,0.18181818181818182,0.27586206896551724,0.745715350223547,0.26303400135251126
xalan-2.4,METRICS,NONE,RF,5,0.8333333333333334,0.3333333333333333,0.09090909090909091,0.14285714285714285,0.8111028315946349,0.1046449257597689
xalan-2.4,METRICS,NONE,ET,1,0.8482758620689655,0.5,0.09090909090909091,0.15384615384615385,0.7886178861788617,0.1635113564392042
xalan-2.4,METRICS,NONE,ET,2,0.8689655172413793,0.6153846153846154,0.36363636363636365,0.45714285714285713,0.84830007390983,0.40559154656128493
xalan-2.4,METRICS,NONE,ET,3,0.8827586206896552,0.7777777777777778,0.3181818181818182,0.45161290322580644,0.8885809312638581,0.4489184466463736
xalan-2.4,METRICS,NONE,ET,4,0.8472222222222222,0.5,0.09090909090909091,0.15384615384615385,0.7328614008941878,0.16313409064559226
xalan-2.4,METRICS,NONE,ET,5,0.8472222222222222,0.5,0.18181818181818182,0.26666666666666666,0.8321535022354695,0.23407459891550803
xalan-2.4,METRICS,NONE,SVM_RBF,1,0.8482758620689655,0.0,0.0,0.0,0.804138950480414,0.0
xalan-2.4,METRICS,NONE,SVM_RBF,2,0.8275862068965517,0.0,0.0,0.0,0.8048780487804877,-0.06147170228705252
xalan-2.4,METRICS,NONE,SVM_RBF,3,0.8413793103448276,0.0,0.0,0.0,0.8281596452328159,-0.035243378871652985
xalan-2.4,METRICS,NONE,SVM_RBF,4,0.8472222222222222,0.5,0.045454545454545456,0.08333333333333333,0.6039493293591655,0.11453799440819991
xalan-2.4,METRICS,NONE,SVM_RBF,5,0.8402777777777778,0.3333333333333333,0.045454545454545456,0.08,0.7123695976154991,0.07320372203174602
xalan-2.4,METRICS,NONE,GB,1,0.8482758620689655,0.5,0.13636363636363635,0.21428571428571427,0.7804878048780488,0.20169526696063023
xalan-2.4,METRICS,NONE,GB,2,0.8896551724137931,0.7142857142857143,0.45454545454545453,0.5555555555555556,0.8507021433850703,0.512628257594742
xalan-2.4,METRICS,NONE,GB,3,0.8758620689655172,0.6111111111111112,0.5,0.55,0.8451589061345158,0.4820778461123078
xalan-2.4,METRICS,NONE,GB,4,0.8541666666666666,0.5714285714285714,0.18181818181818182,0.27586206896551724,0.7529806259314455,0.26303400135251126
xalan-2.4,METRICS,NONE,GB,5,0.8333333333333334,0.375,0.13636363636363635,0.2,0.7749627421758569,0.14980774330592514
xalan-2.4,METRICS,SMOTE,LR,1,0.7793103448275862,0.38095238095238093,0.7272727272727273,0.5,0.7945306725794531,0.40801700590800016
xalan-2.4,METRICS,SMOTE,LR,2,0.7655172413793103,0.36363636363636365,0.7272727272727273,0.48484848484848486,0.8499630450849963,0.38987534344569863
xalan-2.4,METRICS,SMOTE,LR,3,0.7103448275862069,0.3,0.6818181818181818,0.4166666666666667,0.7985957132298597,0.2998456573187914
xalan-2.4,METRICS,SMOTE,LR,4,0.6875,0.23255813953488372,0.45454545454545453,0.3076923076923077,0.6818181818181818,0.14469075356309036
xalan-2.4,METRICS,SMOTE,LR,5,0.7083333333333334,0.2619047619047619,0.5,0.34375,0.7246646795827123,0.1946381413326817
xalan-2.4,METRICS,SMOTE,RF,1,0.8068965517241379,0.36363636363636365,0.36363636363636365,0.36363636363636365,0.7706947524020694,0.24981522542498152
xalan-2.4,METRICS,SMOTE,RF,2,0.8689655172413793,0.56,0.6363636363636364,0.5957446808510638,0.8545824094604583,0.5194421553426156
xalan-2.4,METRICS,SMOTE,RF,3,0.7931034482758621,0.35714285714285715,0.45454545454545453,0.4,0.8252032520325203,0.28011102837675955
xalan-2.4,METRICS,SMOTE,RF,4,0.8263888888888888,0.4444444444444444,0.5454545454545454,0.4897959183673469,0.7948956780923995,0.38944576532172037
xalan-2.4,METRICS,SMOTE,RF,5,0.8055555555555556,0.35,0.3181818181818182,0.3333333333333333,0.7516766020864382,0.2201563617392178
xalan-2.4,METRICS,SMOTE,ET,1,0.8275862068965517,0.4,0.2727272727272727,0.32432432432432434,0.7481522542498152,0.2350783089937741
xalan-2.4,METRICS,SMOTE,ET,2,0.8551724137931035,0.5217391304347826,0.5454545454545454,0.5333333333333333,0.868440502586844,0.44782406747246334
xalan-2.4,METRICS,SMOTE,ET,3,0.8413793103448276,0.48,0.5454545454545454,0.5106382978723404,0.8562453806356245,0.4176595708498058
xalan-2.4,METRICS,SMOTE,ET,4,0.8333333333333334,0.45,0.4090909090909091,0.42857142857142855,0.7690014903129657,0.33178493952248317
xalan-2.4,METRICS,SMOTE,ET,5,0.8194444444444444,0.3888888888888889,0.3181818181818182,0.35,0.7922876304023845,0.24804966296918665
xalan-2.4,METRICS,SMOTE,SVM_RBF,1,0.8137931034482758,0.41379310344827586,0.5454545454545454,0.47058823529411764,0.7960088691796009,0.3652495628516764
xalan-2.4,METRICS,SMOTE,SVM_RBF,2,0.8206896551724138,0.4375,0.6363636363636364,0.5185185185185185,0.8595713229859572,0.42390195259300445
xalan-2.4,METRICS,SMOTE,SVM_RBF,3,0.7241379310344828,0.23529411764705882,0.36363636363636365,0.2857142857142857,0.7154471544715447,0.1289235845485786
xalan-2.4,METRICS,SMOTE,SVM_RBF,4,0.7430555555555556,0.3076923076923077,0.5454545454545454,0.39344262295081966,0.6736214605067065,0.2624224850671896
xalan-2.4,METRICS,SMOTE,SVM_RBF,5,0.7152777777777778,0.2564102564102564,0.45454545454545453,0.32786885245901637,0.706408345752608,0.17555159345874063
xalan-2.4,METRICS,SMOTE,GB,1,0.7862068965517242,0.32,0.36363636363636365,0.3404255319148936,0.7346637102734664,0.21409440186418618
xalan-2.4,METRICS,SMOTE,GB,2,0.8413793103448276,0.48,0.5454545454545454,0.5106382978723404,0.8798965262379896,0.4176595708498058
xalan-2.4,METRICS,SMOTE,GB,3,0.7517241379310344,0.28125,0.4090909090909091,0.3333333333333333,0.7771618625277162,0.19213052300783987
xalan-2.4,METRICS,SMOTE,GB,4,0.7916666666666666,0.34615384615384615,0.4090909090909091,0.375,0.7730998509687035,0.2523013839781587
xalan-2.4,METRICS,SMOTE,GB,5,0.7638888888888888,0.2692307692307692,0.3181818181818182,0.2916666666666667,0.7321162444113265,0.15193840250618396
xalan-2.4,METRICS,BLSMOTE,LR,1,0.8068965517241379,0.4166666666666667,0.6818181818181818,0.5172413793103449,0.7993348115299335,0.4244179903573826
xalan-2.4,METRICS,BLSMOTE,LR,2,0.7862068965517242,0.3902439024390244,0.7272727272727273,0.5079365079365079,0.8429416112342942,0.4174492995804326
xalan-2.4,METRICS,BLSMOTE,LR,3,0.7310344827586207,0.3333333333333333,0.7727272727272727,0.4657534246575342,0.8551367331855138,0.3728748586087839
xalan-2.4,METRICS,BLSMOTE,LR,4,0.7152777777777778,0.24324324324324326,0.4090909090909091,0.3050847457627119,0.6997019374068554,0.14786419785007607
xalan-2.4,METRICS,BLSMOTE,LR,5,0.7152777777777778,0.2978723404255319,0.6363636363636364,0.4057971014492754,0.7194485842026825,0.2807278088713416
xalan-2.4,METRICS,BLSMOTE,RF,1,0.8137931034482758,0.35294117647058826,0.2727272727272727,0.3076923076923077,0.7858462675535846,0.20440350324657403
xalan-2.4,METRICS,BLSMOTE,RF,2,0.8482758620689655,0.5,0.5909090909090909,0.5416666666666666,0.8287139689578714,0.4537751147474689
xalan-2.4,METRICS,BLSMOTE,RF,3,0.7724137931034483,0.28,0.3181818181818182,0.2978723404255319,0.8231707317073171,0.16320310961778126
xalan-2.4,METRICS,BLSMOTE,RF,4,0.7916666666666666,0.35714285714285715,0.45454545454545453,0.4,0.7857675111773472,0.2790795060662345
xalan-2.4,METRICS,BLSMOTE,RF,5,0.8055555555555556,0.35,0.3181818181818182,0.3333333333333333,0.7581967213114754,0.2201563617392178
xalan-2.4,METRICS,BLSMOTE,ET,1,0.8413793103448276,0.47058823529411764,0.36363636363636365,0.41025641025641024,0.7625646711012565,0.3239136160318693
xalan-2.4,METRICS,BLSMOTE,ET,2,0.8758620689655172,0.6,0.5454545454545454,0.5714285714285714,0.852180339985218,0.49981519127071505
xalan-2.4,METRICS,BLSMOTE,ET,3,0.8413793103448276,0.4782608695652174,0.5,0.4888888888888889,0.8638211382113821,0.3952029250222954
xalan-2.4,METRICS,BLSMOTE,ET,4,0.8194444444444444,0.3888888888888889,0.3181818181818182,0.35,0.7602459016393442,0.24804966296918665
xalan-2.4,METRICS,BLSMOTE,ET,5,0.8333333333333334,0.45454545454545453,0.45454545454545453,0.45454545454545453,0.7980625931445604,0.3561847988077496
xalan-2.4,METRICS,BLSMOTE,SVM_RBF,1,0.8068965517241379,0.40625,0.5909090909090909,0.48148148148148145,0.7985957132298596,0.3775476666759715
xalan-2.4,METRICS,BLSMOTE,SVM_RBF,2,0.8344827586206897,0.4642857142857143,0.5909090909090909,0.52,0.844419807834442,0.4262121043286665
xalan-2.4,METRICS,BLSMOTE,SVM_RBF,3,0.7379310344827587,0.2777777777777778,0.45454545454545453,0.3448275862068966,0.7472283813747228,0.20192844371305693
xalan-2.4,METRICS,BLSMOTE,SVM_RBF,4,0.7569444444444444,0.3142857142857143,0.5,0.38596491228070173,0.6918777943368107,0.2543817074186051
xalan-2.4,METRICS,BLSMOTE,SVM_RBF,5,0.7291666666666666,0.3111111111111111,0.6363636363636364,0.417910447761194,0.7321162444113263,0.2967100459626408
xalan-2.4,METRICS,BLSMOTE,GB,1,0.7931034482758621,0.34615384615384615,0.4090909090909091,0.375,0.7261640798226164,0.2533260922390668
xalan-2.4,METRICS,BLSMOTE,GB,2,0.8275862068965517,0.4482758620689655,0.5909090909090909,0.5098039215686274,0.8632668144863267,0.41330871585847595
xalan-2.4,METRICS,BLSMOTE,GB,3,0.7310344827586207,0.24242424242424243,0.36363636363636365,0.2909090909090909,0.7764227642276422,0.13723340911753107
xalan-2.4,METRICS,BLSMOTE,GB,4,0.8125,0.391304347826087,0.4090909090909091,0.4,0.7611773472429211,0.2890541655602008
xalan-2.4,METRICS,BLSMOTE,GB,5,0.75,0.26666666666666666,0.36363636363636365,0.3076923076923077,0.7451564828614009,0.16239056543051514
xalan-2.4,POST_TFIDF,NONE,LR,1,0.8482758620689655,0.0,0.0,0.0,0.7322616407982263,0.0
xalan-2.4,POST_TFIDF,NONE,LR,2,0.8482758620689655,0.0,0.0,0.0,0.8037694013303769,0.0
xalan-2.4,POST_TFIDF,NONE,LR,3,0.8482758620689655,0.0,0.0,0.0,0.8843311160384332,0.0
xalan-2.4,POST_TFIDF,NONE,LR,4,0.8472222222222222,0.0,0.0,0.0,0.6480998509687034,0.0
xalan-2.4,POST_TFIDF,NONE,LR,5,0.8472222222222222,0.0,0.0,0.0,0.748882265275708,0.0
xalan-2.4,POST_TFIDF,NONE,RF,1,0.8275862068965517,0.2,0.045454545454545456,0.07407407407407407,0.6681448632668145,0.025430513415278723
xalan-2.4,POST_TFIDF,NONE,RF,2,0.8551724137931035,0.5384615384615384,0.3181818181818182,0.4,0.8189209164818921,0.33830233117068276
xalan-2.4,POST_TFIDF,NONE,RF,3,0.8413793103448276,0.46153846153846156,0.2727272727272727,0.34285714285714286,0.8732446415373244,0.2710131157800805
xalan-2.4,POST_TFIDF,NONE,RF,4,0.8263888888888888,0.2,0.045454545454545456,0.07407407407407407,0.6333830104321908,0.024894032889758704
xalan-2.4,POST_TFIDF,NONE,RF,5,0.8263888888888888,0.2,0.045454545454545456,0.07407407407407407,0.7118107302533532,0.024894032889758704
xalan-2.4,POST_TFIDF,NONE,ET,1,0.8275862068965517,0.2,0.045454545454545456,0.07407407407407407,0.6812638580931265,0.025430513415278723
xalan-2.4,POST_TFIDF,NONE,ET,2,0.8758620689655172,0.6666666666666666,0.36363636363636365,0.47058823529411764,0.831670362158167,0.4311492848040108
xalan-2.4,POST_TFIDF,NONE,ET,3,0.8344827586206897,0.42857142857142855,0.2727272727272727,0.3333333333333333,0.8579083518107908,0.25227415128567865
xalan-2.4,POST_TFIDF,NONE,ET,4,0.8263888888888888,0.2,0.045454545454545456,0.07407407407407407,0.6222056631892698,0.024894032889758704
xalan-2.4,POST_TFIDF,NONE,ET,5,0.8333333333333334,0.25,0.045454545454545456,0.07692307692307693,0.7151639344262295,0.045677545380765835
xalan-2.4,POST_TFIDF,NONE,SVM_RBF,1,0.8482758620689655,0.0,0.0,0.0,0.6786770140428676,0.0
xalan-2.4,POST_TFIDF,NONE,SVM_RBF,2,0.8482758620689655,0.0,0.0,0.0,0.7712490761271249,0.0
xalan-2.4,POST_TFIDF,NONE,SVM_RBF,3,0.8482758620689655,0.0,0.0,0.0,0.7560975609756099,0.0
xalan-2.4,POST_TFIDF,NONE,SVM_RBF,4,0.8472222222222222,0.0,0.0,0.0,0.6551788375558867,0.0
xalan-2.4,POST_TFIDF,NONE,SVM_RBF,5,0.8472222222222222,0.0,0.0,0.0,0.5093144560357675,0.0
xalan-2.4,POST_TFIDF,NONE,GB,1,0.8482758620689655,0.5,0.18181818181818182,0.26666666666666666,0.6760901699926091,0.23459145663459544
xalan-2.4,POST_TFIDF,NONE,GB,2,0.8827586206896552,0.6470588235294118,0.5,0.5641025641025641,0.7823355506282336,0.5031787852098123
xalan-2.4,POST_TFIDF,NONE,GB,3,0.8206896551724138,0.3888888888888889,0.3181818181818182,0.35,0.8318551367331855,0.24887922163763013
xalan-2.4,POST_TFIDF,NONE,GB,4,0.8263888888888888,0.2857142857142857,0.09090909090909091,0.13793103448275862,0.5881147540983607,0.08352264497923344
xalan-2.4,POST_TFIDF,NONE,GB,5,0.8402777777777778,0.4444444444444444,0.18181818181818182,0.25806451612903225,0.6650521609538003,0.20932080926713992
xalan-2.4,POST_TFIDF,SMOTE,LR,1,0.7655172413793103,0.35,0.6363636363636364,0.45161290322580644,0.7307834441980783,0.3411216620433358
xalan-2.4,POST_TFIDF,SMOTE,LR,2,0.7586206896551724,0.35555555555555557,0.7272727272727273,0.47761194029850745,0.802660753880266,0.38113733060126753
xalan-2.4,POST_TFIDF,SMOTE,LR,3,0.7172413793103448,0.3442622950819672,0.9545454545454546,0.5060240963855421,0.8780487804878049,0.4573473755817431
xalan-2.4,POST_TFIDF,SMOTE,LR,4,0.7361111111111112,0.3,0.5454545454545454,0.3870967741935484,0.6544336810730254,0.2537803144670709
xalan-2.4,POST_TFIDF,SMOTE,LR,5,0.7152777777777778,0.2564102564102564,0.45454545454545453,0.32786885245901637,0.7108792846497765,0.17555159345874063
xalan-2.4,POST_TFIDF,SMOTE,RF,1,0.8413793103448276,0.47058823529411764,0.36363636363636365,0.41025641025641024,0.7200665188470068,0.3239136160318693
xalan-2.4,POST_TFIDF,SMOTE,RF,2,0.8482758620689655,0.5,0.5909090909090909,0.5416666666666666,0.8056171470805618,0.4537751147474689
xalan-2.4,POST_TFIDF,SMOTE,RF,3,0.8068965517241379,0.4117647058823529,0.6363636363636364,0.5,0.8344419807834442,0.40116513444484897
xalan-2.4,POST_TFIDF,SMOTE,RF,4,0.7777777777777778,0.3076923076923077,0.36363636363636365,0.3333333333333333,0.636177347242921,0.20211989324217133
xalan-2.4,POST_TFIDF,SMOTE,RF,5,0.8055555555555556,0.3333333333333333,0.2727272727272727,0.3,0.7364008941877794,0.18968503638820156
xalan-2.4,POST_TFIDF,SMOTE,ET,1,0.8344827586206897,0.4166666666666667,0.22727272727272727,0.29411764705882354,0.7193274205469327,0.22183015657884933
xalan-2.4,POST_TFIDF,SMOTE,ET,2,0.8413793103448276,0.48,0.5454545454545454,0.5106382978723404,0.8146711012564671,0.4176595708498058
xalan-2.4,POST_TFIDF,SMOTE,ET,3,0.8275862068965517,0.4482758620689655,0.5909090909090909,0.5098039215686274,0.8240946045824095,0.41330871585847595
xalan-2.4,POST_TFIDF,SMOTE,ET,4,0.8333333333333334,0.4444444444444444,0.36363636363636365,0.4,0.6438152011922504,0.30641428955017175
xalan-2.4,POST_TFIDF,SMOTE,ET,5,0.8194444444444444,0.35714285714285715,0.22727272727272727,0.2777777777777778,0.7449701937406855,0.18641045490979674
xalan-2.4,POST_TFIDF,SMOTE,SVM_RBF,1,0.7793103448275862,0.3611111111111111,0.5909090909090909,0.4482758620689655,0.7607169253510717,0.3354221716996523
xalan-2.4,POST_TFIDF,SMOTE,SVM_RBF,2,0.7862068965517242,0.3902439024390244,0.7272727272727273,0.5079365079365079,0.7838137472283814,0.4174492995804326
xalan-2.4,POST_TFIDF,SMOTE,SVM_RBF,3,0.7379310344827587,0.35185185185185186,0.8636363636363636,0.5,0.8628972653362897,0.42972193659507785
xalan-2.4,POST_TFIDF,SMOTE,SVM_RBF,4,0.75,0.28125,0.4090909090909091,0.3333333333333333,0.6857302533532041,0.19087385747036273
xalan-2.4,POST_TFIDF,SMOTE,SVM_RBF,5,0.7638888888888888,0.2857142857142857,0.36363636363636365,0.32,0.7261549925484352,0.1815371544314341
xalan-2.4,POST_TFIDF,SMOTE,GB,1,0.8206896551724138,0.4,0.36363636363636365,0.38095238095238093,0.6605691056910569,0.27682072131916524
xalan-2.4,POST_TFIDF,SMOTE,GB,2,0.8137931034482758,0.42424242424242425,0.6363636363636364,0.509090909090909,0.7564671101256467,0.4123326393761763
xalan-2.4,POST_TFIDF,SMOTE,GB,3,0.7586206896551724,0.3333333333333333,0.5909090909090909,0.4262295081967213,0.7609016999260901,0.30705863241728876
xalan-2.4,POST_TFIDF,SMOTE,GB,4,0.7638888888888888,0.2857142857142857,0.36363636363636365,0.32,0.5747019374068555,0.1815371544314341
xalan-2.4,POST_TFIDF,SMOTE,GB,5,0.7777777777777778,0.2727272727272727,0.2727272727272727,0.2727272727272727,0.6415797317436661,0.14157973174366617
xalan-2.4,POST_TFIDF,BLSMOTE,LR,1,0.7379310344827587,0.30952380952380953,0.5909090909090909,0.40625,0.7126755358462676,0.2808770363019973
xalan-2.4,POST_TFIDF,BLSMOTE,LR,2,0.7517241379310344,0.34782608695652173,0.7272727272727273,0.47058823529411764,0.8237250554323725,0.37260384717245926
xalan-2.4,POST_TFIDF,BLSMOTE,LR,3,0.7379310344827587,0.3620689655172414,0.9545454545454546,0.525,0.8817442719881744,0.4787296361704779
xalan-2.4,POST_TFIDF,BLSMOTE,LR,4,0.7013888888888888,0.2765957446808511,0.5909090909090909,0.37681159420289856,0.6570417287630403,0.23956202019774364
xalan-2.4,POST_TFIDF,BLSMOTE,LR,5,0.7083333333333334,0.23684210526315788,0.4090909090909091,0.3,0.7157228017883756,0.13990133057128068
xalan-2.4,POST_TFIDF,BLSMOTE,RF,1,0.8413793103448276,0.4666666666666667,0.3181818181818182,0.3783783783783784,0.704360679970436,0.29820118826062086
xalan-2.4,POST_TFIDF,BLSMOTE,RF,2,0.8344827586206897,0.4666666666666667,0.6363636363636364,0.5384615384615384,0.8298226164079823,0.4483809197431017
xalan-2.4,POST_TFIDF,BLSMOTE,RF,3,0.7655172413793103,0.3235294117647059,0.5,0.39285714285714285,0.8215077605321508,0.2650443594967138
xalan-2.4,POST_TFIDF,BLSMOTE,RF,4,0.7847222222222222,0.30434782608695654,0.3181818181818182,0.3111111111111111,0.6514530551415798,0.18367745710281114
xalan-2.4,POST_TFIDF,BLSMOTE,RF,5,0.7916666666666666,0.25,0.18181818181818182,0.21052631578947367,0.7151639344262295,0.09554144082570747
xalan-2.4,POST_TFIDF,BLSMOTE,ET,1,0.8620689655172413,0.5833333333333334,0.3181818181818182,0.4117647058823529,0.7102734663710273,0.36137624206229035
xalan-2.4,POST_TFIDF,BLSMOTE,ET,2,0.8620689655172413,0.5416666666666666,0.5909090909090909,0.5652173913043478,0.831670362158167,0.48408056354943263
xalan-2.4,POST_TFIDF,BLSMOTE,ET,3,0.8137931034482758,0.4074074074074074,0.5,0.4489795918367347,0.820029563932003,0.34091593047687346
xalan-2.4,POST_TFIDF,BLSMOTE,ET,4,0.8055555555555556,0.35,0.3181818181818182,0.3333333333333333,0.6445603576751118,0.2201563617392178
xalan-2.4,POST_TFIDF,BLSMOTE,ET,5,0.8055555555555556,0.2857142857142857,0.18181818181818182,0.2222222222222222,0.7369597615499255,0.12125728620346002
xalan-2.4,POST_TFIDF,BLSMOTE,SVM_RBF,1,0.7655172413793103,0.34210526315789475,0.5909090909090909,0.43333333333333335,0.7444567627494456,0.3162480853894575
xalan-2.4,POST_TFIDF,BLSMOTE,SVM_RBF,2,0.7793103448275862,0.38095238095238093,0.7272727272727273,0.5,0.8074648928307465,0.40801700590800016
xalan-2.4,POST_TFIDF,BLSMOTE,SVM_RBF,3,0.7034482758620689,0.3220338983050847,0.8636363636363636,0.4691358024691358,0.8558758314855877,0.3932062607608597
xalan-2.4,POST_TFIDF,BLSMOTE,SVM_RBF,4,0.75,0.3157894736842105,0.5454545454545454,0.4,0.7222429210134128,0.27128692797735293
xalan-2.4,POST_TFIDF,BLSMOTE,SVM_RBF,5,0.7847222222222222,0.30434782608695654,0.3181818181818182,0.3111111111111111,0.7272727272727272,0.18367745710281114
xalan-2.4,POST_TFIDF,BLSMOTE,GB,1,0.8068965517241379,0.35,0.3181818181818182,0.3333333333333333,0.6461566888396156,0.22107210383127782
xalan-2.4,POST_TFIDF,BLSMOTE,GB,2,0.8275862068965517,0.4482758620689655,0.5909090909090909,0.5098039215686274,0.7697708795269772,0.41330871585847595
xalan-2.4,POST_TFIDF,BLSMOTE,GB,3,0.7586206896551724,0.3333333333333333,0.5909090909090909,0.4262295081967213,0.7871396895787139,0.30705863241728876
xalan-2.4,POST_TFIDF,BLSMOTE,GB,4,0.7916666666666666,0.35714285714285715,0.45454545454545453,0.4,0.5985469448584203,0.2790795060662345
xalan-2.4,POST_TFIDF,BLSMOTE,GB,5,0.7638888888888888,0.2,0.18181818181818182,0.19047619047619047,0.6304023845007453,0.05271349506431976
xalan-2.4,RISK_FEATURES,NONE,LR,1,0.8482758620689655,0.0,0.0,0.0,0.7102734663710274,0.0
xalan-2.4,RISK_FEATURES,NONE,LR,2,0.8482758620689655,0.0,0.0,0.0,0.7790096082779009,0.0
xalan-2.4,RISK_FEATURES,NONE,LR,3,0.8482758620689655,0.0,0.0,0.0,0.8422025129342202,0.0
xalan-2.4,RISK_FEATURES,NONE,LR,4,0.8472222222222222,0.0,0.0,0.0,0.6849850968703427,0.0
xalan-2.4,RISK_FEATURES,NONE,LR,5,0.8472222222222222,0.0,0.0,0.0,0.7110655737704918,0.0
xalan-2.4,RISK_FEATURES,NONE,RF,1,0.8482758620689655,0.0,0.0,0.0,0.6666666666666666,0.0
xalan-2.4,RISK_FEATURES,NONE,RF,2,0.8482758620689655,0.0,0.0,0.0,0.7535107169253511,0.0
xalan-2.4,RISK_FEATURES,NONE,RF,3,0.8482758620689655,0.0,0.0,0.0,0.8048780487804877,0.0
xalan-2.4,RISK_FEATURES,NONE,RF,4,0.8472222222222222,0.0,0.0,0.0,0.6821907600596127,0.0
xalan-2.4,RISK_FEATURES,NONE,RF,5,0.8472222222222222,0.0,0.0,0.0,0.6812593144560358,0.0
xalan-2.4,RISK_FEATURES,NONE,ET,1,0.8482758620689655,0.0,0.0,0.0,0.6685144124168515,0.0
xalan-2.4,RISK_FEATURES,NONE,ET,2,0.8482758620689655,0.0,0.0,0.0,0.7575757575757576,0.0
xalan-2.4,RISK_FEATURES,NONE,ET,3,0.8482758620689655,0.0,0.0,0.0,0.8050628233555063,0.0
xalan-2.4,RISK_FEATURES,NONE,ET,4,0.8472222222222222,0.0,0.0,0.0,0.6840536512667661,0.0
xalan-2.4,RISK_FEATURES,NONE,ET,5,0.8472222222222222,0.0,0.0,0.0,0.6823770491803278,0.0
xalan-2.4,RISK_FEATURES,NONE,SVM_RBF,1,0.8482758620689655,0.0,0.0,0.0,0.43902439024390244,0.0
xalan-2.4,RISK_FEATURES,NONE,SVM_RBF,2,0.8482758620689655,0.0,0.0,0.0,0.7509238728750924,0.0
xalan-2.4,RISK_FEATURES,NONE,SVM_RBF,3,0.8482758620689655,0.0,0.0,0.0,0.647450110864745,0.0
xalan-2.4,RISK_FEATURES,NONE,SVM_RBF,4,0.8472222222222222,0.0,0.0,0.0,0.5817809239940388,0.0
xalan-2.4,RISK_FEATURES,NONE,SVM_RBF,5,0.8472222222222222,0.0,0.0,0.0,0.42269001490312963,0.0
xalan-2.4,RISK_FEATURES,NONE,GB,1,0.8482758620689655,0.0,0.0,0.0,0.6736881005173688,0.0
xalan-2.4,RISK_FEATURES,NONE,GB,2,0.8482758620689655,0.0,0.0,0.0,0.7557280118255728,0.0
xalan-2.4,RISK_FEATURES,NONE,GB,3,0.8482758620689655,0.0,0.0,0.0,0.8048780487804877,0.0
xalan-2.4,RISK_FEATURES,NONE,GB,4,0.8472222222222222,0.0,0.0,0.0,0.6954172876304023,0.0
xalan-2.4,RISK_FEATURES,NONE,GB,5,0.8472222222222222,0.0,0.0,0.0,0.6980253353204174,0.0
xalan-2.4,RISK_FEATURES,SMOTE,LR,1,0.7586206896551724,0.32432432432432434,0.5454545454545454,0.4067796610169492,0.7014042867701404,0.28160110249286524
xalan-2.4,RISK_FEATURES,SMOTE,LR,2,0.7517241379310344,0.3409090909090909,0.6818181818181818,0.45454545454545453,0.7660753880266075,0.3480617895998212
xalan-2.4,RISK_FEATURES,SMOTE,LR,3,0.7379310344827587,0.35185185185185186,0.8636363636363636,0.5,0.8451589061345159,0.42972193659507785
xalan-2.4,RISK_FEATURES,SMOTE,LR,4,0.7291666666666666,0.2926829268292683,0.5454545454545454,0.38095238095238093,0.6894560357675111,0.24534558704073509
xalan-2.4,RISK_FEATURES,SMOTE,LR,5,0.6527777777777778,0.27419354838709675,0.7727272727272727,0.40476190476190477,0.7147913561847988,0.29345077141560305
xalan-2.4,RISK_FEATURES,SMOTE,RF,1,0.7379310344827587,0.3,0.5454545454545454,0.3870967741935484,0.6747967479674797,0.2550996777019729
xalan-2.4,RISK_FEATURES,SMOTE,RF,2,0.7862068965517242,0.38461538461538464,0.6818181818181818,0.4918032786885246,0.7409460458240946,0.39376457535887954
xalan-2.4,RISK_FEATURES,SMOTE,RF,3,0.7379310344827587,0.35185185185185186,0.8636363636363636,0.5,0.7875092387287509,0.42972193659507785
xalan-2.4,RISK_FEATURES,SMOTE,RF,4,0.75,0.3157894736842105,0.5454545454545454,0.4,0.6967213114754098,0.27128692797735293
xalan-2.4,RISK_FEATURES,SMOTE,RF,5,0.7291666666666666,0.3111111111111111,0.6363636363636364,0.417910447761194,0.6603949329359166,0.2967100459626408
xalan-2.4,RISK_FEATURES,SMOTE,ET,1,0.7655172413793103,0.3333333333333333,0.5454545454545454,0.41379310344827586,0.6818181818181819,0.2909242623707872
xalan-2.4,RISK_FEATURES,SMOTE,ET,2,0.7862068965517242,0.38461538461538464,0.6818181818181818,0.4918032786885246,0.742239467849224,0.39376457535887954
xalan-2.4,RISK_FEATURES,SMOTE,ET,3,0.7379310344827587,0.35185185185185186,0.8636363636363636,0.5,0.7876940133037694,0.42972193659507785
xalan-2.4,RISK_FEATURES,SMOTE,ET,4,0.75,0.3157894736842105,0.5454545454545454,0.4,0.6978390461997019,0.27128692797735293
xalan-2.4,RISK_FEATURES,SMOTE,ET,5,0.7291666666666666,0.3023255813953488,0.5909090909090909,0.4,0.6603949329359166,0.27122193886522605
xalan-2.4,RISK_FEATURES,SMOTE,SVM_RBF,1,0.7379310344827587,0.3,0.5454545454545454,0.3870967741935484,0.6814486326681449,0.2550996777019729
xalan-2.4,RISK_FEATURES,SMOTE,SVM_RBF,2,0.7655172413793103,0.35714285714285715,0.6818181818181818,0.46875,0.6914264597191427,0.3656370160393325
xalan-2.4,RISK_FEATURES,SMOTE,SVM_RBF,3,0.7379310344827587,0.35185185185185186,0.8636363636363636,0.5,0.8093126385809313,0.42972193659507785
xalan-2.4,RISK_FEATURES,SMOTE,SVM_RBF,4,0.7430555555555556,0.3076923076923077,0.5454545454545454,0.39344262295081966,0.6998882265275708,0.2624224850671896
xalan-2.4,RISK_FEATURES,SMOTE,SVM_RBF,5,0.6666666666666666,0.25925925925925924,0.6363636363636364,0.3684210526315789,0.7099478390461998,0.22925612443543894
xalan-2.4,RISK_FEATURES,SMOTE,GB,1,0.7655172413793103,0.3333333333333333,0.5454545454545454,0.41379310344827586,0.681079083518108,0.2909242623707872
xalan-2.4,RISK_FEATURES,SMOTE,GB,2,0.7862068965517242,0.38461538461538464,0.6818181818181818,0.4918032786885246,0.7387287509238729,0.39376457535887954
xalan-2.4,RISK_FEATURES,SMOTE,GB,3,0.7379310344827587,0.35185185185185186,0.8636363636363636,0.5,0.7864005912786401,0.42972193659507785
xalan-2.4,RISK_FEATURES,SMOTE,GB,4,0.75,0.3157894736842105,0.5454545454545454,0.4,0.7047317436661699,0.27128692797735293
xalan-2.4,RISK_FEATURES,SMOTE,GB,5,0.7291666666666666,0.3023255813953488,0.5909090909090909,0.4,0.6764157973174365,0.27122193886522605
xalan-2.4,RISK_FEATURES,BLSMOTE,LR,1,0.7586206896551724,0.32432432432432434,0.5454545454545454,0.4067796610169492,0.7198817442719881,0.28160110249286524
xalan-2.4,RISK_FEATURES,BLSMOTE,LR,2,0.7655172413793103,0.35714285714285715,0.6818181818181818,0.46875,0.7771618625277161,0.3656370160393325
xalan-2.4,RISK_FEATURES,BLSMOTE,LR,3,0.7379310344827587,0.35185185185185186,0.8636363636363636,0.5,0.8133776792313379,0.42972193659507785
xalan-2.4,RISK_FEATURES,BLSMOTE,LR,4,0.7013888888888888,0.26666666666666666,0.5454545454545454,0.3582089552238806,0.6935543964232488,0.21342301551698722
xalan-2.4,RISK_FEATURES,BLSMOTE,LR,5,0.7222222222222222,0.30434782608695654,0.6363636363636364,0.4117647058823529,0.7039865871833085,0.2886360040187032
xalan-2.4,RISK_FEATURES,BLSMOTE,RF,1,0.7517241379310344,0.3157894736842105,0.5454545454545454,0.4,0.681079083518108,0.27253409837184894
xalan-2.4,RISK_FEATURES,BLSMOTE,RF,2,0.7862068965517242,0.38461538461538464,0.6818181818181818,0.4918032786885246,0.7468588322246859,0.39376457535887954
xalan-2.4,RISK_FEATURES,BLSMOTE,RF,3,0.696551724137931,0.2962962962962963,0.7272727272727273,0.42105263157894735,0.7633037694013304,0.3104309076104838
xalan-2.4,RISK_FEATURES,BLSMOTE,RF,4,0.75,0.3157894736842105,0.5454545454545454,0.4,0.6877794336810732,0.27128692797735293
xalan-2.4,RISK_FEATURES,BLSMOTE,RF,5,0.7291666666666666,0.3023255813953488,0.5909090909090909,0.4,0.685730253353204,0.27122193886522605
xalan-2.4,RISK_FEATURES,BLSMOTE,ET,1,0.7655172413793103,0.3333333333333333,0.5454545454545454,0.41379310344827586,0.6895787139689579,0.2909242623707872
xalan-2.4,RISK_FEATURES,BLSMOTE,ET,2,0.7862068965517242,0.38461538461538464,0.6818181818181818,0.4918032786885246,0.7511086474501109,0.39376457535887954
xalan-2.4,RISK_FEATURES,BLSMOTE,ET,3,0.696551724137931,0.2962962962962963,0.7272727272727273,0.42105263157894735,0.7633037694013304,0.3104309076104838
xalan-2.4,RISK_FEATURES,BLSMOTE,ET,4,0.75,0.3157894736842105,0.5454545454545454,0.4,0.6885245901639345,0.27128692797735293
xalan-2.4,RISK_FEATURES,BLSMOTE,ET,5,0.7291666666666666,0.3023255813953488,0.5909090909090909,0.4,0.6810730253353204,0.27122193886522605
xalan-2.4,RISK_FEATURES,BLSMOTE,SVM_RBF,1,0.7517241379310344,0.3157894736842105,0.5454545454545454,0.4,0.6836659275683665,0.27253409837184894
xalan-2.4,RISK_FEATURES,BLSMOTE,SVM_RBF,2,0.7862068965517242,0.38461538461538464,0.6818181818181818,0.4918032786885246,0.6906873614190687,0.39376457535887954
xalan-2.4,RISK_FEATURES,BLSMOTE,SVM_RBF,3,0.696551724137931,0.2962962962962963,0.7272727272727273,0.42105263157894735,0.7091648189209164,0.3104309076104838
xalan-2.4,RISK_FEATURES,BLSMOTE,SVM_RBF,4,0.7430555555555556,0.3076923076923077,0.5454545454545454,0.39344262295081966,0.6592771982116246,0.2624224850671896
xalan-2.4,RISK_FEATURES,BLSMOTE,SVM_RBF,5,0.7083333333333334,0.2826086956521739,0.5909090909090909,0.38235294117647056,0.6879657228017885,0.247238011410443
xalan-2.4,RISK_FEATURES,BLSMOTE,GB,1,0.7655172413793103,0.3333333333333333,0.5454545454545454,0.41379310344827586,0.6855136733185513,0.2909242623707872
xalan-2.4,RISK_FEATURES,BLSMOTE,GB,2,0.7862068965517242,0.38461538461538464,0.6818181818181818,0.4918032786885246,0.7590539541759054,0.39376457535887954
xalan-2.4,RISK_FEATURES,BLSMOTE,GB,3,0.696551724137931,0.2962962962962963,0.7272727272727273,0.42105263157894735,0.7734663710273467,0.3104309076104838
xalan-2.4,RISK_FEATURES,BLSMOTE,GB,4,0.75,0.3157894736842105,0.5454545454545454,0.4,0.6864754098360656,0.27128692797735293
xalan-2.4,RISK_FEATURES,BLSMOTE,GB,5,0.7291666666666666,0.3023255813953488,0.5909090909090909,0.4,0.6820044709388973,0.27122193886522605
xalan-2.4,METRICS_RISK,NONE,LR,1,0.8551724137931035,0.6666666666666666,0.09090909090909091,0.16,0.7915742793791574,0.20863123200454187
xalan-2.4,METRICS_RISK,NONE,LR,2,0.8620689655172413,0.5714285714285714,0.36363636363636365,0.4444444444444444,0.8503325942350333,0.3824512044402103
xalan-2.4,METRICS_RISK,NONE,LR,3,0.903448275862069,0.7857142857142857,0.5,0.6111111111111112,0.8318551367331855,0.5777167841720079
xalan-2.4,METRICS_RISK,NONE,LR,4,0.8194444444444444,0.3,0.13636363636363635,0.1875,0.7153502235469449,0.11178723288001718
xalan-2.4,METRICS_RISK,NONE,LR,5,0.8333333333333334,0.25,0.045454545454545456,0.07692307692307693,0.719076005961252,0.045677545380765835
xalan-2.4,METRICS_RISK,NONE,RF,1,0.8551724137931035,0.6666666666666666,0.09090909090909091,0.16,0.7998891352549888,0.20863123200454187
xalan-2.4,METRICS_RISK,NONE,RF,2,0.8689655172413793,0.6153846153846154,0.36363636363636365,0.45714285714285713,0.8390613451589062,0.40559154656128493
xalan-2.4,METRICS_RISK,NONE,RF,3,0.8758620689655172,0.6428571428571429,0.4090909090909091,0.5,0.8621581670362158,0.4475397310174762
xalan-2.4,METRICS_RISK,NONE,RF,4,0.8541666666666666,0.6,0.13636363636363635,0.2222222222222222,0.7323025335320418,0.23576113501477358
xalan-2.4,METRICS_RISK,NONE,RF,5,0.8402777777777778,0.4,0.09090909090909091,0.14814814814814814,0.8176229508196722,0.13032758395226615
xalan-2.4,METRICS_RISK,NONE,ET,1,0.8344827586206897,0.25,0.045454545454545456,0.07692307692307693,0.7793791574279378,0.04613934315363683
xalan-2.4,METRICS_RISK,NONE,ET,2,0.8620689655172413,0.6,0.2727272727272727,0.375,0.8357354028085736,0.34008116230689694
xalan-2.4,METRICS_RISK,NONE,ET,3,0.8689655172413793,0.6153846153846154,0.36363636363636365,0.45714285714285713,0.8765705838876571,0.40559154656128493
xalan-2.4,METRICS_RISK,NONE,ET,4,0.8402777777777778,0.42857142857142855,0.13636363636363635,0.20689655172413793,0.7105067064083457,0.17327832316587236
xalan-2.4,METRICS_RISK,NONE,ET,5,0.8194444444444444,0.25,0.09090909090909091,0.13333333333333333,0.7919150521609538,0.06554088769634224
xalan-2.4,METRICS_RISK,NONE,SVM_RBF,1,0.8482758620689655,0.0,0.0,0.0,0.7745750184774576,0.0
xalan-2.4,METRICS_RISK,NONE,SVM_RBF,2,0.8275862068965517,0.0,0.0,0.0,0.8167036215816703,-0.06147170228705252
xalan-2.4,METRICS_RISK,NONE,SVM_RBF,3,0.8413793103448276,0.0,0.0,0.0,0.7716186252771619,-0.035243378871652985
xalan-2.4,METRICS_RISK,NONE,SVM_RBF,4,0.8333333333333334,0.0,0.0,0.0,0.6061847988077496,-0.05039671753960796
xalan-2.4,METRICS_RISK,NONE,SVM_RBF,5,0.8402777777777778,0.3333333333333333,0.045454545454545456,0.08,0.6274217585692996,0.07320372203174602
xalan-2.4,METRICS_RISK,NONE,GB,1,0.8413793103448276,0.42857142857142855,0.13636363636363635,0.20689655172413793,0.7893569844789358,0.17380163616315483
xalan-2.4,METRICS_RISK,NONE,GB,2,0.8896551724137931,0.7142857142857143,0.45454545454545453,0.5555555555555556,0.8577235772357724,0.512628257594742
xalan-2.4,METRICS_RISK,NONE,GB,3,0.8344827586206897,0.42857142857142855,0.2727272727272727,0.3333333333333333,0.8451589061345159,0.25227415128567865
xalan-2.4,METRICS_RISK,NONE,GB,4,0.8333333333333334,0.4,0.18181818181818182,0.25,0.7548435171385992,0.18771818351550054
xalan-2.4,METRICS_RISK,NONE,GB,5,0.8472222222222222,0.5,0.22727272727272727,0.3125,0.7775707898658718,0.2636491341509839
xalan-2.4,METRICS_RISK,SMOTE,LR,1,0.7793103448275862,0.38095238095238093,0.7272727272727273,0.5,0.8008130081300813,0.40801700590800016
xalan-2.4,METRICS_RISK,SMOTE,LR,2,0.7862068965517242,0.3902439024390244,0.7272727272727273,0.5079365079365079,0.8170731707317074,0.4174492995804326
xalan-2.4,METRICS_RISK,SMOTE,LR,3,0.7034482758620689,0.2857142857142857,0.6363636363636364,0.39436619718309857,0.803769401330377,0.266832911963873
xalan-2.4,METRICS_RISK,SMOTE,LR,4,0.7291666666666666,0.2702702702702703,0.45454545454545453,0.3389830508474576,0.7056631892697467,0.19203939388827307
xalan-2.4,METRICS_RISK,SMOTE,LR,5,0.7152777777777778,0.28888888888888886,0.5909090909090909,0.3880597014925373,0.7157228017883756,0.255066530739814
xalan-2.4,METRICS_RISK,SMOTE,RF,1,0.8275862068965517,0.38461538461538464,0.22727272727272727,0.2857142857142857,0.7838137472283813,0.20372390038947835
xalan-2.4,METRICS_RISK,SMOTE,RF,2,0.8482758620689655,0.5,0.5909090909090909,0.5416666666666666,0.8337028824833702,0.4537751147474689
xalan-2.4,METRICS_RISK,SMOTE,RF,3,0.7931034482758621,0.35714285714285715,0.45454545454545453,0.4,0.8362897265336289,0.28011102837675955
xalan-2.4,METRICS_RISK,SMOTE,RF,4,0.8194444444444444,0.4166666666666667,0.45454545454545453,0.43478260869565216,0.7894932935916543,0.3280252979957282
xalan-2.4,METRICS_RISK,SMOTE,RF,5,0.7986111111111112,0.29411764705882354,0.22727272727272727,0.2564102564102564,0.7682563338301043,0.1437336723733563
xalan-2.4,METRICS_RISK,SMOTE,ET,1,0.8137931034482758,0.3076923076923077,0.18181818181818182,0.22857142857142856,0.7788248337028825,0.13643468499887618
xalan-2.4,METRICS_RISK,SMOTE,ET,2,0.8689655172413793,0.5789473684210527,0.5,0.5365853658536586,0.8580931263858094,0.46243478371129143
xalan-2.4,METRICS_RISK,SMOTE,ET,3,0.8275862068965517,0.42857142857142855,0.4090909090909091,0.4186046511627907,0.8654841093865484,0.31757271983393587
xalan-2.4,METRICS_RISK,SMOTE,ET,4,0.7986111111111112,0.3157894736842105,0.2727272727272727,0.2926829268292683,0.7371460506706409,0.17664924922441405
xalan-2.4,METRICS_RISK,SMOTE,ET,5,0.8194444444444444,0.3888888888888889,0.3181818181818182,0.35,0.8068181818181819,0.24804966296918665
xalan-2.4,METRICS_RISK,SMOTE,SVM_RBF,1,0.8,0.37037037037037035,0.45454545454545453,0.40816326530612246,0.8078344419807835,0.2915325039842194
xalan-2.4,METRICS_RISK,SMOTE,SVM_RBF,2,0.8,0.3870967741935484,0.5454545454545454,0.4528301886792453,0.8192904656319291,0.342127905760142
xalan-2.4,METRICS_RISK,SMOTE,SVM_RBF,3,0.7379310344827587,0.25,0.36363636363636365,0.2962962962962963,0.6134515890613452,0.14577623709080695
xalan-2.4,METRICS_RISK,SMOTE,SVM_RBF,4,0.7430555555555556,0.3076923076923077,0.5454545454545454,0.39344262295081966,0.7106929955290611,0.2624224850671896
xalan-2.4,METRICS_RISK,SMOTE,SVM_RBF,5,0.7708333333333334,0.3333333333333333,0.5,0.4,0.7220566318926974,0.27363873418317436
xalan-2.4,METRICS_RISK,SMOTE,GB,1,0.8206896551724138,0.4090909090909091,0.4090909090909091,0.4090909090909091,0.7644124168514412,0.30339985218034
xalan-2.4,METRICS_RISK,SMOTE,GB,2,0.7931034482758621,0.3333333333333333,0.36363636363636365,0.34782608695652173,0.8414634146341463,0.22545240689995685
xalan-2.4,METRICS_RISK,SMOTE,GB,3,0.7724137931034483,0.3333333333333333,0.5,0.4,0.804138950480414,0.2747830242468537
xalan-2.4,METRICS_RISK,SMOTE,GB,4,0.7847222222222222,0.3333333333333333,0.4090909090909091,0.3673469387755102,0.7701192250372578,0.2410854737705888
xalan-2.4,METRICS_RISK,SMOTE,GB,5,0.7708333333333334,0.3103448275862069,0.4090909090909091,0.35294117647058826,0.6974664679582713,0.2199311366414686
xalan-2.4,METRICS_RISK,BLSMOTE,LR,1,0.7724137931034483,0.37209302325581395,0.7272727272727273,0.49230769230769234,0.8004434589800444,0.39883064689271147
xalan-2.4,METRICS_RISK,BLSMOTE,LR,2,0.7931034482758621,0.4,0.7272727272727273,0.5161290322580645,0.8300073909830008,0.4271436463846988
xalan-2.4,METRICS_RISK,BLSMOTE,LR,3,0.7241379310344828,0.30434782608695654,0.6363636363636364,0.4117647058823529,0.811529933481153,0.28999290246296905
xalan-2.4,METRICS_RISK,BLSMOTE,LR,4,0.7361111111111112,0.2647058823529412,0.4090909090909091,0.32142857142857145,0.7201937406855439,0.1729631163848916
xalan-2.4,METRICS_RISK,BLSMOTE,LR,5,0.7291666666666666,0.2926829268292683,0.5454545454545454,0.38095238095238093,0.7250372578241431,0.24534558704073509
xalan-2.4,METRICS_RISK,BLSMOTE,RF,1,0.8344827586206897,0.4375,0.3181818181818182,0.3684210526315789,0.769770879526977,0.2805399955703803
xalan-2.4,METRICS_RISK,BLSMOTE,RF,2,0.8413793103448276,0.4827586206896552,0.6363636363636364,0.5490196078431373,0.8460827790096082,0.4613678688652755
xalan-2.4,METRICS_RISK,BLSMOTE,RF,3,0.8137931034482758,0.4,0.45454545454545453,0.425531914893617,0.8377679231337768,0.315876986356996
xalan-2.4,METRICS_RISK,BLSMOTE,RF,4,0.8125,0.4,0.45454545454545453,0.425531914893617,0.7554023845007451,0.31495990142924857
xalan-2.4,METRICS_RISK,BLSMOTE,RF,5,0.8055555555555556,0.2857142857142857,0.18181818181818182,0.2222222222222222,0.7406855439642325,0.12125728620346002
xalan-2.4,METRICS_RISK,BLSMOTE,ET,1,0.8068965517241379,0.3125,0.22727272727272727,0.2631578947368421,0.7618255728011826,0.1578301935863527
xalan-2.4,METRICS_RISK,BLSMOTE,ET,2,0.8758620689655172,0.6111111111111112,0.5,0.55,0.8628972653362897,0.4820778461123078
xalan-2.4,METRICS_RISK,BLSMOTE,ET,3,0.8137931034482758,0.38095238095238093,0.36363636363636365,0.37209302325581395,0.8470066518847007,0.26294870515312835
xalan-2.4,METRICS_RISK,BLSMOTE,ET,4,0.7916666666666666,0.2777777777777778,0.22727272727272727,0.25,0.7276453055141578,0.13132040980721646
xalan-2.4,METRICS_RISK,BLSMOTE,ET,5,0.8125,0.35294117647058826,0.2727272727272727,0.3076923076923077,0.7907973174366617,0.2035534666559092
xalan-2.4,METRICS_RISK,BLSMOTE,SVM_RBF,1,0.8137931034482758,0.4074074074074074,0.5,0.4489795918367347,0.8000739098300074,0.34091593047687346
xalan-2.4,METRICS_RISK,BLSMOTE,SVM_RBF,2,0.8068965517241379,0.4,0.5454545454545454,0.46153846153846156,0.8388765705838876,0.35346817030843053
xalan-2.4,METRICS_RISK,BLSMOTE,SVM_RBF,3,0.7586206896551724,0.27586206896551724,0.36363636363636365,0.3137254901960784,0.6703621581670363,0.1730129508244783
xalan-2.4,METRICS_RISK,BLSMOTE,SVM_RBF,4,0.7708333333333334,0.3333333333333333,0.5,0.4,0.6982116244411326,0.27363873418317436
xalan-2.4,METRICS_RISK,BLSMOTE,SVM_RBF,5,0.75,0.26666666666666666,0.36363636363636365,0.3076923076923077,0.7235469448584202,0.16239056543051514
xalan-2.4,METRICS_RISK,BLSMOTE,GB,1,0.8,0.34782608695652173,0.36363636363636365,0.35555555555555557,0.7616407982261642,0.23733949767179174
xalan-2.4,METRICS_RISK,BLSMOTE,GB,2,0.8620689655172413,0.5384615384615384,0.6363636363636364,0.5833333333333334,0.8662232076866223,0.5038873703745694
xalan-2.4,METRICS_RISK,BLSMOTE,GB,3,0.7655172413793103,0.3125,0.45454545454545453,0.37037037037037035,0.8022912047302291,0.23848480892487278
xalan-2.4,METRICS_RISK,BLSMOTE,GB,4,0.7708333333333334,0.3103448275862069,0.4090909090909091,0.35294117647058826,0.75801043219076,0.2199311366414686
xalan-2.4,METRICS_RISK,BLSMOTE,GB,5,0.7569444444444444,0.21739130434782608,0.22727272727272727,0.2222222222222222,0.6985842026825633,0.07830074864542148
xalan-2.4,METRICS_POST_TFIDF_RISK,NONE,LR,1,0.8551724137931035,0.6666666666666666,0.09090909090909091,0.16,0.7915742793791574,0.20863123200454187
xalan-2.4,METRICS_POST_TFIDF_RISK,NONE,LR,2,0.8551724137931035,0.5384615384615384,0.3181818181818182,0.4,0.8477457501847745,0.33830233117068276
xalan-2.4,METRICS_POST_TFIDF_RISK,NONE,LR,3,0.903448275862069,0.7857142857142857,0.5,0.6111111111111112,0.8396156688839616,0.5777167841720079
xalan-2.4,METRICS_POST_TFIDF_RISK,NONE,LR,4,0.8125,0.2727272727272727,0.13636363636363635,0.18181818181818182,0.7175856929955291,0.09588268391249818
xalan-2.4,METRICS_POST_TFIDF_RISK,NONE,LR,5,0.8333333333333334,0.25,0.045454545454545456,0.07692307692307693,0.710134128166915,0.045677545380765835
xalan-2.4,METRICS_POST_TFIDF_RISK,NONE,RF,1,0.8413793103448276,0.3333333333333333,0.045454545454545456,0.08,0.7610864745011086,0.07357976485874468
xalan-2.4,METRICS_POST_TFIDF_RISK,NONE,RF,2,0.8758620689655172,0.625,0.45454545454545453,0.5263157894736842,0.8516260162601625,0.4646046985464216
xalan-2.4,METRICS_POST_TFIDF_RISK,NONE,RF,3,0.8482758620689655,0.5,0.36363636363636365,0.42105263157894735,0.8706577974870657,0.341894896562394
xalan-2.4,METRICS_POST_TFIDF_RISK,NONE,RF,4,0.8263888888888888,0.0,0.0,0.0,0.7187034277198212,-0.06194161094993895
xalan-2.4,METRICS_POST_TFIDF_RISK,NONE,RF,5,0.8333333333333334,0.3333333333333333,0.09090909090909091,0.14285714285714285,0.805327868852459,0.1046449257597689
xalan-2.4,METRICS_POST_TFIDF_RISK,NONE,ET,1,0.8275862068965517,0.2,0.045454545454545456,0.07407407407407407,0.7320768662232078,0.025430513415278723
xalan-2.4,METRICS_POST_TFIDF_RISK,NONE,ET,2,0.8896551724137931,0.7142857142857143,0.45454545454545453,0.5555555555555556,0.8774944567627494,0.512628257594742
xalan-2.4,METRICS_POST_TFIDF_RISK,NONE,ET,3,0.8620689655172413,0.5625,0.4090909090909091,0.47368421052631576,0.8508869179600886,0.4032497975544078
xalan-2.4,METRICS_POST_TFIDF_RISK,NONE,ET,4,0.8194444444444444,0.0,0.0,0.0,0.7134873323397914,-0.0717789998840606
xalan-2.4,METRICS_POST_TFIDF_RISK,NONE,ET,5,0.8263888888888888,0.2857142857142857,0.09090909090909091,0.13793103448275862,0.7913561847988078,0.08352264497923344
xalan-2.4,METRICS_POST_TFIDF_RISK,NONE,SVM_RBF,1,0.8482758620689655,0.0,0.0,0.0,0.779379157427938,0.0
xalan-2.4,METRICS_POST_TFIDF_RISK,NONE,SVM_RBF,2,0.8344827586206897,0.0,0.0,0.0,0.8144863266814486,-0.050015632328035534
xalan-2.4,METRICS_POST_TFIDF_RISK,NONE,SVM_RBF,3,0.8413793103448276,0.0,0.0,0.0,0.7753141167775314,-0.035243378871652985
xalan-2.4,METRICS_POST_TFIDF_RISK,NONE,SVM_RBF,4,0.8333333333333334,0.0,0.0,0.0,0.6061847988077496,-0.05039671753960796
xalan-2.4,METRICS_POST_TFIDF_RISK,NONE,SVM_RBF,5,0.8402777777777778,0.3333333333333333,0.045454545454545456,0.08,0.623323397913562,0.07320372203174602
xalan-2.4,METRICS_POST_TFIDF_RISK,NONE,GB,1,0.8482758620689655,0.5,0.18181818181818182,0.26666666666666666,0.7718033998521803,0.23459145663459544
xalan-2.4,METRICS_POST_TFIDF_RISK,NONE,GB,2,0.8620689655172413,0.5625,0.4090909090909091,0.47368421052631576,0.8222468588322247,0.4032497975544078
xalan-2.4,METRICS_POST_TFIDF_RISK,NONE,GB,3,0.8689655172413793,0.5714285714285714,0.5454545454545454,0.5581395348837209,0.8976348854397636,0.48144476387635826
xalan-2.4,METRICS_POST_TFIDF_RISK,NONE,GB,4,0.8333333333333334,0.4444444444444444,0.36363636363636365,0.4,0.7147913561847988,0.30641428955017175
xalan-2.4,METRICS_POST_TFIDF_RISK,NONE,GB,5,0.8333333333333334,0.375,0.13636363636363635,0.2,0.7455290611028316,0.14980774330592514
xalan-2.4,METRICS_POST_TFIDF_RISK,SMOTE,LR,1,0.7862068965517242,0.3953488372093023,0.7727272727272727,0.5230769230769231,0.7963784183296377,0.4409197617394678
xalan-2.4,METRICS_POST_TFIDF_RISK,SMOTE,LR,2,0.7862068965517242,0.3902439024390244,0.7272727272727273,0.5079365079365079,0.8159645232815964,0.4174492995804326
xalan-2.4,METRICS_POST_TFIDF_RISK,SMOTE,LR,3,0.7103448275862069,0.3076923076923077,0.7272727272727273,0.43243243243243246,0.8192904656319291,0.3250875066139483
xalan-2.4,METRICS_POST_TFIDF_RISK,SMOTE,LR,4,0.7291666666666666,0.2571428571428571,0.4090909090909091,0.3157894736842105,0.7034277198211625,0.16437933427787016
xalan-2.4,METRICS_POST_TFIDF_RISK,SMOTE,LR,5,0.7083333333333334,0.2619047619047619,0.5,0.34375,0.6926229508196722,0.1946381413326817
xalan-2.4,METRICS_POST_TFIDF_RISK,SMOTE,RF,1,0.8344827586206897,0.42857142857142855,0.2727272727272727,0.3333333333333333,0.7579453067257945,0.25227415128567865
xalan-2.4,METRICS_POST_TFIDF_RISK,SMOTE,RF,2,0.8620689655172413,0.5384615384615384,0.6363636363636364,0.5833333333333334,0.8567997043606799,0.5038873703745694
xalan-2.4,METRICS_POST_TFIDF_RISK,SMOTE,RF,3,0.7862068965517242,0.3333333333333333,0.4090909090909091,0.3673469387755102,0.8373983739837398,0.24214907749156545
xalan-2.4,METRICS_POST_TFIDF_RISK,SMOTE,RF,4,0.8194444444444444,0.4090909090909091,0.4090909090909091,0.4090909090909091,0.7555886736214604,0.3025335320417288
xalan-2.4,METRICS_POST_TFIDF_RISK,SMOTE,RF,5,0.8125,0.3333333333333333,0.22727272727272727,0.2702702702702703,0.7712369597615499,0.17113264650120452
xalan-2.4,METRICS_POST_TFIDF_RISK,SMOTE,ET,1,0.8344827586206897,0.42857142857142855,0.2727272727272727,0.3333333333333333,0.7372505543237251,0.25227415128567865
xalan-2.4,METRICS_POST_TFIDF_RISK,SMOTE,ET,2,0.8689655172413793,0.56,0.6363636363636364,0.5957446808510638,0.8564301552106429,0.5194421553426156
xalan-2.4,METRICS_POST_TFIDF_RISK,SMOTE,ET,3,0.8482758620689655,0.5,0.5454545454545454,0.5217391304347826,0.8449741315594974,0.43235493221953747
xalan-2.4,METRICS_POST_TFIDF_RISK,SMOTE,ET,4,0.8402777777777778,0.4666666666666667,0.3181818181818182,0.3783783783783784,0.7373323397913563,0.29750752391747864
xalan-2.4,METRICS_POST_TFIDF_RISK,SMOTE,ET,5,0.8333333333333334,0.42857142857142855,0.2727272727272727,0.3333333333333333,0.7961997019374069,0.2515636236161335
xalan-2.4,METRICS_POST_TFIDF_RISK,SMOTE,SVM_RBF,1,0.8068965517241379,0.38461538461538464,0.45454545454545453,0.4166666666666667,0.8035846267553585,0.30343834786616736
xalan-2.4,METRICS_POST_TFIDF_RISK,SMOTE,SVM_RBF,2,0.8068965517241379,0.40625,0.5909090909090909,0.48148148148148145,0.8244641537324464,0.3775476666759715
xalan-2.4,METRICS_POST_TFIDF_RISK,SMOTE,SVM_RBF,3,0.7448275862068966,0.25806451612903225,0.36363636363636365,0.3018867924528302,0.6164079822616408,0.15457196498426076
xalan-2.4,METRICS_POST_TFIDF_RISK,SMOTE,SVM_RBF,4,0.7430555555555556,0.3076923076923077,0.5454545454545454,0.39344262295081966,0.710134128166915,0.2624224850671896
xalan-2.4,METRICS_POST_TFIDF_RISK,SMOTE,SVM_RBF,5,0.7777777777777778,0.35294117647058826,0.5454545454545454,0.42857142857142855,0.7213114754098361,0.30931360229414917
xalan-2.4,METRICS_POST_TFIDF_RISK,SMOTE,GB,1,0.8,0.3333333333333333,0.3181818181818182,0.32558139534883723,0.716371027346637,0.2083246904723209
xalan-2.4,METRICS_POST_TFIDF_RISK,SMOTE,GB,2,0.8137931034482758,0.41935483870967744,0.5909090909090909,0.49056603773584906,0.8392461197339246,0.38901689095411235
xalan-2.4,METRICS_POST_TFIDF_RISK,SMOTE,GB,3,0.7724137931034483,0.3333333333333333,0.5,0.4,0.7919438285291944,0.2747830242468537
xalan-2.4,METRICS_POST_TFIDF_RISK,SMOTE,GB,4,0.8125,0.4074074074074074,0.5,0.4489795918367347,0.7652757078986586,0.3399923348046765
xalan-2.4,METRICS_POST_TFIDF_RISK,SMOTE,GB,5,0.7847222222222222,0.2631578947368421,0.22727272727272727,0.24390243902439024,0.6613263785394933,0.11961451404881848
xalan-2.4,METRICS_POST_TFIDF_RISK,BLSMOTE,LR,1,0.7793103448275862,0.38095238095238093,0.7272727272727273,0.5,0.7934220251293421,0.40801700590800016
xalan-2.4,METRICS_POST_TFIDF_RISK,BLSMOTE,LR,2,0.7931034482758621,0.4,0.7272727272727273,0.5161290322580645,0.8281596452328159,0.4271436463846988
xalan-2.4,METRICS_POST_TFIDF_RISK,BLSMOTE,LR,3,0.7517241379310344,0.3541666666666667,0.7727272727272727,0.4857142857142857,0.8359201773835919,0.39695439173567276
xalan-2.4,METRICS_POST_TFIDF_RISK,BLSMOTE,LR,4,0.7430555555555556,0.2727272727272727,0.4090909090909091,0.32727272727272727,0.7254098360655737,0.18178797026154941
xalan-2.4,METRICS_POST_TFIDF_RISK,BLSMOTE,LR,5,0.7777777777777778,0.34375,0.5,0.4074074074074074,0.7190760059612518,0.2837314097532419
xalan-2.4,METRICS_POST_TFIDF_RISK,BLSMOTE,RF,1,0.8413793103448276,0.47058823529411764,0.36363636363636365,0.41025641025641024,0.7579453067257946,0.3239136160318693
xalan-2.4,METRICS_POST_TFIDF_RISK,BLSMOTE,RF,2,0.8551724137931035,0.5185185185185185,0.6363636363636364,0.5714285714285714,0.8416481892091647,0.4890662099548354
xalan-2.4,METRICS_POST_TFIDF_RISK,BLSMOTE,RF,3,0.8275862068965517,0.4444444444444444,0.5454545454545454,0.4897959183673469,0.8458980044345898,0.39029935696952744
xalan-2.4,METRICS_POST_TFIDF_RISK,BLSMOTE,RF,4,0.8333333333333334,0.45454545454545453,0.45454545454545453,0.45454545454545453,0.7349105812220567,0.3561847988077496
xalan-2.4,METRICS_POST_TFIDF_RISK,BLSMOTE,RF,5,0.8194444444444444,0.375,0.2727272727272727,0.3157894736842105,0.7658345752608048,0.21838043617304564
xalan-2.4,METRICS_POST_TFIDF_RISK,BLSMOTE,ET,1,0.8206896551724138,0.35714285714285715,0.22727272727272727,0.2777777777777778,0.7442719881744273,0.1871856247084128
xalan-2.4,METRICS_POST_TFIDF_RISK,BLSMOTE,ET,2,0.8689655172413793,0.56,0.6363636363636364,0.5957446808510638,0.8588322246858833,0.5194421553426156
xalan-2.4,METRICS_POST_TFIDF_RISK,BLSMOTE,ET,3,0.8551724137931035,0.5217391304347826,0.5454545454545454,0.5333333333333333,0.852180339985218,0.44782406747246334
xalan-2.4,METRICS_POST_TFIDF_RISK,BLSMOTE,ET,4,0.8333333333333334,0.42857142857142855,0.2727272727272727,0.3333333333333333,0.7470193740685545,0.2515636236161335
xalan-2.4,METRICS_POST_TFIDF_RISK,BLSMOTE,ET,5,0.8125,0.3333333333333333,0.22727272727272727,0.2702702702702703,0.7608047690014902,0.17113264650120452
xalan-2.4,METRICS_POST_TFIDF_RISK,BLSMOTE,SVM_RBF,1,0.8137931034482758,0.4074074074074074,0.5,0.4489795918367347,0.7963784183296378,0.34091593047687346
xalan-2.4,METRICS_POST_TFIDF_RISK,BLSMOTE,SVM_RBF,2,0.8413793103448276,0.48148148148148145,0.5909090909090909,0.5306122448979592,0.8377679231337769,0.4396827834621814
xalan-2.4,METRICS_POST_TFIDF_RISK,BLSMOTE,SVM_RBF,3,0.7586206896551724,0.27586206896551724,0.36363636363636365,0.3137254901960784,0.6903178122690319,0.1730129508244783
xalan-2.4,METRICS_POST_TFIDF_RISK,BLSMOTE,SVM_RBF,4,0.7430555555555556,0.2857142857142857,0.45454545454545453,0.3508771929824561,0.6926229508196722,0.20938052084823763
xalan-2.4,METRICS_POST_TFIDF_RISK,BLSMOTE,SVM_RBF,5,0.7638888888888888,0.3125,0.45454545454545453,0.37037037037037035,0.7090163934426229,0.23730263361180232
xalan-2.4,METRICS_POST_TFIDF_RISK,BLSMOTE,GB,1,0.7931034482758621,0.3333333333333333,0.36363636363636365,0.34782608695652173,0.7043606799704362,0.22545240689995685
xalan-2.4,METRICS_POST_TFIDF_RISK,BLSMOTE,GB,2,0.8413793103448276,0.48148148148148145,0.5909090909090909,0.5306122448979592,0.8433111603843311,0.4396827834621814
xalan-2.4,METRICS_POST_TFIDF_RISK,BLSMOTE,GB,3,0.8068965517241379,0.4,0.5454545454545454,0.46153846153846156,0.8104212860310421,0.35346817030843053
xalan-2.4,METRICS_POST_TFIDF_RISK,BLSMOTE,GB,4,0.8125,0.4074074074074074,0.5,0.4489795918367347,0.7263412816691506,0.3399923348046765
xalan-2.4,METRICS_POST_TFIDF_RISK,BLSMOTE,GB,5,0.7708333333333334,0.23809523809523808,0.22727272727272727,0.23255813953488372,0.6535022354694486,0.09798650041454389
xalan-2.4,METRICS_POST_TFIDF_RISK_SELECTED,NONE,LR,1,0.8413793103448276,0.0,0.0,0.0,0.7505543237250554,-0.035243378871652985
xalan-2.4,METRICS_POST_TFIDF_RISK_SELECTED,NONE,LR,2,0.8620689655172413,0.625,0.22727272727272727,0.3333333333333333,0.8052475979305248,0.3187888853772101
xalan-2.4,METRICS_POST_TFIDF_RISK_SELECTED,NONE,LR,3,0.8482758620689655,0.5,0.22727272727272727,0.3125,0.8736141906873615,0.2642169030230507
xalan-2.4,METRICS_POST_TFIDF_RISK_SELECTED,NONE,LR,4,0.8333333333333334,0.375,0.13636363636363635,0.2,0.7041728763040238,0.14980774330592514
xalan-2.4,METRICS_POST_TFIDF_RISK_SELECTED,NONE,LR,5,0.8333333333333334,0.3333333333333333,0.09090909090909091,0.14285714285714285,0.6907600596125186,0.1046449257597689
xalan-2.4,METRICS_POST_TFIDF_RISK_SELECTED,NONE,RF,1,0.8413793103448276,0.4,0.09090909090909091,0.14814814814814814,0.7342941611234295,0.1307854975642906
xalan-2.4,METRICS_POST_TFIDF_RISK_SELECTED,NONE,RF,2,0.8551724137931035,0.5333333333333333,0.36363636363636365,0.43243243243243246,0.8588322246858832,0.3613240675274676
xalan-2.4,METRICS_POST_TFIDF_RISK_SELECTED,NONE,RF,3,0.8551724137931035,0.5333333333333333,0.36363636363636365,0.43243243243243246,0.873059866962306,0.3613240675274676
xalan-2.4,METRICS_POST_TFIDF_RISK_SELECTED,NONE,RF,4,0.8541666666666666,0.6,0.13636363636363635,0.2222222222222222,0.7466467958271236,0.23576113501477358
xalan-2.4,METRICS_POST_TFIDF_RISK_SELECTED,NONE,RF,5,0.8333333333333334,0.3333333333333333,0.09090909090909091,0.14285714285714285,0.8062593144560357,0.1046449257597689
xalan-2.4,METRICS_POST_TFIDF_RISK_SELECTED,NONE,ET,1,0.8344827586206897,0.25,0.045454545454545456,0.07692307692307693,0.7403917220990393,0.04613934315363683
xalan-2.4,METRICS_POST_TFIDF_RISK_SELECTED,NONE,ET,2,0.8758620689655172,0.6428571428571429,0.4090909090909091,0.5,0.8586474501108646,0.4475397310174762
xalan-2.4,METRICS_POST_TFIDF_RISK_SELECTED,NONE,ET,3,0.8206896551724138,0.3888888888888889,0.3181818181818182,0.35,0.8532889874353289,0.24887922163763013
xalan-2.4,METRICS_POST_TFIDF_RISK_SELECTED,NONE,ET,4,0.8402777777777778,0.4,0.09090909090909091,0.14814814814814814,0.7198211624441133,0.13032758395226615
xalan-2.4,METRICS_POST_TFIDF_RISK_SELECTED,NONE,ET,5,0.8333333333333334,0.4,0.18181818181818182,0.25,0.7432935916542474,0.18771818351550054
xalan-2.4,METRICS_POST_TFIDF_RISK_SELECTED,NONE,SVM_RBF,1,0.8482758620689655,0.0,0.0,0.0,0.6825572801182557,0.0
xalan-2.4,METRICS_POST_TFIDF_RISK_SELECTED,NONE,SVM_RBF,2,0.8413793103448276,0.0,0.0,0.0,0.795639320029564,-0.035243378871652985
xalan-2.4,METRICS_POST_TFIDF_RISK_SELECTED,NONE,SVM_RBF,3,0.8413793103448276,0.3333333333333333,0.045454545454545456,0.08,0.7841832963784183,0.07357976485874468
xalan-2.4,METRICS_POST_TFIDF_RISK_SELECTED,NONE,SVM_RBF,4,0.8402777777777778,0.4,0.09090909090909091,0.14814814814814814,0.6140089418777943,0.13032758395226615
xalan-2.4,METRICS_POST_TFIDF_RISK_SELECTED,NONE,SVM_RBF,5,0.8402777777777778,0.0,0.0,0.0,0.620715350223547,-0.03551104121142175
xalan-2.4,METRICS_POST_TFIDF_RISK_SELECTED,NONE,GB,1,0.8551724137931035,0.5555555555555556,0.22727272727272727,0.3225806451612903,0.7564671101256466,0.2895716295993132
xalan-2.4,METRICS_POST_TFIDF_RISK_SELECTED,NONE,GB,2,0.8689655172413793,0.6153846153846154,0.36363636363636365,0.45714285714285713,0.8281596452328159,0.40559154656128493
xalan-2.4,METRICS_POST_TFIDF_RISK_SELECTED,NONE,GB,3,0.8758620689655172,0.6,0.5454545454545454,0.5714285714285714,0.8821138211382114,0.49981519127071505
xalan-2.4,METRICS_POST_TFIDF_RISK_SELECTED,NONE,GB,4,0.8402777777777778,0.46153846153846156,0.2727272727272727,0.34285714285714286,0.6875931445603577,0.27035179579215146
xalan-2.4,METRICS_POST_TFIDF_RISK_SELECTED,NONE,GB,5,0.8402777777777778,0.42857142857142855,0.13636363636363635,0.20689655172413793,0.7455290611028316,0.17327832316587236
xalan-2.4,METRICS_POST_TFIDF_RISK_SELECTED,SMOTE,LR,1,0.7586206896551724,0.34146341463414637,0.6363636363636364,0.4444444444444444,0.7479674796747967,0.33207532434889137
xalan-2.4,METRICS_POST_TFIDF_RISK_SELECTED,SMOTE,LR,2,0.7655172413793103,0.3695652173913043,0.7727272727272727,0.5,0.8122690317812269,0.41390931952720433
xalan-2.4,METRICS_POST_TFIDF_RISK_SELECTED,SMOTE,LR,3,0.7655172413793103,0.39285714285714285,1.0,0.5641025641025641,0.8898743532889875,0.5331627195162821
xalan-2.4,METRICS_POST_TFIDF_RISK_SELECTED,SMOTE,LR,4,0.7013888888888888,0.24390243902439024,0.45454545454545453,0.31746031746031744,0.7011922503725782,0.15980136298779113
xalan-2.4,METRICS_POST_TFIDF_RISK_SELECTED,SMOTE,LR,5,0.7638888888888888,0.3333333333333333,0.5454545454545454,0.41379310344827586,0.732488822652757,0.2897486791497955
xalan-2.4,METRICS_POST_TFIDF_RISK_SELECTED,SMOTE,RF,1,0.8137931034482758,0.3333333333333333,0.22727272727272727,0.2702702702702703,0.7518477457501848,0.17195542972692737
xalan-2.4,METRICS_POST_TFIDF_RISK_SELECTED,SMOTE,RF,2,0.8551724137931035,0.5185185185185185,0.6363636363636364,0.5714285714285714,0.8621581670362158,0.4890662099548354
xalan-2.4,METRICS_POST_TFIDF_RISK_SELECTED,SMOTE,RF,3,0.8137931034482758,0.41379310344827586,0.5454545454545454,0.47058823529411764,0.8327790096082779,0.3652495628516764
xalan-2.4,METRICS_POST_TFIDF_RISK_SELECTED,SMOTE,RF,4,0.8333333333333334,0.4444444444444444,0.36363636363636365,0.4,0.7455290611028316,0.30641428955017175
xalan-2.4,METRICS_POST_TFIDF_RISK_SELECTED,SMOTE,RF,5,0.8125,0.3684210526315789,0.3181818181818182,0.34146341463414637,0.7574515648286141,0.2336839844000096
xalan-2.4,METRICS_POST_TFIDF_RISK_SELECTED,SMOTE,ET,1,0.7793103448275862,0.14285714285714285,0.09090909090909091,0.1111111111111111,0.7195121951219512,-0.008079955023384724
xalan-2.4,METRICS_POST_TFIDF_RISK_SELECTED,SMOTE,ET,2,0.8551724137931035,0.52,0.5909090909090909,0.5531914893617021,0.8741685144124168,0.46855086309621075
xalan-2.4,METRICS_POST_TFIDF_RISK_SELECTED,SMOTE,ET,3,0.8137931034482758,0.42424242424242425,0.6363636363636364,0.509090909090909,0.8392461197339245,0.4123326393761763
xalan-2.4,METRICS_POST_TFIDF_RISK_SELECTED,SMOTE,ET,4,0.8125,0.3684210526315789,0.3181818181818182,0.34146341463414637,0.7744038748137109,0.2336839844000096
xalan-2.4,METRICS_POST_TFIDF_RISK_SELECTED,SMOTE,ET,5,0.8333333333333334,0.4375,0.3181818181818182,0.3684210526315789,0.7583830104321908,0.27979993384671475
xalan-2.4,METRICS_POST_TFIDF_RISK_SELECTED,SMOTE,SVM_RBF,1,0.7517241379310344,0.325,0.5909090909090909,0.41935483870967744,0.7416851441241685,0.2981106698726544
xalan-2.4,METRICS_POST_TFIDF_RISK_SELECTED,SMOTE,SVM_RBF,2,0.8413793103448276,0.4857142857142857,0.7727272727272727,0.5964912280701754,0.8422025129342202,0.5251404133280635
xalan-2.4,METRICS_POST_TFIDF_RISK_SELECTED,SMOTE,SVM_RBF,3,0.7448275862068966,0.3076923076923077,0.5454545454545454,0.39344262295081966,0.7043606799704362,0.2637056609464934
xalan-2.4,METRICS_POST_TFIDF_RISK_SELECTED,SMOTE,SVM_RBF,4,0.75,0.325,0.5909090909090909,0.41935483870967744,0.7548435171385991,0.2968750848482716
xalan-2.4,METRICS_POST_TFIDF_RISK_SELECTED,SMOTE,SVM_RBF,5,0.7013888888888888,0.21621621621621623,0.36363636363636365,0.2711864406779661,0.6743666169895677,0.10368900181187907
xalan-2.4,METRICS_POST_TFIDF_RISK_SELECTED,SMOTE,GB,1,0.8206896551724138,0.4090909090909091,0.4090909090909091,0.4090909090909091,0.7838137472283814,0.30339985218034
xalan-2.4,METRICS_POST_TFIDF_RISK_SELECTED,SMOTE,GB,2,0.8344827586206897,0.4642857142857143,0.5909090909090909,0.52,0.8473762010347377,0.4262121043286665
xalan-2.4,METRICS_POST_TFIDF_RISK_SELECTED,SMOTE,GB,3,0.7862068965517242,0.3548387096774194,0.5,0.41509433962264153,0.7657058388765705,0.2952389205661717
xalan-2.4,METRICS_POST_TFIDF_RISK_SELECTED,SMOTE,GB,4,0.8055555555555556,0.38461538461538464,0.45454545454545453,0.4166666666666667,0.7309985096870342,0.30248287471414603
xalan-2.4,METRICS_POST_TFIDF_RISK_SELECTED,SMOTE,GB,5,0.7916666666666666,0.3,0.2727272727272727,0.2857142857142857,0.7693740685543964,0.16434207284758512
xalan-2.4,METRICS_POST_TFIDF_RISK_SELECTED,BLSMOTE,LR,1,0.7310344827586207,0.3111111111111111,0.6363636363636364,0.417910447761194,0.7483370288248337,0.2980321983649009
xalan-2.4,METRICS_POST_TFIDF_RISK_SELECTED,BLSMOTE,LR,2,0.7586206896551724,0.3488372093023256,0.6818181818181818,0.46153846153846156,0.7937915742793791,0.35674153204595516
xalan-2.4,METRICS_POST_TFIDF_RISK_SELECTED,BLSMOTE,LR,3,0.7379310344827587,0.35185185185185186,0.8636363636363636,0.5,0.8651145602365115,0.42972193659507785
xalan-2.4,METRICS_POST_TFIDF_RISK_SELECTED,BLSMOTE,LR,4,0.7222222222222222,0.275,0.5,0.3548387096774194,0.7108792846497765,0.21068554408587015
xalan-2.4,METRICS_POST_TFIDF_RISK_SELECTED,BLSMOTE,LR,5,0.7013888888888888,0.26666666666666666,0.5454545454545454,0.3582089552238806,0.6877794336810731,0.21342301551698722
xalan-2.4,METRICS_POST_TFIDF_RISK_SELECTED,BLSMOTE,RF,1,0.8,0.3333333333333333,0.3181818181818182,0.32558139534883723,0.7758684405025871,0.2083246904723209
xalan-2.4,METRICS_POST_TFIDF_RISK_SELECTED,BLSMOTE,RF,2,0.8482758620689655,0.5,0.5909090909090909,0.5416666666666666,0.8562453806356245,0.4537751147474689
xalan-2.4,METRICS_POST_TFIDF_RISK_SELECTED,BLSMOTE,RF,3,0.7931034482758621,0.35714285714285715,0.45454545454545453,0.4,0.8288987435328898,0.28011102837675955
xalan-2.4,METRICS_POST_TFIDF_RISK_SELECTED,BLSMOTE,RF,4,0.8055555555555556,0.36363636363636365,0.36363636363636365,0.36363636363636365,0.7432935916542475,0.2488822652757079
xalan-2.4,METRICS_POST_TFIDF_RISK_SELECTED,BLSMOTE,RF,5,0.7986111111111112,0.3157894736842105,0.2727272727272727,0.2926829268292683,0.7516766020864382,0.17664924922441405
xalan-2.4,METRICS_POST_TFIDF_RISK_SELECTED,BLSMOTE,ET,1,0.8344827586206897,0.4,0.18181818181818182,0.25,0.7605321507760532,0.18835264373920446
xalan-2.4,METRICS_POST_TFIDF_RISK_SELECTED,BLSMOTE,ET,2,0.8551724137931035,0.5185185185185185,0.6363636363636364,0.5714285714285714,0.8617886178861788,0.4890662099548354
xalan-2.4,METRICS_POST_TFIDF_RISK_SELECTED,BLSMOTE,ET,3,0.8,0.3793103448275862,0.5,0.43137254901960786,0.8342572062084257,0.3171904098448769
xalan-2.4,METRICS_POST_TFIDF_RISK_SELECTED,BLSMOTE,ET,4,0.8125,0.3684210526315789,0.3181818181818182,0.34146341463414637,0.7451564828614009,0.2336839844000096
xalan-2.4,METRICS_POST_TFIDF_RISK_SELECTED,BLSMOTE,ET,5,0.8333333333333334,0.42857142857142855,0.2727272727272727,0.3333333333333333,0.7641579731743666,0.2515636236161335
xalan-2.4,METRICS_POST_TFIDF_RISK_SELECTED,BLSMOTE,SVM_RBF,1,0.7793103448275862,0.34375,0.5,0.4074074074074074,0.7723577235772358,0.28483909484190567
xalan-2.4,METRICS_POST_TFIDF_RISK_SELECTED,BLSMOTE,SVM_RBF,2,0.7931034482758621,0.4,0.7272727272727273,0.5161290322580645,0.7852919438285292,0.4271436463846988
xalan-2.4,METRICS_POST_TFIDF_RISK_SELECTED,BLSMOTE,SVM_RBF,3,0.6827586206896552,0.21428571428571427,0.4090909090909091,0.28125,0.6485587583148559,0.11135707682732669
xalan-2.4,METRICS_POST_TFIDF_RISK_SELECTED,BLSMOTE,SVM_RBF,4,0.7083333333333334,0.2727272727272727,0.5454545454545454,0.36363636363636365,0.7406855439642324,0.22115461079318394
xalan-2.4,METRICS_POST_TFIDF_RISK_SELECTED,BLSMOTE,SVM_RBF,5,0.7291666666666666,0.2702702702702703,0.45454545454545453,0.3389830508474576,0.6630029806259314,0.19203939388827307
xalan-2.4,METRICS_POST_TFIDF_RISK_SELECTED,BLSMOTE,GB,1,0.8137931034482758,0.3684210526315789,0.3181818181818182,0.34146341463414637,0.7531411677753141,0.2345569803531359
xalan-2.4,METRICS_POST_TFIDF_RISK_SELECTED,BLSMOTE,GB,2,0.8068965517241379,0.40625,0.5909090909090909,0.48148148148148145,0.8174427198817442,0.3775476666759715
xalan-2.4,METRICS_POST_TFIDF_RISK_SELECTED,BLSMOTE,GB,3,0.7793103448275862,0.3611111111111111,0.5909090909090909,0.4482758620689655,0.7679231337767923,0.3354221716996523
xalan-2.4,METRICS_POST_TFIDF_RISK_SELECTED,BLSMOTE,GB,4,0.7847222222222222,0.3333333333333333,0.4090909090909091,0.3673469387755102,0.7265275707898659,0.2410854737705888
xalan-2.4,METRICS_POST_TFIDF_RISK_SELECTED,BLSMOTE,GB,5,0.7847222222222222,0.2857142857142857,0.2727272727272727,0.27906976744186046,0.710134128166915,0.15267664018080093
xerces-1.2,METRICS,NONE,LR,1,0.8522727272727273,0.6666666666666666,0.14285714285714285,0.23529411764705882,0.611969111969112,0.2607082836146173
xerces-1.2,METRICS,NONE,LR,2,0.7954545454545454,0.0,0.0,0.0,0.5144787644787645,-0.0949157995752499
xerces-1.2,METRICS,NONE,LR,3,0.8522727272727273,1.0,0.07142857142857142,0.13333333333333333,0.6515444015444015,0.24648597651267215
xerces-1.2,METRICS,NONE,LR,4,0.8522727272727273,1.0,0.07142857142857142,0.13333333333333333,0.5675675675675675,0.24648597651267215
xerces-1.2,METRICS,NONE,LR,5,0.8181818181818182,0.0,0.0,0.0,0.575799086757991,-0.04859869115767437
xerces-1.2,METRICS,NONE,RF,1,0.7727272727272727,0.25,0.21428571428571427,0.23076923076923078,0.7152509652509652,0.0987629232924629
xerces-1.2,METRICS,NONE,RF,2,0.875,0.7142857142857143,0.35714285714285715,0.47619047619047616,0.7944015444015444,0.44622582268596983
xerces-1.2,METRICS,NONE,RF,3,0.8636363636363636,0.625,0.35714285714285715,0.45454545454545453,0.9010617760617761,0.4028134645945779
xerces-1.2,METRICS,NONE,RF,4,0.8181818181818182,0.375,0.21428571428571427,0.2727272727272727,0.7697876447876448,0.18666965432431656
xerces-1.2,METRICS,NONE,RF,5,0.8181818181818182,0.42857142857142855,0.2,0.2727272727272727,0.6908675799086758,0.20178948655314144
xerces-1.2,METRICS,NONE,ET,1,0.7840909090909091,0.3333333333333333,0.35714285714285715,0.3448275862068966,0.6563706563706564,0.21594387919208566
xerces-1.2,METRICS,NONE,ET,2,0.875,0.6363636363636364,0.5,0.56,0.7557915057915059,0.4931969619160719
xerces-1.2,METRICS,NONE,ET,3,0.875,0.6666666666666666,0.42857142857142855,0.5217391304347826,0.8817567567567567,0.4683940558385538
xerces-1.2,METRICS,NONE,ET,4,0.8295454545454546,0.42857142857142855,0.21428571428571427,0.2857142857142857,0.75,0.21658914200547072
xerces-1.2,METRICS,NONE,ET,5,0.8068181818181818,0.375,0.2,0.2608695652173913,0.6657534246575342,0.17201465372429878
xerces-1.2,METRICS,NONE,SVM_RBF,1,0.8409090909090909,0.0,0.0,0.0,0.583976833976834,0.0
xerces-1.2,METRICS,NONE,SVM_RBF,2,0.8409090909090909,0.0,0.0,0.0,0.6978764478764479,0.0
xerces-1.2,METRICS,NONE,SVM_RBF,3,0.8409090909090909,0.0,0.0,0.0,0.8774131274131274,0.0
xerces-1.2,METRICS,NONE,SVM_RBF,4,0.8409090909090909,0.0,0.0,0.0,0.694980694980695,0.0
xerces-1.2,METRICS,NONE,SVM_RBF,5,0.8409090909090909,1.0,0.06666666666666667,0.125,0.6269406392694064,0.23651363030068195
xerces-1.2,METRICS,NONE,GB,1,0.8409090909090909,0.5,0.42857142857142855,0.46153846153846156,0.8204633204633205,0.3703609623467359
xerces-1.2,METRICS,NONE,GB,2,0.8295454545454546,0.45454545454545453,0.35714285714285715,0.4,0.7987451737451737,0.30531240499566353
xerces-1.2,METRICS,NONE,GB,3,0.8863636363636364,0.7,0.5,0.5833333333333334,0.9054054054054054,0.5295168367371149
xerces-1.2,METRICS,NONE,GB,4,0.8409090909090909,0.5,0.21428571428571427,0.3,0.7683397683397682,0.2521216124566605
xerces-1.2,METRICS,NONE,GB,5,0.7954545454545454,0.3333333333333333,0.2,0.25,0.7694063926940639,0.14620016082026535
xerces-1.2,METRICS,SMOTE,LR,1,0.7045454545454546,0.3,0.6428571428571429,0.4090909090909091,0.6824324324324325,0.27706931948862645
xerces-1.2,METRICS,SMOTE,LR,2,0.5340909090909091,0.17073170731707318,0.5,0.2545454545454545,0.5588803088803089,0.029725458038187103
xerces-1.2,METRICS,SMOTE,LR,3,0.625,0.24324324324324326,0.6428571428571429,0.35294117647058826,0.6196911196911197,0.1959678080849188
xerces-1.2,METRICS,SMOTE,LR,4,0.5681818181818182,0.16666666666666666,0.42857142857142855,0.24,0.5752895752895753,0.01723369655646452
xerces-1.2,METRICS,SMOTE,LR,5,0.6818181818181818,0.27586206896551724,0.5333333333333333,0.36363636363636365,0.6561643835616439,0.19652609088043552
xerces-1.2,METRICS,SMOTE,RF,1,0.75,0.3181818181818182,0.5,0.3888888888888889,0.7417953667953668,0.2511236011669613
xerces-1.2,METRICS,SMOTE,RF,2,0.7954545454545454,0.4,0.5714285714285714,0.47058823529411764,0.8214285714285714,0.3572041737052757
xerces-1.2,METRICS,SMOTE,RF,3,0.8636363636363636,0.5833333333333334,0.5,0.5384615384615384,0.9049227799227798,0.4608936420314936
xerces-1.2,METRICS,SMOTE,RF,4,0.8295454545454546,0.46153846153846156,0.42857142857142855,0.4444444444444444,0.7736486486486487,0.34426582537184625
xerces-1.2,METRICS,SMOTE,RF,5,0.7840909090909091,0.3888888888888889,0.4666666666666667,0.42424242424242425,0.719634703196347,0.29456677951103954
xerces-1.2,METRICS,SMOTE,ET,1,0.75,0.2777777777777778,0.35714285714285715,0.3125,0.66988416988417,0.1645480344686141
xerces-1.2,METRICS,SMOTE,ET,2,0.8068181818181818,0.4117647058823529,0.5,0.45161290322580644,0.7384169884169884,0.33803236746984017
xerces-1.2,METRICS,SMOTE,ET,3,0.8409090909090909,0.5,0.5,0.5,0.8827220077220077,0.40540540540540543
xerces-1.2,METRICS,SMOTE,ET,4,0.8068181818181818,0.3333333333333333,0.21428571428571427,0.2608695652173913,0.7736486486486487,0.1607919893177125
xerces-1.2,METRICS,SMOTE,ET,5,0.7613636363636364,0.3333333333333333,0.4,0.36363636363636365,0.6931506849315068,0.21964806102268267
xerces-1.2,METRICS,SMOTE,SVM_RBF,1,0.6136363636363636,0.23684210526315788,0.6428571428571429,0.34615384615384615,0.6824324324324325,0.18531760113378792
xerces-1.2,METRICS,SMOTE,SVM_RBF,2,0.5454545454545454,0.22916666666666666,0.7857142857142857,0.3548387096774194,0.7596525096525096,0.20987524639084773
xerces-1.2,METRICS,SMOTE,SVM_RBF,3,0.6363636363636364,0.25,0.6428571428571429,0.36,0.7451737451737452,0.20680435867757424
xerces-1.2,METRICS,SMOTE,SVM_RBF,4,0.6136363636363636,0.14285714285714285,0.2857142857142857,0.19047619047619047,0.5859073359073359,-0.030319739998429202
xerces-1.2,METRICS,SMOTE,SVM_RBF,5,0.625,0.2631578947368421,0.6666666666666666,0.37735849056603776,0.7164383561643837,0.2149204957991205
xerces-1.2,METRICS,SMOTE,GB,1,0.7727272727272727,0.36363636363636365,0.5714285714285714,0.4444444444444444,0.7905405405405406,0.32287320150037885
xerces-1.2,METRICS,SMOTE,GB,2,0.8295454545454546,0.48,0.8571428571428571,0.6153846153846154,0.8735521235521235,0.5526937382742012
xerces-1.2,METRICS,SMOTE,GB,3,0.8522727272727273,0.5263157894736842,0.7142857142857143,0.6060606060606061,0.8957528957528957,0.5268501979861466
xerces-1.2,METRICS,SMOTE,GB,4,0.8068181818181818,0.36363636363636365,0.2857142857142857,0.32,0.7480694980694981,0.21137012653545936
xerces-1.2,METRICS,SMOTE,GB,5,0.7727272727272727,0.3333333333333333,0.3333333333333333,0.3333333333333333,0.734703196347032,0.1963470319634703
xerces-1.2,METRICS,BLSMOTE,LR,1,0.5568181818181818,0.1951219512195122,0.5714285714285714,0.2909090909090909,0.6206563706563707,0.09200737011819818
xerces-1.2,METRICS,BLSMOTE,LR,2,0.5113636363636364,0.14634146341463414,0.42857142857142855,0.21818181818181817,0.5444015444015444,-0.032556454041823966
xerces-1.2,METRICS,BLSMOTE,LR,3,0.6590909090909091,0.2777777777777778,0.7142857142857143,0.4,0.6640926640926641,0.2699945793846108
xerces-1.2,METRICS,BLSMOTE,LR,4,0.5681818181818182,0.16666666666666666,0.42857142857142855,0.24,0.5588803088803089,0.01723369655646452
xerces-1.2,METRICS,BLSMOTE,LR,5,0.6477272727272727,0.25,0.5333333333333333,0.3404255319148936,0.6543378995433791,0.15990864972135735
xerces-1.2,METRICS,BLSMOTE,RF,1,0.7613636363636364,0.3333333333333333,0.5,0.4,0.7239382239382239,0.26670364137908237
xerces-1.2,METRICS,BLSMOTE,RF,2,0.7954545454545454,0.4,0.5714285714285714,0.47058823529411764,0.8252895752895753,0.3572041737052757
xerces-1.2,METRICS,BLSMOTE,RF,3,0.8522727272727273,0.5454545454545454,0.42857142857142855,0.48,0.9015444015444016,0.39925468345586773
xerces-1.2,METRICS,BLSMOTE,RF,4,0.8295454545454546,0.45454545454545453,0.35714285714285715,0.4,0.7635135135135135,0.30531240499566353
xerces-1.2,METRICS,BLSMOTE,RF,5,0.7727272727272727,0.3076923076923077,0.26666666666666666,0.2857142857142857,0.7397260273972603,0.15194635451151334
xerces-1.2,METRICS,BLSMOTE,ET,1,0.75,0.2777777777777778,0.35714285714285715,0.3125,0.6944980694980695,0.1645480344686141
xerces-1.2,METRICS,BLSMOTE,ET,2,0.7954545454545454,0.3888888888888889,0.5,0.4375,0.7577220077220077,0.3185930029073167
xerces-1.2,METRICS,BLSMOTE,ET,3,0.875,0.6153846153846154,0.5714285714285714,0.5925925925925926,0.8865830115830116,0.5193837018615715
xerces-1.2,METRICS,BLSMOTE,ET,4,0.8181818181818182,0.375,0.21428571428571427,0.2727272727272727,0.8127413127413128,0.18666965432431656
xerces-1.2,METRICS,BLSMOTE,ET,5,0.7840909090909091,0.375,0.4,0.3870967741935484,0.6872146118721462,0.25642430590241294
xerces-1.2,METRICS,BLSMOTE,SVM_RBF,1,0.6704545454545454,0.25806451612903225,0.5714285714285714,0.35555555555555557,0.6640926640926641,0.19955637750363753
xerces-1.2,METRICS,BLSMOTE,SVM_RBF,2,0.5340909090909091,0.2127659574468085,0.7142857142857143,0.32786885245901637,0.7398648648648649,0.15712027820184613
xerces-1.2,METRICS,BLSMOTE,SVM_RBF,3,0.6136363636363636,0.23684210526315788,0.6428571428571429,0.34615384615384615,0.7133204633204633,0.18531760113378792
xerces-1.2,METRICS,BLSMOTE,SVM_RBF,4,0.6136363636363636,0.14285714285714285,0.2857142857142857,0.19047619047619047,0.5627413127413128,-0.030319739998429202
xerces-1.2,METRICS,BLSMOTE,SVM_RBF,5,0.5909090909090909,0.24390243902439024,0.6666666666666666,0.35714285714285715,0.734703196347032,0.18243071363759122
xerces-1.2,METRICS,BLSMOTE,GB,1,0.7386363636363636,0.30434782608695654,0.5,0.3783783783783784,0.7972972972972973,0.2362364220690682
xerces-1.2,METRICS,BLSMOTE,GB,2,0.7840909090909091,0.4,0.7142857142857143,0.5128205128205128,0.8436293436293436,0.41491172986590175
xerces-1.2,METRICS,BLSMOTE,GB,3,0.875,0.5882352941176471,0.7142857142857143,0.6451612903225806,0.859073359073359,0.5741184653852841
xerces-1.2,METRICS,BLSMOTE,GB,4,0.8295454545454546,0.46153846153846156,0.42857142857142855,0.4444444444444444,0.7253861003861004,0.34426582537184625
xerces-1.2,METRICS,BLSMOTE,GB,5,0.7954545454545454,0.4,0.4,0.4,0.7328767123287672,0.27671232876712326
xerces-1.2,POST_TFIDF,NONE,LR,1,0.8409090909090909,0.0,0.0,0.0,0.6930501930501931,0.0
xerces-1.2,POST_TFIDF,NONE,LR,2,0.8409090909090909,0.0,0.0,0.0,0.6303088803088803,0.0
xerces-1.2,POST_TFIDF,NONE,LR,3,0.8409090909090909,0.0,0.0,0.0,0.7041505791505791,0.0
xerces-1.2,POST_TFIDF,NONE,LR,4,0.8409090909090909,0.0,0.0,0.0,0.569980694980695,0.0
xerces-1.2,POST_TFIDF,NONE,LR,5,0.8295454545454546,0.0,0.0,0.0,0.7182648401826485,0.0
xerces-1.2,POST_TFIDF,NONE,RF,1,0.8409090909090909,0.5,0.21428571428571427,0.3,0.6602316602316602,0.2521216124566605
xerces-1.2,POST_TFIDF,NONE,RF,2,0.8522727272727273,1.0,0.07142857142857142,0.13333333333333333,0.696911196911197,0.24648597651267215
xerces-1.2,POST_TFIDF,NONE,RF,3,0.875,1.0,0.21428571428571427,0.35294117647058826,0.7678571428571428,0.43191969374958983
xerces-1.2,POST_TFIDF,NONE,RF,4,0.8409090909090909,0.5,0.07142857142857142,0.125,0.5873552123552124,0.14213700144463215
xerces-1.2,POST_TFIDF,NONE,RF,5,0.8181818181818182,0.0,0.0,0.0,0.6662100456621005,-0.04859869115767437
xerces-1.2,POST_TFIDF,NONE,ET,1,0.8409090909090909,0.5,0.21428571428571427,0.3,0.66988416988417,0.2521216124566605
xerces-1.2,POST_TFIDF,NONE,ET,2,0.8522727272727273,1.0,0.07142857142857142,0.13333333333333333,0.666023166023166,0.24648597651267215
xerces-1.2,POST_TFIDF,NONE,ET,3,0.875,1.0,0.21428571428571427,0.35294117647058826,0.7861969111969112,0.43191969374958983
xerces-1.2,POST_TFIDF,NONE,ET,4,0.8409090909090909,0.5,0.07142857142857142,0.125,0.5294401544401545,0.14213700144463215
xerces-1.2,POST_TFIDF,NONE,ET,5,0.8181818181818182,0.0,0.0,0.0,0.6584474885844749,-0.04859869115767437
xerces-1.2,POST_TFIDF,NONE,SVM_RBF,1,0.8409090909090909,0.0,0.0,0.0,0.6573359073359074,0.0
xerces-1.2,POST_TFIDF,NONE,SVM_RBF,2,0.8409090909090909,0.0,0.0,0.0,0.5193050193050193,0.0
xerces-1.2,POST_TFIDF,NONE,SVM_RBF,3,0.8409090909090909,0.0,0.0,0.0,0.8006756756756758,0.0
xerces-1.2,POST_TFIDF,NONE,SVM_RBF,4,0.8409090909090909,0.0,0.0,0.0,0.6105212355212356,0.0
xerces-1.2,POST_TFIDF,NONE,SVM_RBF,5,0.8295454545454546,0.0,0.0,0.0,0.636986301369863,0.0
xerces-1.2,POST_TFIDF,NONE,GB,1,0.8295454545454546,0.42857142857142855,0.21428571428571427,0.2857142857142857,0.7007722007722007,0.21658914200547072
xerces-1.2,POST_TFIDF,NONE,GB,2,0.8522727272727273,1.0,0.07142857142857142,0.13333333333333333,0.6428571428571429,0.24648597651267215
xerces-1.2,POST_TFIDF,NONE,GB,3,0.8522727272727273,0.5714285714285714,0.2857142857142857,0.38095238095238093,0.7755791505791506,0.33140748234572026
xerces-1.2,POST_TFIDF,NONE,GB,4,0.8295454545454546,0.3333333333333333,0.07142857142857142,0.11764705882352941,0.5468146718146718,0.08949687347964475
xerces-1.2,POST_TFIDF,NONE,GB,5,0.7840909090909091,0.0,0.0,0.0,0.6707762557077626,-0.09891782353111635
xerces-1.2,POST_TFIDF,SMOTE,LR,1,0.6136363636363636,0.25,0.7142857142857143,0.37037037037037035,0.7123552123552124,0.22689215826037593
xerces-1.2,POST_TFIDF,SMOTE,LR,2,0.5909090909090909,0.23809523809523808,0.7142857142857143,0.35714285714285715,0.6534749034749034,0.20639511433185923
xerces-1.2,POST_TFIDF,SMOTE,LR,3,0.6136363636363636,0.2727272727272727,0.8571428571428571,0.41379310344827586,0.733108108108108,0.31068488300060004
xerces-1.2,POST_TFIDF,SMOTE,LR,4,0.6136363636363636,0.1875,0.42857142857142855,0.2608695652173913,0.569015444015444,0.0587139240376276
xerces-1.2,POST_TFIDF,SMOTE,LR,5,0.6818181818181818,0.32432432432432434,0.8,0.46153846153846156,0.7127853881278539,0.348533651410409
xerces-1.2,POST_TFIDF,SMOTE,RF,1,0.7045454545454546,0.2857142857142857,0.5714285714285714,0.38095238095238093,0.6573359073359073,0.2364939719877478
xerces-1.2,POST_TFIDF,SMOTE,RF,2,0.6931818181818182,0.27586206896551724,0.5714285714285714,0.37209302325581395,0.6727799227799228,0.22382643709798494
xerces-1.2,POST_TFIDF,SMOTE,RF,3,0.7045454545454546,0.3125,0.7142857142857143,0.43478260869565216,0.7842664092664092,0.3170551898031891
xerces-1.2,POST_TFIDF,SMOTE,RF,4,0.6477272727272727,0.18518518518518517,0.35714285714285715,0.24390243902439024,0.6105212355212355,0.04746407397613577
xerces-1.2,POST_TFIDF,SMOTE,RF,5,0.6704545454545454,0.28125,0.6,0.3829787234042553,0.6853881278538813,0.22272990496903347
xerces-1.2,POST_TFIDF,SMOTE,ET,1,0.6931818181818182,0.25925925925925924,0.5,0.34146341463414637,0.6718146718146718,0.18220080010194054
xerces-1.2,POST_TFIDF,SMOTE,ET,2,0.6818181818181818,0.26666666666666666,0.5714285714285714,0.36363636363636365,0.6887065637065637,0.21152603960959654
xerces-1.2,POST_TFIDF,SMOTE,ET,3,0.7159090909090909,0.3333333333333333,0.7857142857142857,0.46808510638297873,0.7582046332046333,0.3690050625191153
xerces-1.2,POST_TFIDF,SMOTE,ET,4,0.625,0.14814814814814814,0.2857142857142857,0.1951219512195122,0.5723938223938223,-0.019904289086766613
xerces-1.2,POST_TFIDF,SMOTE,ET,5,0.6704545454545454,0.25,0.4666666666666667,0.32558139534883723,0.6575342465753425,0.14450882536657755
xerces-1.2,POST_TFIDF,SMOTE,SVM_RBF,1,0.6590909090909091,0.2894736842105263,0.7857142857142857,0.4230769230769231,0.6776061776061776,0.3107633619012751
xerces-1.2,POST_TFIDF,SMOTE,SVM_RBF,2,0.5795454545454546,0.20512820512820512,0.5714285714285714,0.3018867924528302,0.6389961389961389,0.11229149547636604
xerces-1.2,POST_TFIDF,SMOTE,SVM_RBF,3,0.6136363636363636,0.2727272727272727,0.8571428571428571,0.41379310344827586,0.790057915057915,0.31068488300060004
xerces-1.2,POST_TFIDF,SMOTE,SVM_RBF,4,0.625,0.21212121212121213,0.5,0.2978723404255319,0.5912162162162162,0.11230588859277423
xerces-1.2,POST_TFIDF,SMOTE,SVM_RBF,5,0.6704545454545454,0.3055555555555556,0.7333333333333333,0.43137254901960786,0.6899543378995435,0.2989398327617097
xerces-1.2,POST_TFIDF,SMOTE,GB,1,0.7045454545454546,0.2857142857142857,0.5714285714285714,0.38095238095238093,0.6505791505791505,0.2364939719877478
xerces-1.2,POST_TFIDF,SMOTE,GB,2,0.6704545454545454,0.25806451612903225,0.5714285714285714,0.35555555555555557,0.6515444015444016,0.19955637750363753
xerces-1.2,POST_TFIDF,SMOTE,GB,3,0.7045454545454546,0.3125,0.7142857142857143,0.43478260869565216,0.7784749034749036,0.3170551898031891
xerces-1.2,POST_TFIDF,SMOTE,GB,4,0.6704545454545454,0.2222222222222222,0.42857142857142855,0.2926829268292683,0.6230694980694981,0.11483243703903816
xerces-1.2,POST_TFIDF,SMOTE,GB,5,0.6363636363636364,0.2571428571428571,0.6,0.36,0.6598173515981736,0.1873407457936567
xerces-1.2,POST_TFIDF,BLSMOTE,LR,1,0.6136363636363636,0.25,0.7142857142857143,0.37037037037037035,0.6583011583011583,0.22689215826037593
xerces-1.2,POST_TFIDF,BLSMOTE,LR,2,0.6136363636363636,0.23684210526315788,0.6428571428571429,0.34615384615384615,0.6467181467181468,0.18531760113378792
xerces-1.2,POST_TFIDF,BLSMOTE,LR,3,0.6136363636363636,0.2619047619047619,0.7857142857142857,0.39285714285714285,0.7012548262548263,0.2685963816647483
xerces-1.2,POST_TFIDF,BLSMOTE,LR,4,0.625,0.1935483870967742,0.42857142857142855,0.26666666666666666,0.5825289575289575,0.06947518327904417
xerces-1.2,POST_TFIDF,BLSMOTE,LR,5,0.6818181818181818,0.3142857142857143,0.7333333333333333,0.44,0.7118721461187214,0.31083127485614204
xerces-1.2,POST_TFIDF,BLSMOTE,RF,1,0.6931818181818182,0.25925925925925924,0.5,0.34146341463414637,0.6496138996138996,0.18220080010194054
xerces-1.2,POST_TFIDF,BLSMOTE,RF,2,0.6818181818181818,0.26666666666666666,0.5714285714285714,0.36363636363636365,0.6911196911196912,0.21152603960959654
xerces-1.2,POST_TFIDF,BLSMOTE,RF,3,0.7159090909090909,0.3225806451612903,0.7142857142857143,0.4444444444444444,0.76496138996139,0.3296375717282309
xerces-1.2,POST_TFIDF,BLSMOTE,RF,4,0.6477272727272727,0.16,0.2857142857142857,0.20512820512820512,0.5941119691119691,0.0015657046410034027
xerces-1.2,POST_TFIDF,BLSMOTE,RF,5,0.6704545454545454,0.28125,0.6,0.3829787234042553,0.6762557077625571,0.22272990496903347
xerces-1.2,POST_TFIDF,BLSMOTE,ET,1,0.6818181818181818,0.23076923076923078,0.42857142857142855,0.3,0.6438223938223938,0.12690579427752563
xerces-1.2,POST_TFIDF,BLSMOTE,ET,2,0.6931818181818182,0.27586206896551724,0.5714285714285714,0.37209302325581395,0.6978764478764479,0.22382643709798494
xerces-1.2,POST_TFIDF,BLSMOTE,ET,3,0.7159090909090909,0.3225806451612903,0.7142857142857143,0.4444444444444444,0.7543436293436293,0.3296375717282309
xerces-1.2,POST_TFIDF,BLSMOTE,ET,4,0.6477272727272727,0.16,0.2857142857142857,0.20512820512820512,0.5694980694980695,0.0015657046410034027
xerces-1.2,POST_TFIDF,BLSMOTE,ET,5,0.6704545454545454,0.25,0.4666666666666667,0.32558139534883723,0.6502283105022832,0.14450882536657755
xerces-1.2,POST_TFIDF,BLSMOTE,SVM_RBF,1,0.625,0.24324324324324326,0.6428571428571429,0.35294117647058826,0.6776061776061776,0.1959678080849188
xerces-1.2,POST_TFIDF,BLSMOTE,SVM_RBF,2,0.6363636363636364,0.25,0.6428571428571429,0.36,0.6660231660231659,0.20680435867757424
xerces-1.2,POST_TFIDF,BLSMOTE,SVM_RBF,3,0.6022727272727273,0.2558139534883721,0.7857142857142857,0.38596491228070173,0.7437258687258688,0.2585001045098558
xerces-1.2,POST_TFIDF,BLSMOTE,SVM_RBF,4,0.6363636363636364,0.21875,0.5,0.30434782608695654,0.6346525096525096,0.12329924047901797
xerces-1.2,POST_TFIDF,BLSMOTE,SVM_RBF,5,0.6590909090909091,0.2972972972972973,0.7333333333333333,0.4230769230769231,0.693607305936073,0.28731416772953877
xerces-1.2,POST_TFIDF,BLSMOTE,GB,1,0.6931818181818182,0.27586206896551724,0.5714285714285714,0.37209302325581395,0.6486486486486487,0.22382643709798494
xerces-1.2,POST_TFIDF,BLSMOTE,GB,2,0.6590909090909091,0.25,0.5714285714285714,0.34782608695652173,0.6573359073359074,0.18788455692040834
xerces-1.2,POST_TFIDF,BLSMOTE,GB,3,0.7045454545454546,0.3235294117647059,0.7857142857142857,0.4583333333333333,0.7794401544401544,0.3567376003409363
xerces-1.2,POST_TFIDF,BLSMOTE,GB,4,0.6477272727272727,0.18518518518518517,0.35714285714285715,0.24390243902439024,0.5709459459459459,0.04746407397613577
xerces-1.2,POST_TFIDF,BLSMOTE,GB,5,0.6818181818181818,0.30303030303030304,0.6666666666666666,0.4166666666666667,0.6963470319634704,0.2730960101243046
xerces-1.2,RISK_FEATURES,NONE,LR,1,0.8409090909090909,0.0,0.0,0.0,0.6196911196911197,0.0
xerces-1.2,RISK_FEATURES,NONE,LR,2,0.8409090909090909,0.0,0.0,0.0,0.5965250965250966,0.0
xerces-1.2,RISK_FEATURES,NONE,LR,3,0.8409090909090909,0.0,0.0,0.0,0.5670849420849421,0.0
xerces-1.2,RISK_FEATURES,NONE,LR,4,0.8409090909090909,0.0,0.0,0.0,0.4242277992277992,0.0
xerces-1.2,RISK_FEATURES,NONE,LR,5,0.8295454545454546,0.0,0.0,0.0,0.6858447488584474,0.0
xerces-1.2,RISK_FEATURES,NONE,RF,1,0.8409090909090909,0.0,0.0,0.0,0.7171814671814671,0.0
xerces-1.2,RISK_FEATURES,NONE,RF,2,0.8295454545454546,0.3333333333333333,0.07142857142857142,0.11764705882352941,0.6148648648648649,0.08949687347964475
xerces-1.2,RISK_FEATURES,NONE,RF,3,0.8522727272727273,1.0,0.07142857142857142,0.13333333333333333,0.6944980694980694,0.24648597651267215
xerces-1.2,RISK_FEATURES,NONE,RF,4,0.8409090909090909,0.0,0.0,0.0,0.5526061776061776,0.0
xerces-1.2,RISK_FEATURES,NONE,RF,5,0.8409090909090909,1.0,0.06666666666666667,0.125,0.7283105022831051,0.23651363030068195
xerces-1.2,RISK_FEATURES,NONE,ET,1,0.8409090909090909,0.0,0.0,0.0,0.666023166023166,0.0
xerces-1.2,RISK_FEATURES,NONE,ET,2,0.8295454545454546,0.3333333333333333,0.07142857142857142,0.11764705882352941,0.6167953667953668,0.08949687347964475
xerces-1.2,RISK_FEATURES,NONE,ET,3,0.8522727272727273,1.0,0.07142857142857142,0.13333333333333333,0.6862934362934363,0.24648597651267215
xerces-1.2,RISK_FEATURES,NONE,ET,4,0.8409090909090909,0.0,0.0,0.0,0.5661196911196911,0.0
xerces-1.2,RISK_FEATURES,NONE,ET,5,0.8409090909090909,1.0,0.06666666666666667,0.125,0.7296803652968037,0.23651363030068195
xerces-1.2,RISK_FEATURES,NONE,SVM_RBF,1,0.8409090909090909,0.0,0.0,0.0,0.5994208494208495,0.0
xerces-1.2,RISK_FEATURES,NONE,SVM_RBF,2,0.8295454545454546,0.3333333333333333,0.07142857142857142,0.11764705882352941,0.5579150579150579,0.08949687347964475
xerces-1.2,RISK_FEATURES,NONE,SVM_RBF,3,0.8409090909090909,0.0,0.0,0.0,0.47635135135135137,0.0
xerces-1.2,RISK_FEATURES,NONE,SVM_RBF,4,0.8409090909090909,0.0,0.0,0.0,0.4724903474903475,0.0
xerces-1.2,RISK_FEATURES,NONE,SVM_RBF,5,0.8295454545454546,0.0,0.0,0.0,0.5123287671232877,0.0
xerces-1.2,RISK_FEATURES,NONE,GB,1,0.8409090909090909,0.0,0.0,0.0,0.6824324324324325,0.0
xerces-1.2,RISK_FEATURES,NONE,GB,2,0.8295454545454546,0.3333333333333333,0.07142857142857142,0.11764705882352941,0.6167953667953667,0.08949687347964475
xerces-1.2,RISK_FEATURES,NONE,GB,3,0.8522727272727273,1.0,0.07142857142857142,0.13333333333333333,0.678088803088803,0.24648597651267215
xerces-1.2,RISK_FEATURES,NONE,GB,4,0.8409090909090909,0.0,0.0,0.0,0.5555019305019305,0.0
xerces-1.2,RISK_FEATURES,NONE,GB,5,0.8409090909090909,1.0,0.06666666666666667,0.125,0.7305936073059361,0.23651363030068195
xerces-1.2,RISK_FEATURES,SMOTE,LR,1,0.5681818181818182,0.2391304347826087,0.7857142857142857,0.36666666666666664,0.6264478764478765,0.22901375699836435
xerces-1.2,RISK_FEATURES,SMOTE,LR,2,0.5795454545454546,0.20512820512820512,0.5714285714285714,0.3018867924528302,0.5781853281853282,0.11229149547636604
xerces-1.2,RISK_FEATURES,SMOTE,LR,3,0.4431818181818182,0.19298245614035087,0.7857142857142857,0.30985915492957744,0.5670849420849421,0.12564660805784586
xerces-1.2,RISK_FEATURES,SMOTE,LR,4,0.5454545454545454,0.1388888888888889,0.35714285714285715,0.2,0.4232625482625483,-0.04595652415057205
xerces-1.2,RISK_FEATURES,SMOTE,LR,5,0.7159090909090909,0.3076923076923077,0.5333333333333333,0.3902439024390244,0.691324200913242,0.2363415447282356
xerces-1.2,RISK_FEATURES,SMOTE,RF,1,0.6590909090909091,0.2647058823529412,0.6428571428571429,0.375,0.6747104247104249,0.22912414981247128
xerces-1.2,RISK_FEATURES,SMOTE,RF,2,0.5568181818181818,0.1951219512195122,0.5714285714285714,0.2909090909090909,0.6216216216216216,0.09200737011819818
xerces-1.2,RISK_FEATURES,SMOTE,RF,3,0.5227272727272727,0.20833333333333334,0.7142857142857143,0.3225806451612903,0.6221042471042472,0.14747990286924437
xerces-1.2,RISK_FEATURES,SMOTE,RF,4,0.5795454545454546,0.15151515151515152,0.35714285714285715,0.2127659574468085,0.5294401544401545,-0.016043698370396316
xerces-1.2,RISK_FEATURES,SMOTE,RF,5,0.5681818181818182,0.23255813953488372,0.6666666666666666,0.3448275862068966,0.6826484018264841,0.16144340846441746
xerces-1.2,RISK_FEATURES,SMOTE,ET,1,0.6477272727272727,0.2571428571428571,0.6428571428571429,0.3673469387755102,0.6737451737451737,0.2178487680319041
xerces-1.2,RISK_FEATURES,SMOTE,ET,2,0.5568181818181818,0.1951219512195122,0.5714285714285714,0.2909090909090909,0.6206563706563707,0.09200737011819818
xerces-1.2,RISK_FEATURES,SMOTE,ET,3,0.5340909090909091,0.2127659574468085,0.7142857142857143,0.32786885245901637,0.622104247104247,0.15712027820184613
xerces-1.2,RISK_FEATURES,SMOTE,ET,4,0.5795454545454546,0.15151515151515152,0.35714285714285715,0.2127659574468085,0.5304054054054054,-0.016043698370396316
xerces-1.2,RISK_FEATURES,SMOTE,ET,5,0.5909090909090909,0.23076923076923078,0.6,0.3333333333333333,0.6840182648401827,0.14309779519510127
xerces-1.2,RISK_FEATURES,SMOTE,SVM_RBF,1,0.4772727272727273,0.2037037037037037,0.7857142857142857,0.3235294117647059,0.6447876447876447,0.15371620177292378
xerces-1.2,RISK_FEATURES,SMOTE,SVM_RBF,2,0.5,0.1875,0.6428571428571429,0.2903225806451613,0.5501930501930501,0.08508455934764098
xerces-1.2,RISK_FEATURES,SMOTE,SVM_RBF,3,0.5227272727272727,0.20833333333333334,0.7142857142857143,0.3225806451612903,0.6085907335907337,0.14747990286924437
xerces-1.2,RISK_FEATURES,SMOTE,SVM_RBF,4,0.5568181818181818,0.16216216216216217,0.42857142857142855,0.23529411764705882,0.486003861003861,0.007152109784121123
xerces-1.2,RISK_FEATURES,SMOTE,SVM_RBF,5,0.4772727272727273,0.22807017543859648,0.8666666666666667,0.3611111111111111,0.5908675799086758,0.20776505744999083
xerces-1.2,RISK_FEATURES,SMOTE,GB,1,0.6590909090909091,0.2647058823529412,0.6428571428571429,0.375,0.666988416988417,0.22912414981247128
xerces-1.2,RISK_FEATURES,SMOTE,GB,2,0.5681818181818182,0.2,0.5714285714285714,0.2962962962962963,0.609073359073359,0.10210147121716917
xerces-1.2,RISK_FEATURES,SMOTE,GB,3,0.5340909090909091,0.2127659574468085,0.7142857142857143,0.32786885245901637,0.6211389961389961,0.15712027820184613
xerces-1.2,RISK_FEATURES,SMOTE,GB,4,0.5795454545454546,0.15151515151515152,0.35714285714285715,0.2127659574468085,0.543918918918919,-0.016043698370396316
xerces-1.2,RISK_FEATURES,SMOTE,GB,5,0.5681818181818182,0.23255813953488372,0.6666666666666666,0.3448275862068966,0.6840182648401828,0.16144340846441746
xerces-1.2,RISK_FEATURES,BLSMOTE,LR,1,0.5681818181818182,0.2391304347826087,0.7857142857142857,0.36666666666666664,0.6264478764478765,0.22901375699836435
xerces-1.2,RISK_FEATURES,BLSMOTE,LR,2,0.5909090909090909,0.225,0.6428571428571429,0.3333333333333333,0.5752895752895753,0.16449681473877256
xerces-1.2,RISK_FEATURES,BLSMOTE,LR,3,0.4431818181818182,0.19298245614035087,0.7857142857142857,0.30985915492957744,0.542953667953668,0.12564660805784586
xerces-1.2,RISK_FEATURES,BLSMOTE,LR,4,0.5454545454545454,0.1388888888888889,0.35714285714285715,0.2,0.4165057915057915,-0.04595652415057205
xerces-1.2,RISK_FEATURES,BLSMOTE,LR,5,0.4659090909090909,0.15217391304347827,0.4666666666666667,0.22950819672131148,0.5333333333333333,-0.05087695363303322
xerces-1.2,RISK_FEATURES,BLSMOTE,RF,1,0.48863636363636365,0.20754716981132076,0.7857142857142857,0.3283582089552239,0.6747104247104247,0.16302589925566333
xerces-1.2,RISK_FEATURES,BLSMOTE,RF,2,0.6931818181818182,0.25925925925925924,0.5,0.34146341463414637,0.6196911196911197,0.18220080010194054
xerces-1.2,RISK_FEATURES,BLSMOTE,RF,3,0.5340909090909091,0.2127659574468085,0.7142857142857143,0.32786885245901637,0.6558880308880308,0.15712027820184613
xerces-1.2,RISK_FEATURES,BLSMOTE,RF,4,0.5795454545454546,0.15151515151515152,0.35714285714285715,0.2127659574468085,0.5497104247104247,-0.016043698370396316
xerces-1.2,RISK_FEATURES,BLSMOTE,RF,5,0.5795454545454546,0.17647058823529413,0.4,0.24489795918367346,0.5200913242009133,0.012694894822438666
xerces-1.2,RISK_FEATURES,BLSMOTE,ET,1,0.4772727272727273,0.2037037037037037,0.7857142857142857,0.3235294117647059,0.6737451737451737,0.15371620177292378
xerces-1.2,RISK_FEATURES,BLSMOTE,ET,2,0.7045454545454546,0.2692307692307692,0.5,0.35,0.6206563706563707,0.19500158632888084
xerces-1.2,RISK_FEATURES,BLSMOTE,ET,3,0.5340909090909091,0.2127659574468085,0.7142857142857143,0.32786885245901637,0.6520270270270271,0.15712027820184613
xerces-1.2,RISK_FEATURES,BLSMOTE,ET,4,0.5795454545454546,0.15151515151515152,0.35714285714285715,0.2127659574468085,0.4777992277992278,-0.016043698370396316
xerces-1.2,RISK_FEATURES,BLSMOTE,ET,5,0.6022727272727273,0.16666666666666666,0.3333333333333333,0.2222222222222222,0.5214611872146119,-0.00724466513640519
xerces-1.2,RISK_FEATURES,BLSMOTE,SVM_RBF,1,0.4659090909090909,0.2,0.7857142857142857,0.3188405797101449,0.6766409266409267,0.14439328533356685
xerces-1.2,RISK_FEATURES,BLSMOTE,SVM_RBF,2,0.5,0.1875,0.6428571428571429,0.2903225806451613,0.5994208494208494,0.08508455934764098
xerces-1.2,RISK_FEATURES,BLSMOTE,SVM_RBF,3,0.4659090909090909,0.2,0.7857142857142857,0.3188405797101449,0.597972972972973,0.14439328533356685
xerces-1.2,RISK_FEATURES,BLSMOTE,SVM_RBF,4,0.5795454545454546,0.15151515151515152,0.35714285714285715,0.2127659574468085,0.4329150579150579,-0.016043698370396316
xerces-1.2,RISK_FEATURES,BLSMOTE,SVM_RBF,5,0.5454545454545454,0.16216216216216217,0.4,0.23076923076923078,0.5196347031963471,-0.01878325067481246
xerces-1.2,RISK_FEATURES,BLSMOTE,GB,1,0.48863636363636365,0.20754716981132076,0.7857142857142857,0.3283582089552239,0.667953667953668,0.16302589925566333
xerces-1.2,RISK_FEATURES,BLSMOTE,GB,2,0.6931818181818182,0.25925925925925924,0.5,0.34146341463414637,0.6052123552123552,0.18220080010194054
xerces-1.2,RISK_FEATURES,BLSMOTE,GB,3,0.5340909090909091,0.2127659574468085,0.7142857142857143,0.32786885245901637,0.6481660231660231,0.15712027820184613
xerces-1.2,RISK_FEATURES,BLSMOTE,GB,4,0.5795454545454546,0.15151515151515152,0.35714285714285715,0.2127659574468085,0.5275096525096524,-0.016043698370396316
xerces-1.2,RISK_FEATURES,BLSMOTE,GB,5,0.5795454545454546,0.17647058823529413,0.4,0.24489795918367346,0.5205479452054795,0.012694894822438666
xerces-1.2,METRICS_RISK,NONE,LR,1,0.8522727272727273,0.6666666666666666,0.14285714285714285,0.23529411764705882,0.6592664092664092,0.2607082836146173
xerces-1.2,METRICS_RISK,NONE,LR,2,0.8068181818181818,0.2,0.07142857142857142,0.10526315789473684,0.5743243243243243,0.02745165795863452
xerces-1.2,METRICS_RISK,NONE,LR,3,0.8522727272727273,1.0,0.07142857142857142,0.13333333333333333,0.6592664092664093,0.24648597651267215
xerces-1.2,METRICS_RISK,NONE,LR,4,0.8522727272727273,1.0,0.07142857142857142,0.13333333333333333,0.5386100386100386,0.24648597651267215
xerces-1.2,METRICS_RISK,NONE,LR,5,0.7954545454545454,0.0,0.0,0.0,0.6799086757990868,-0.08515994337054893
xerces-1.2,METRICS_RISK,NONE,RF,1,0.7727272727272727,0.25,0.21428571428571427,0.23076923076923078,0.7480694980694981,0.0987629232924629
xerces-1.2,METRICS_RISK,NONE,RF,2,0.8409090909090909,0.5,0.2857142857142857,0.36363636363636365,0.8001930501930503,0.29474155945944724
xerces-1.2,METRICS_RISK,NONE,RF,3,0.8636363636363636,0.625,0.35714285714285715,0.45454545454545453,0.8947876447876448,0.4028134645945779
xerces-1.2,METRICS_RISK,NONE,RF,4,0.8181818181818182,0.375,0.21428571428571427,0.2727272727272727,0.7697876447876448,0.18666965432431656
xerces-1.2,METRICS_RISK,NONE,RF,5,0.8181818181818182,0.4,0.13333333333333333,0.2,0.6926940639269407,0.14982706284053374
xerces-1.2,METRICS_RISK,NONE,ET,1,0.7954545454545454,0.3333333333333333,0.2857142857142857,0.3076923076923077,0.6925675675675675,0.18929560297722056
xerces-1.2,METRICS_RISK,NONE,ET,2,0.8636363636363636,0.6,0.42857142857142855,0.5,0.738899613899614,0.4316229677605054
xerces-1.2,METRICS_RISK,NONE,ET,3,0.875,0.6363636363636364,0.5,0.56,0.8807915057915059,0.4931969619160719
xerces-1.2,METRICS_RISK,NONE,ET,4,0.8295454545454546,0.42857142857142855,0.21428571428571427,0.2857142857142857,0.7770270270270271,0.21658914200547072
xerces-1.2,METRICS_RISK,NONE,ET,5,0.8181818181818182,0.4,0.13333333333333333,0.2,0.708675799086758,0.14982706284053374
xerces-1.2,METRICS_RISK,NONE,SVM_RBF,1,0.8409090909090909,0.0,0.0,0.0,0.6747104247104247,0.0
xerces-1.2,METRICS_RISK,NONE,SVM_RBF,2,0.8409090909090909,0.0,0.0,0.0,0.7113899613899615,0.0
xerces-1.2,METRICS_RISK,NONE,SVM_RBF,3,0.8409090909090909,0.0,0.0,0.0,0.8996138996138997,0.0
xerces-1.2,METRICS_RISK,NONE,SVM_RBF,4,0.8409090909090909,0.0,0.0,0.0,0.6882239382239382,0.0
xerces-1.2,METRICS_RISK,NONE,SVM_RBF,5,0.8295454545454546,0.0,0.0,0.0,0.6552511415525114,0.0
xerces-1.2,METRICS_RISK,NONE,GB,1,0.8295454545454546,0.45454545454545453,0.35714285714285715,0.4,0.8214285714285714,0.30531240499566353
xerces-1.2,METRICS_RISK,NONE,GB,2,0.8068181818181818,0.38461538461538464,0.35714285714285715,0.37037037037037035,0.8117760617760618,0.2567068871269836
xerces-1.2,METRICS_RISK,NONE,GB,3,0.8636363636363636,0.6,0.42857142857142855,0.5,0.9063706563706564,0.4316229677605054
xerces-1.2,METRICS_RISK,NONE,GB,4,0.8636363636363636,0.6666666666666666,0.2857142857142857,0.4,0.7693050193050193,0.3753810674354723
xerces-1.2,METRICS_RISK,NONE,GB,5,0.8522727272727273,0.625,0.3333333333333333,0.43478260869565216,0.7922374429223744,0.38225478605399726
xerces-1.2,METRICS_RISK,SMOTE,LR,1,0.625,0.22857142857142856,0.5714285714285714,0.32653061224489793,0.6901544401544402,0.15436965681730952
xerces-1.2,METRICS_RISK,SMOTE,LR,2,0.5909090909090909,0.225,0.6428571428571429,0.3333333333333333,0.5752895752895753,0.16449681473877256
xerces-1.2,METRICS_RISK,SMOTE,LR,3,0.6136363636363636,0.20588235294117646,0.5,0.2916666666666667,0.6196911196911197,0.10151069928400627
xerces-1.2,METRICS_RISK,SMOTE,LR,4,0.625,0.1724137931034483,0.35714285714285715,0.23255813953488372,0.5212355212355212,0.025537244501112378
xerces-1.2,METRICS_RISK,SMOTE,LR,5,0.7159090909090909,0.3333333333333333,0.6666666666666666,0.4444444444444444,0.7228310502283105,0.3115206008654232
xerces-1.2,METRICS_RISK,SMOTE,RF,1,0.7613636363636364,0.29411764705882354,0.35714285714285715,0.3225806451612903,0.7292471042471043,0.18064163552621088
xerces-1.2,METRICS_RISK,SMOTE,RF,2,0.7954545454545454,0.3888888888888889,0.5,0.4375,0.8088803088803089,0.3185930029073167
xerces-1.2,METRICS_RISK,SMOTE,RF,3,0.8522727272727273,0.5333333333333333,0.5714285714285714,0.5517241379310345,0.8851351351351352,0.4638098970473492
xerces-1.2,METRICS_RISK,SMOTE,RF,4,0.8181818181818182,0.4166666666666667,0.35714285714285715,0.38461538461538464,0.777027027027027,0.27982828266197823
xerces-1.2,METRICS_RISK,SMOTE,RF,5,0.7727272727272727,0.35294117647058826,0.4,0.375,0.7100456621004566,0.2374662819105748
xerces-1.2,METRICS_RISK,SMOTE,ET,1,0.75,0.25,0.2857142857142857,0.26666666666666666,0.69015444015444,0.11716660671033247
xerces-1.2,METRICS_RISK,SMOTE,ET,2,0.8522727272727273,0.5384615384615384,0.5,0.5185185185185185,0.7360038610038611,0.43182476361670885
xerces-1.2,METRICS_RISK,SMOTE,ET,3,0.8522727272727273,0.5333333333333333,0.5714285714285714,0.5517241379310345,0.8706563706563708,0.4638098970473492
xerces-1.2,METRICS_RISK,SMOTE,ET,4,0.8181818181818182,0.4,0.2857142857142857,0.3333333333333333,0.7731660231660231,0.23583522980728647
xerces-1.2,METRICS_RISK,SMOTE,ET,5,0.7613636363636364,0.3125,0.3333333333333333,0.3225806451612903,0.6917808219178082,0.1780724346544534
xerces-1.2,METRICS_RISK,SMOTE,SVM_RBF,1,0.6136363636363636,0.23684210526315788,0.6428571428571429,0.34615384615384615,0.6824324324324323,0.18531760113378792
xerces-1.2,METRICS_RISK,SMOTE,SVM_RBF,2,0.7045454545454546,0.3125,0.7142857142857143,0.43478260869565216,0.777992277992278,0.3170551898031891
xerces-1.2,METRICS_RISK,SMOTE,SVM_RBF,3,0.625,0.24324324324324326,0.6428571428571429,0.35294117647058826,0.7220077220077219,0.1959678080849188
xerces-1.2,METRICS_RISK,SMOTE,SVM_RBF,4,0.625,0.14814814814814814,0.2857142857142857,0.1951219512195122,0.5723938223938224,-0.019904289086766613
xerces-1.2,METRICS_RISK,SMOTE,SVM_RBF,5,0.7045454545454546,0.3103448275862069,0.6,0.4090909090909091,0.7602739726027398,0.2608171540680873
xerces-1.2,METRICS_RISK,SMOTE,GB,1,0.7954545454545454,0.4,0.5714285714285714,0.47058823529411764,0.8301158301158301,0.3572041737052757
xerces-1.2,METRICS_RISK,SMOTE,GB,2,0.8636363636363636,0.5454545454545454,0.8571428571428571,0.6666666666666666,0.861969111969112,0.609871602834049
xerces-1.2,METRICS_RISK,SMOTE,GB,3,0.8522727272727273,0.5263157894736842,0.7142857142857143,0.6060606060606061,0.8426640926640927,0.5268501979861466
xerces-1.2,METRICS_RISK,SMOTE,GB,4,0.8068181818181818,0.36363636363636365,0.2857142857142857,0.32,0.7480694980694981,0.21137012653545936
xerces-1.2,METRICS_RISK,SMOTE,GB,5,0.75,0.29411764705882354,0.3333333333333333,0.3125,0.7712328767123289,0.16092037418848476
xerces-1.2,METRICS_RISK,BLSMOTE,LR,1,0.6136363636363636,0.25,0.7142857142857143,0.37037037037037035,0.7055984555984556,0.22689215826037593
xerces-1.2,METRICS_RISK,BLSMOTE,LR,2,0.5681818181818182,0.2,0.5714285714285714,0.2962962962962963,0.5791505791505792,0.10210147121716917
xerces-1.2,METRICS_RISK,BLSMOTE,LR,3,0.625,0.22857142857142856,0.5714285714285714,0.32653061224489793,0.6428571428571428,0.15436965681730952
xerces-1.2,METRICS_RISK,BLSMOTE,LR,4,0.5909090909090909,0.19444444444444445,0.5,0.28,0.5550193050193051,0.0804239172635011
xerces-1.2,METRICS_RISK,BLSMOTE,LR,5,0.6704545454545454,0.28125,0.6,0.3829787234042553,0.7045662100456621,0.22272990496903347
xerces-1.2,METRICS_RISK,BLSMOTE,RF,1,0.75,0.25,0.2857142857142857,0.26666666666666666,0.7586872586872586,0.11716660671033247
xerces-1.2,METRICS_RISK,BLSMOTE,RF,2,0.7954545454545454,0.4,0.5714285714285714,0.47058823529411764,0.806949806949807,0.3572041737052757
xerces-1.2,METRICS_RISK,BLSMOTE,RF,3,0.8636363636363636,0.5625,0.6428571428571429,0.6,0.8735521235521234,0.5199268172771003
xerces-1.2,METRICS_RISK,BLSMOTE,RF,4,0.8068181818181818,0.3333333333333333,0.21428571428571427,0.2608695652173913,0.79488416988417,0.1607919893177125
xerces-1.2,METRICS_RISK,BLSMOTE,RF,5,0.8181818181818182,0.4666666666666667,0.4666666666666667,0.4666666666666667,0.7178082191780822,0.35707762557077627
xerces-1.2,METRICS_RISK,BLSMOTE,ET,1,0.7272727272727273,0.2222222222222222,0.2857142857142857,0.25,0.6838803088803089,0.08752555024926283
xerces-1.2,METRICS_RISK,BLSMOTE,ET,2,0.8409090909090909,0.5,0.42857142857142855,0.46153846153846156,0.7335907335907336,0.3703609623467359
xerces-1.2,METRICS_RISK,BLSMOTE,ET,3,0.8636363636363636,0.5625,0.6428571428571429,0.6,0.8745173745173745,0.5199268172771003
xerces-1.2,METRICS_RISK,BLSMOTE,ET,4,0.8181818181818182,0.375,0.21428571428571427,0.2727272727272727,0.778957528957529,0.18666965432431656
xerces-1.2,METRICS_RISK,BLSMOTE,ET,5,0.7954545454545454,0.38461538461538464,0.3333333333333333,0.35714285714285715,0.7031963470319635,0.2371137379319794
xerces-1.2,METRICS_RISK,BLSMOTE,SVM_RBF,1,0.5795454545454546,0.20512820512820512,0.5714285714285714,0.3018867924528302,0.6969111969111969,0.11229149547636604
xerces-1.2,METRICS_RISK,BLSMOTE,SVM_RBF,2,0.7840909090909091,0.38095238095238093,0.5714285714285714,0.45714285714285713,0.8137065637065638,0.33959159306032227
xerces-1.2,METRICS_RISK,BLSMOTE,SVM_RBF,3,0.6363636363636364,0.2631578947368421,0.7142857142857143,0.38461538461538464,0.7287644787644788,0.24804048151753152
xerces-1.2,METRICS_RISK,BLSMOTE,SVM_RBF,4,0.6363636363636364,0.15384615384615385,0.2857142857142857,0.2,0.5608108108108107,-0.009285789825184802
xerces-1.2,METRICS_RISK,BLSMOTE,SVM_RBF,5,0.7272727272727273,0.3333333333333333,0.6,0.42857142857142855,0.7940639269406393,0.2881755335019611
xerces-1.2,METRICS_RISK,BLSMOTE,GB,1,0.7727272727272727,0.375,0.6428571428571429,0.47368421052631576,0.8359073359073359,0.3614842312201867
xerces-1.2,METRICS_RISK,BLSMOTE,GB,2,0.8181818181818182,0.4583333333333333,0.7857142857142857,0.5789473684210527,0.8445945945945945,0.501004460813943
xerces-1.2,METRICS_RISK,BLSMOTE,GB,3,0.8636363636363636,0.5625,0.6428571428571429,0.6,0.8436293436293436,0.5199268172771003
xerces-1.2,METRICS_RISK,BLSMOTE,GB,4,0.8181818181818182,0.4,0.2857142857142857,0.3333333333333333,0.7775096525096524,0.23583522980728647
xerces-1.2,METRICS_RISK,BLSMOTE,GB,5,0.7954545454545454,0.4,0.4,0.4,0.8050228310502283,0.27671232876712326
xerces-1.2,METRICS_POST_TFIDF_RISK,NONE,LR,1,0.8522727272727273,0.6666666666666666,0.14285714285714285,0.23529411764705882,0.6805019305019305,0.2607082836146173
xerces-1.2,METRICS_POST_TFIDF_RISK,NONE,LR,2,0.8068181818181818,0.2,0.07142857142857142,0.10526315789473684,0.611003861003861,0.02745165795863452
xerces-1.2,METRICS_POST_TFIDF_RISK,NONE,LR,3,0.8522727272727273,1.0,0.07142857142857142,0.13333333333333333,0.6776061776061776,0.24648597651267215
xerces-1.2,METRICS_POST_TFIDF_RISK,NONE,LR,4,0.8522727272727273,1.0,0.07142857142857142,0.13333333333333333,0.5608108108108107,0.24648597651267215
xerces-1.2,METRICS_POST_TFIDF_RISK,NONE,LR,5,0.7954545454545454,0.0,0.0,0.0,0.6981735159817353,-0.08515994337054893
xerces-1.2,METRICS_POST_TFIDF_RISK,NONE,RF,1,0.7613636363636364,0.26666666666666666,0.2857142857142857,0.27586206896551724,0.6534749034749034,0.13332187324033115
xerces-1.2,METRICS_POST_TFIDF_RISK,NONE,RF,2,0.8295454545454546,0.4444444444444444,0.2857142857142857,0.34782608695652173,0.77992277992278,0.2633260114913263
xerces-1.2,METRICS_POST_TFIDF_RISK,NONE,RF,3,0.8863636363636364,0.75,0.42857142857142855,0.5454545454545454,0.8754826254826255,0.5108853697297085
xerces-1.2,METRICS_POST_TFIDF_RISK,NONE,RF,4,0.8181818181818182,0.3333333333333333,0.14285714285714285,0.2,0.7398648648648649,0.12886215747784868
xerces-1.2,METRICS_POST_TFIDF_RISK,NONE,RF,5,0.8295454545454546,0.5,0.13333333333333333,0.21052631578947367,0.6675799086757992,0.1912411254934916
xerces-1.2,METRICS_POST_TFIDF_RISK,NONE,ET,1,0.7727272727272727,0.2857142857142857,0.2857142857142857,0.2857142857142857,0.6611969111969112,0.15057915057915058
xerces-1.2,METRICS_POST_TFIDF_RISK,NONE,ET,2,0.8409090909090909,0.5,0.35714285714285715,0.4166666666666667,0.7075289575289575,0.33372909878389595
xerces-1.2,METRICS_POST_TFIDF_RISK,NONE,ET,3,0.875,0.6666666666666666,0.42857142857142855,0.5217391304347826,0.8783783783783785,0.4683940558385538
xerces-1.2,METRICS_POST_TFIDF_RISK,NONE,ET,4,0.8295454545454546,0.42857142857142855,0.21428571428571427,0.2857142857142857,0.7432432432432432,0.21658914200547072
xerces-1.2,METRICS_POST_TFIDF_RISK,NONE,ET,5,0.8181818181818182,0.42857142857142855,0.2,0.2727272727272727,0.6547945205479453,0.20178948655314144
xerces-1.2,METRICS_POST_TFIDF_RISK,NONE,SVM_RBF,1,0.8409090909090909,0.0,0.0,0.0,0.6785714285714286,0.0
xerces-1.2,METRICS_POST_TFIDF_RISK,NONE,SVM_RBF,2,0.8409090909090909,0.0,0.0,0.0,0.7142857142857143,0.0
xerces-1.2,METRICS_POST_TFIDF_RISK,NONE,SVM_RBF,3,0.8409090909090909,0.0,0.0,0.0,0.9034749034749036,0.0
xerces-1.2,METRICS_POST_TFIDF_RISK,NONE,SVM_RBF,4,0.8409090909090909,0.0,0.0,0.0,0.7036679536679536,0.0
xerces-1.2,METRICS_POST_TFIDF_RISK,NONE,SVM_RBF,5,0.8295454545454546,0.0,0.0,0.0,0.6442922374429224,0.0
xerces-1.2,METRICS_POST_TFIDF_RISK,NONE,GB,1,0.7954545454545454,0.3333333333333333,0.2857142857142857,0.3076923076923077,0.8030888030888031,0.18929560297722056
xerces-1.2,METRICS_POST_TFIDF_RISK,NONE,GB,2,0.8068181818181818,0.38461538461538464,0.35714285714285715,0.37037037037037035,0.7736486486486486,0.2567068871269836
xerces-1.2,METRICS_POST_TFIDF_RISK,NONE,GB,3,0.9090909090909091,0.875,0.5,0.6363636363636364,0.9063706563706564,0.6189572748648392
xerces-1.2,METRICS_POST_TFIDF_RISK,NONE,GB,4,0.8636363636363636,0.75,0.21428571428571427,0.3333333333333333,0.7466216216216216,0.3525443984223568
xerces-1.2,METRICS_POST_TFIDF_RISK,NONE,GB,5,0.7954545454545454,0.3333333333333333,0.2,0.25,0.6936073059360731,0.14620016082026535
xerces-1.2,METRICS_POST_TFIDF_RISK,SMOTE,LR,1,0.6704545454545454,0.2727272727272727,0.6428571428571429,0.3829787234042553,0.7046332046332047,0.24065547555594474
xerces-1.2,METRICS_POST_TFIDF_RISK,SMOTE,LR,2,0.6363636363636364,0.2631578947368421,0.7142857142857143,0.38461538461538464,0.611969111969112,0.24804048151753152
xerces-1.2,METRICS_POST_TFIDF_RISK,SMOTE,LR,3,0.6818181818181818,0.29411764705882354,0.7142857142857143,0.4166666666666667,0.6969111969111969,0.2929308750767038
xerces-1.2,METRICS_POST_TFIDF_RISK,SMOTE,LR,4,0.5909090909090909,0.15625,0.35714285714285715,0.21739130434782608,0.5366795366795367,-0.005871392403762761
xerces-1.2,METRICS_POST_TFIDF_RISK,SMOTE,LR,5,0.7045454545454546,0.3103448275862069,0.6,0.4090909090909091,0.7027397260273973,0.2608171540680873
xerces-1.2,METRICS_POST_TFIDF_RISK,SMOTE,RF,1,0.7272727272727273,0.2222222222222222,0.2857142857142857,0.25,0.6563706563706564,0.08752555024926283
xerces-1.2,METRICS_POST_TFIDF_RISK,SMOTE,RF,2,0.8181818181818182,0.42857142857142855,0.42857142857142855,0.42857142857142855,0.8122586872586872,0.3204633204633205
xerces-1.2,METRICS_POST_TFIDF_RISK,SMOTE,RF,3,0.875,0.6153846153846154,0.5714285714285714,0.5925925925925926,0.8692084942084943,0.5193837018615715
xerces-1.2,METRICS_POST_TFIDF_RISK,SMOTE,RF,4,0.8295454545454546,0.45454545454545453,0.35714285714285715,0.4,0.748069498069498,0.30531240499566353
xerces-1.2,METRICS_POST_TFIDF_RISK,SMOTE,RF,5,0.7840909090909091,0.3888888888888889,0.4666666666666667,0.42424242424242425,0.6904109589041094,0.29456677951103954
xerces-1.2,METRICS_POST_TFIDF_RISK,SMOTE,ET,1,0.75,0.2777777777777778,0.35714285714285715,0.3125,0.6443050193050193,0.1645480344686141
xerces-1.2,METRICS_POST_TFIDF_RISK,SMOTE,ET,2,0.8295454545454546,0.45454545454545453,0.35714285714285715,0.4,0.7051158301158301,0.30531240499566353
xerces-1.2,METRICS_POST_TFIDF_RISK,SMOTE,ET,3,0.875,0.6363636363636364,0.5,0.56,0.8585907335907336,0.4931969619160719
xerces-1.2,METRICS_POST_TFIDF_RISK,SMOTE,ET,4,0.8295454545454546,0.4444444444444444,0.2857142857142857,0.34782608695652173,0.7451737451737451,0.2633260114913263
xerces-1.2,METRICS_POST_TFIDF_RISK,SMOTE,ET,5,0.7840909090909091,0.35714285714285715,0.3333333333333333,0.3448275862068966,0.6694063926940639,0.21594387919208566
xerces-1.2,METRICS_POST_TFIDF_RISK,SMOTE,SVM_RBF,1,0.6136363636363636,0.23684210526315788,0.6428571428571429,0.34615384615384615,0.665057915057915,0.18531760113378792
xerces-1.2,METRICS_POST_TFIDF_RISK,SMOTE,SVM_RBF,2,0.7045454545454546,0.3125,0.7142857142857143,0.43478260869565216,0.7828185328185329,0.3170551898031891
xerces-1.2,METRICS_POST_TFIDF_RISK,SMOTE,SVM_RBF,3,0.625,0.24324324324324326,0.6428571428571429,0.35294117647058826,0.7229729729729729,0.1959678080849188
xerces-1.2,METRICS_POST_TFIDF_RISK,SMOTE,SVM_RBF,4,0.625,0.14814814814814814,0.2857142857142857,0.1951219512195122,0.5762548262548262,-0.019904289086766613
xerces-1.2,METRICS_POST_TFIDF_RISK,SMOTE,SVM_RBF,5,0.7045454545454546,0.3103448275862069,0.6,0.4090909090909091,0.7611872146118721,0.2608171540680873
xerces-1.2,METRICS_POST_TFIDF_RISK,SMOTE,GB,1,0.7386363636363636,0.2631578947368421,0.35714285714285715,0.30303030303030304,0.7442084942084941,0.149302824836465
xerces-1.2,METRICS_POST_TFIDF_RISK,SMOTE,GB,2,0.7840909090909091,0.4,0.7142857142857143,0.5128205128205128,0.8556949806949806,0.41491172986590175
xerces-1.2,METRICS_POST_TFIDF_RISK,SMOTE,GB,3,0.8522727272727273,0.5294117647058824,0.6428571428571429,0.5806451612903226,0.8933397683397684,0.4954230994134694
xerces-1.2,METRICS_POST_TFIDF_RISK,SMOTE,GB,4,0.8068181818181818,0.36363636363636365,0.2857142857142857,0.32,0.7075289575289575,0.21137012653545936
xerces-1.2,METRICS_POST_TFIDF_RISK,SMOTE,GB,5,0.7159090909090909,0.2222222222222222,0.26666666666666666,0.24242424242424243,0.7073059360730594,0.06981062404596891
xerces-1.2,METRICS_POST_TFIDF_RISK,BLSMOTE,LR,1,0.7272727272727273,0.32142857142857145,0.6428571428571429,0.42857142857142855,0.7268339768339769,0.303197399984292
xerces-1.2,METRICS_POST_TFIDF_RISK,BLSMOTE,LR,2,0.6363636363636364,0.25,0.6428571428571429,0.36,0.6303088803088803,0.20680435867757424
xerces-1.2,METRICS_POST_TFIDF_RISK,BLSMOTE,LR,3,0.6818181818181818,0.29411764705882354,0.7142857142857143,0.4166666666666667,0.7104247104247103,0.2929308750767038
xerces-1.2,METRICS_POST_TFIDF_RISK,BLSMOTE,LR,4,0.6477272727272727,0.22580645161290322,0.5,0.3111111111111111,0.5656370656370656,0.13451578039134085
xerces-1.2,METRICS_POST_TFIDF_RISK,BLSMOTE,LR,5,0.6818181818181818,0.2903225806451613,0.6,0.391304347826087,0.7018264840182649,0.23508364631884776
xerces-1.2,METRICS_POST_TFIDF_RISK,BLSMOTE,RF,1,0.7386363636363636,0.2631578947368421,0.35714285714285715,0.30303030303030304,0.6747104247104247,0.149302824836465
xerces-1.2,METRICS_POST_TFIDF_RISK,BLSMOTE,RF,2,0.8068181818181818,0.38461538461538464,0.35714285714285715,0.37037037037037035,0.781853281853282,0.2567068871269836
xerces-1.2,METRICS_POST_TFIDF_RISK,BLSMOTE,RF,3,0.8636363636363636,0.5714285714285714,0.5714285714285714,0.5714285714285714,0.8774131274131275,0.49034749034749037
xerces-1.2,METRICS_POST_TFIDF_RISK,BLSMOTE,RF,4,0.8181818181818182,0.4,0.2857142857142857,0.3333333333333333,0.7688223938223938,0.23583522980728647
xerces-1.2,METRICS_POST_TFIDF_RISK,BLSMOTE,RF,5,0.7954545454545454,0.4117647058823529,0.4666666666666667,0.4375,0.7009132420091325,0.31401218963266486
xerces-1.2,METRICS_POST_TFIDF_RISK,BLSMOTE,ET,1,0.7727272727272727,0.3125,0.35714285714285715,0.3333333333333333,0.640926640926641,0.19771864882368606
xerces-1.2,METRICS_POST_TFIDF_RISK,BLSMOTE,ET,2,0.8409090909090909,0.5,0.35714285714285715,0.4166666666666667,0.6867760617760619,0.33372909878389595
xerces-1.2,METRICS_POST_TFIDF_RISK,BLSMOTE,ET,3,0.8863636363636364,0.6428571428571429,0.6428571428571429,0.6428571428571429,0.8735521235521235,0.5752895752895753
xerces-1.2,METRICS_POST_TFIDF_RISK,BLSMOTE,ET,4,0.8181818181818182,0.375,0.21428571428571427,0.2727272727272727,0.7427606177606177,0.18666965432431656
xerces-1.2,METRICS_POST_TFIDF_RISK,BLSMOTE,ET,5,0.7954545454545454,0.38461538461538464,0.3333333333333333,0.35714285714285715,0.6753424657534246,0.2371137379319794
xerces-1.2,METRICS_POST_TFIDF_RISK,BLSMOTE,SVM_RBF,1,0.6590909090909091,0.25,0.5714285714285714,0.34782608695652173,0.7335907335907336,0.18788455692040834
xerces-1.2,METRICS_POST_TFIDF_RISK,BLSMOTE,SVM_RBF,2,0.7840909090909091,0.38095238095238093,0.5714285714285714,0.45714285714285713,0.8059845559845559,0.33959159306032227
xerces-1.2,METRICS_POST_TFIDF_RISK,BLSMOTE,SVM_RBF,3,0.6477272727272727,0.2702702702702703,0.7142857142857143,0.39215686274509803,0.7297297297297296,0.2589063741851847
xerces-1.2,METRICS_POST_TFIDF_RISK,BLSMOTE,SVM_RBF,4,0.625,0.14814814814814814,0.2857142857142857,0.1951219512195122,0.5598455598455598,-0.019904289086766613
xerces-1.2,METRICS_POST_TFIDF_RISK,BLSMOTE,SVM_RBF,5,0.7272727272727273,0.3333333333333333,0.6,0.42857142857142855,0.7949771689497717,0.2881755335019611
xerces-1.2,METRICS_POST_TFIDF_RISK,BLSMOTE,GB,1,0.7386363636363636,0.30434782608695654,0.5,0.3783783783783784,0.7403474903474904,0.2362364220690682
xerces-1.2,METRICS_POST_TFIDF_RISK,BLSMOTE,GB,2,0.7840909090909091,0.391304347826087,0.6428571428571429,0.4864864864864865,0.8354247104247104,0.37765686521245595
xerces-1.2,METRICS_POST_TFIDF_RISK,BLSMOTE,GB,3,0.8636363636363636,0.5555555555555556,0.7142857142857143,0.625,0.8957528957528957,0.5496604555653705
xerces-1.2,METRICS_POST_TFIDF_RISK,BLSMOTE,GB,4,0.8068181818181818,0.38461538461538464,0.35714285714285715,0.37037037037037035,0.7128378378378377,0.2567068871269836
xerces-1.2,METRICS_POST_TFIDF_RISK,BLSMOTE,GB,5,0.7272727272727273,0.2,0.2,0.2,0.7091324200913243,0.03561643835616438
xerces-1.2,METRICS_POST_TFIDF_RISK_SELECTED,NONE,LR,1,0.8522727272727273,0.6666666666666666,0.14285714285714285,0.23529411764705882,0.6640926640926641,0.2607082836146173
xerces-1.2,METRICS_POST_TFIDF_RISK_SELECTED,NONE,LR,2,0.8295454545454546,0.3333333333333333,0.07142857142857142,0.11764705882352941,0.6418918918918919,0.08949687347964475
xerces-1.2,METRICS_POST_TFIDF_RISK_SELECTED,NONE,LR,3,0.8522727272727273,1.0,0.07142857142857142,0.13333333333333333,0.7731660231660231,0.24648597651267215
xerces-1.2,METRICS_POST_TFIDF_RISK_SELECTED,NONE,LR,4,0.8522727272727273,1.0,0.07142857142857142,0.13333333333333333,0.5501930501930501,0.24648597651267215
xerces-1.2,METRICS_POST_TFIDF_RISK_SELECTED,NONE,LR,5,0.8181818181818182,0.0,0.0,0.0,0.7337899543378995,-0.04859869115767437
xerces-1.2,METRICS_POST_TFIDF_RISK_SELECTED,NONE,RF,1,0.7840909090909091,0.3076923076923077,0.2857142857142857,0.2962962962962963,0.6616795366795367,0.16914794888212098
xerces-1.2,METRICS_POST_TFIDF_RISK_SELECTED,NONE,RF,2,0.8295454545454546,0.4444444444444444,0.2857142857142857,0.34782608695652173,0.7794401544401545,0.2633260114913263
xerces-1.2,METRICS_POST_TFIDF_RISK_SELECTED,NONE,RF,3,0.8863636363636364,0.75,0.42857142857142855,0.5454545454545454,0.903957528957529,0.5108853697297085
xerces-1.2,METRICS_POST_TFIDF_RISK_SELECTED,NONE,RF,4,0.8181818181818182,0.4,0.2857142857142857,0.3333333333333333,0.7297297297297297,0.23583522980728647
xerces-1.2,METRICS_POST_TFIDF_RISK_SELECTED,NONE,RF,5,0.8181818181818182,0.4,0.13333333333333333,0.2,0.6611872146118721,0.14982706284053374
xerces-1.2,METRICS_POST_TFIDF_RISK_SELECTED,NONE,ET,1,0.8068181818181818,0.36363636363636365,0.2857142857142857,0.32,0.7451737451737452,0.21137012653545936
xerces-1.2,METRICS_POST_TFIDF_RISK_SELECTED,NONE,ET,2,0.8636363636363636,0.625,0.35714285714285715,0.45454545454545453,0.7326254826254825,0.4028134645945779
xerces-1.2,METRICS_POST_TFIDF_RISK_SELECTED,NONE,ET,3,0.8977272727272727,0.7777777777777778,0.5,0.6086956521739131,0.8943050193050193,0.5709280780121676
xerces-1.2,METRICS_POST_TFIDF_RISK_SELECTED,NONE,ET,4,0.8295454545454546,0.42857142857142855,0.21428571428571427,0.2857142857142857,0.7495173745173745,0.21658914200547072
xerces-1.2,METRICS_POST_TFIDF_RISK_SELECTED,NONE,ET,5,0.8295454545454546,0.5,0.2,0.2857142857142857,0.6707762557077626,0.2370607408548722
xerces-1.2,METRICS_POST_TFIDF_RISK_SELECTED,NONE,SVM_RBF,1,0.8409090909090909,0.0,0.0,0.0,0.7239382239382239,0.0
xerces-1.2,METRICS_POST_TFIDF_RISK_SELECTED,NONE,SVM_RBF,2,0.8409090909090909,0.0,0.0,0.0,0.7046332046332046,0.0
xerces-1.2,METRICS_POST_TFIDF_RISK_SELECTED,NONE,SVM_RBF,3,0.8409090909090909,0.0,0.0,0.0,0.8214285714285714,0.0
xerces-1.2,METRICS_POST_TFIDF_RISK_SELECTED,NONE,SVM_RBF,4,0.8409090909090909,0.0,0.0,0.0,0.7664092664092663,0.0
xerces-1.2,METRICS_POST_TFIDF_RISK_SELECTED,NONE,SVM_RBF,5,0.8295454545454546,0.0,0.0,0.0,0.6872146118721462,0.0
xerces-1.2,METRICS_POST_TFIDF_RISK_SELECTED,NONE,GB,1,0.7954545454545454,0.3333333333333333,0.2857142857142857,0.3076923076923077,0.7915057915057915,0.18929560297722056
xerces-1.2,METRICS_POST_TFIDF_RISK_SELECTED,NONE,GB,2,0.8295454545454546,0.4444444444444444,0.2857142857142857,0.34782608695652173,0.7393822393822393,0.2633260114913263
xerces-1.2,METRICS_POST_TFIDF_RISK_SELECTED,NONE,GB,3,0.9090909090909091,0.8,0.5714285714285714,0.6666666666666666,0.9367760617760618,0.6274107057137244
xerces-1.2,METRICS_POST_TFIDF_RISK_SELECTED,NONE,GB,4,0.8409090909090909,0.5,0.21428571428571427,0.3,0.7326254826254825,0.2521216124566605
xerces-1.2,METRICS_POST_TFIDF_RISK_SELECTED,NONE,GB,5,0.8522727272727273,0.6666666666666666,0.26666666666666666,0.38095238095238093,0.7474885844748859,0.35695352933319835
xerces-1.2,METRICS_POST_TFIDF_RISK_SELECTED,SMOTE,LR,1,0.6136363636363636,0.20588235294117646,0.5,0.2916666666666667,0.7084942084942085,0.10151069928400627
xerces-1.2,METRICS_POST_TFIDF_RISK_SELECTED,SMOTE,LR,2,0.6136363636363636,0.23684210526315788,0.6428571428571429,0.34615384615384615,0.6476833976833977,0.18531760113378792
xerces-1.2,METRICS_POST_TFIDF_RISK_SELECTED,SMOTE,LR,3,0.625,0.2564102564102564,0.7142857142857143,0.37735849056603776,0.7316602316602316,0.23737569296902694
xerces-1.2,METRICS_POST_TFIDF_RISK_SELECTED,SMOTE,LR,4,0.5795454545454546,0.17142857142857143,0.42857142857142855,0.24489795918367346,0.5801158301158301,0.02741143438812038
xerces-1.2,METRICS_POST_TFIDF_RISK_SELECTED,SMOTE,LR,5,0.75,0.3870967741935484,0.8,0.5217391304347826,0.8059360730593607,0.4248759479340643
xerces-1.2,METRICS_POST_TFIDF_RISK_SELECTED,SMOTE,RF,1,0.7386363636363636,0.2631578947368421,0.35714285714285715,0.30303030303030304,0.6452702702702703,0.149302824836465
xerces-1.2,METRICS_POST_TFIDF_RISK_SELECTED,SMOTE,RF,2,0.7727272727272727,0.3125,0.35714285714285715,0.3333333333333333,0.778957528957529,0.19771864882368606
xerces-1.2,METRICS_POST_TFIDF_RISK_SELECTED,SMOTE,RF,3,0.8863636363636364,0.6428571428571429,0.6428571428571429,0.6428571428571429,0.876930501930502,0.5752895752895753
xerces-1.2,METRICS_POST_TFIDF_RISK_SELECTED,SMOTE,RF,4,0.8409090909090909,0.5,0.35714285714285715,0.4166666666666667,0.7741312741312741,0.33372909878389595
xerces-1.2,METRICS_POST_TFIDF_RISK_SELECTED,SMOTE,RF,5,0.7840909090909091,0.375,0.4,0.3870967741935484,0.6821917808219178,0.25642430590241294
xerces-1.2,METRICS_POST_TFIDF_RISK_SELECTED,SMOTE,ET,1,0.7840909090909091,0.3333333333333333,0.35714285714285715,0.3448275862068966,0.624034749034749,0.21594387919208566
xerces-1.2,METRICS_POST_TFIDF_RISK_SELECTED,SMOTE,ET,2,0.7727272727272727,0.2857142857142857,0.2857142857142857,0.2857142857142857,0.6988416988416988,0.15057915057915058
xerces-1.2,METRICS_POST_TFIDF_RISK_SELECTED,SMOTE,ET,3,0.875,0.6153846153846154,0.5714285714285714,0.5925925925925926,0.8827220077220077,0.5193837018615715
xerces-1.2,METRICS_POST_TFIDF_RISK_SELECTED,SMOTE,ET,4,0.8409090909090909,0.5,0.2857142857142857,0.36363636363636365,0.7403474903474903,0.29474155945944724
xerces-1.2,METRICS_POST_TFIDF_RISK_SELECTED,SMOTE,ET,5,0.8068181818181818,0.4166666666666667,0.3333333333333333,0.37037037037037035,0.669406392694064,0.2601769805406243
xerces-1.2,METRICS_POST_TFIDF_RISK_SELECTED,SMOTE,SVM_RBF,1,0.7045454545454546,0.3,0.6428571428571429,0.4090909090909091,0.8030888030888031,0.27706931948862645
xerces-1.2,METRICS_POST_TFIDF_RISK_SELECTED,SMOTE,SVM_RBF,2,0.7045454545454546,0.3125,0.7142857142857143,0.43478260869565216,0.8185328185328186,0.3170551898031891
xerces-1.2,METRICS_POST_TFIDF_RISK_SELECTED,SMOTE,SVM_RBF,3,0.6704545454545454,0.2727272727272727,0.6428571428571429,0.3829787234042553,0.7625482625482625,0.24065547555594474
xerces-1.2,METRICS_POST_TFIDF_RISK_SELECTED,SMOTE,SVM_RBF,4,0.6136363636363636,0.14285714285714285,0.2857142857142857,0.19047619047619047,0.5888030888030888,-0.030319739998429202
xerces-1.2,METRICS_POST_TFIDF_RISK_SELECTED,SMOTE,SVM_RBF,5,0.7159090909090909,0.3333333333333333,0.6666666666666666,0.4444444444444444,0.8041095890410959,0.3115206008654232
xerces-1.2,METRICS_POST_TFIDF_RISK_SELECTED,SMOTE,GB,1,0.75,0.3,0.42857142857142855,0.35294117647058826,0.6891891891891891,0.20893074311063295
xerces-1.2,METRICS_POST_TFIDF_RISK_SELECTED,SMOTE,GB,2,0.8068181818181818,0.44,0.7857142857142857,0.5641025641025641,0.8257722007722007,0.4838027340700515
xerces-1.2,METRICS_POST_TFIDF_RISK_SELECTED,SMOTE,GB,3,0.8409090909090909,0.5,0.6428571428571429,0.5625,0.890926640926641,0.47263797134601926
xerces-1.2,METRICS_POST_TFIDF_RISK_SELECTED,SMOTE,GB,4,0.8068181818181818,0.38461538461538464,0.35714285714285715,0.37037037037037035,0.7022200772200772,0.2567068871269836
xerces-1.2,METRICS_POST_TFIDF_RISK_SELECTED,SMOTE,GB,5,0.75,0.23076923076923078,0.2,0.21428571428571427,0.7401826484018266,0.06677897109104726
xerces-1.2,METRICS_POST_TFIDF_RISK_SELECTED,BLSMOTE,LR,1,0.6931818181818182,0.32432432432432434,0.8571428571428571,0.47058823529411764,0.7615830115830116,0.38478350638571646
xerces-1.2,METRICS_POST_TFIDF_RISK_SELECTED,BLSMOTE,LR,2,0.6818181818181818,0.28125,0.6428571428571429,0.391304347826087,0.6602316602316604,0.2524698733617987
xerces-1.2,METRICS_POST_TFIDF_RISK_SELECTED,BLSMOTE,LR,3,0.6590909090909091,0.2894736842105263,0.7857142857142857,0.4230769230769231,0.7596525096525096,0.3107633619012751
xerces-1.2,METRICS_POST_TFIDF_RISK_SELECTED,BLSMOTE,LR,4,0.5909090909090909,0.17647058823529413,0.42857142857142855,0.25,0.5965250965250964,0.03770397401977375
xerces-1.2,METRICS_POST_TFIDF_RISK_SELECTED,BLSMOTE,LR,5,0.6363636363636364,0.2571428571428571,0.6,0.36,0.7493150684931508,0.1873407457936567
xerces-1.2,METRICS_POST_TFIDF_RISK_SELECTED,BLSMOTE,RF,1,0.7613636363636364,0.3157894736842105,0.42857142857142855,0.36363636363636365,0.6472007722007722,0.22481229946640133
xerces-1.2,METRICS_POST_TFIDF_RISK_SELECTED,BLSMOTE,RF,2,0.7840909090909091,0.3076923076923077,0.2857142857142857,0.2962962962962963,0.7784749034749034,0.16914794888212098
xerces-1.2,METRICS_POST_TFIDF_RISK_SELECTED,BLSMOTE,RF,3,0.8522727272727273,0.5294117647058824,0.6428571428571429,0.5806451612903226,0.887065637065637,0.4954230994134694
xerces-1.2,METRICS_POST_TFIDF_RISK_SELECTED,BLSMOTE,RF,4,0.8409090909090909,0.5,0.42857142857142855,0.46153846153846156,0.7591698841698842,0.3703609623467359
xerces-1.2,METRICS_POST_TFIDF_RISK_SELECTED,BLSMOTE,RF,5,0.7954545454545454,0.4,0.4,0.4,0.6753424657534246,0.27671232876712326
xerces-1.2,METRICS_POST_TFIDF_RISK_SELECTED,BLSMOTE,ET,1,0.7045454545454546,0.2,0.2857142857142857,0.23529411764705882,0.6182432432432432,0.06065731251599021
xerces-1.2,METRICS_POST_TFIDF_RISK_SELECTED,BLSMOTE,ET,2,0.8409090909090909,0.5,0.42857142857142855,0.46153846153846156,0.6993243243243243,0.3703609623467359
xerces-1.2,METRICS_POST_TFIDF_RISK_SELECTED,BLSMOTE,ET,3,0.875,0.6363636363636364,0.5,0.56,0.8798262548262549,0.4931969619160719
xerces-1.2,METRICS_POST_TFIDF_RISK_SELECTED,BLSMOTE,ET,4,0.8181818181818182,0.4,0.2857142857142857,0.3333333333333333,0.7446911196911197,0.23583522980728647
xerces-1.2,METRICS_POST_TFIDF_RISK_SELECTED,BLSMOTE,ET,5,0.8295454545454546,0.5,0.4,0.4444444444444444,0.671689497716895,0.34823688164668176
xerces-1.2,METRICS_POST_TFIDF_RISK_SELECTED,BLSMOTE,SVM_RBF,1,0.7045454545454546,0.25,0.42857142857142855,0.3157894736842105,0.7316602316602316,0.1522038868295523
xerces-1.2,METRICS_POST_TFIDF_RISK_SELECTED,BLSMOTE,SVM_RBF,2,0.7272727272727273,0.3076923076923077,0.5714285714285714,0.4,0.7886100386100385,0.26309737838023606
xerces-1.2,METRICS_POST_TFIDF_RISK_SELECTED,BLSMOTE,SVM_RBF,3,0.5909090909090909,0.2608695652173913,0.8571428571428571,0.4,0.7422779922779923,0.2912150243312534
xerces-1.2,METRICS_POST_TFIDF_RISK_SELECTED,BLSMOTE,SVM_RBF,4,0.6477272727272727,0.20689655172413793,0.42857142857142855,0.27906976744186046,0.641891891891892,0.09163364203340324
xerces-1.2,METRICS_POST_TFIDF_RISK_SELECTED,BLSMOTE,SVM_RBF,5,0.6818181818181818,0.2903225806451613,0.6,0.391304347826087,0.7502283105022831,0.23508364631884776
xerces-1.2,METRICS_POST_TFIDF_RISK_SELECTED,BLSMOTE,GB,1,0.7727272727272727,0.3333333333333333,0.42857142857142855,0.375,0.7239382239382239,0.2415705186879654
xerces-1.2,METRICS_POST_TFIDF_RISK_SELECTED,BLSMOTE,GB,2,0.8068181818181818,0.42105263157894735,0.5714285714285714,0.48484848484848486,0.7833011583011582,0.375831248726274
xerces-1.2,METRICS_POST_TFIDF_RISK_SELECTED,BLSMOTE,GB,3,0.875,0.5714285714285714,0.8571428571428571,0.6857142857142857,0.8894787644787644,0.6311433997852819
xerces-1.2,METRICS_POST_TFIDF_RISK_SELECTED,BLSMOTE,GB,4,0.8181818181818182,0.4166666666666667,0.35714285714285715,0.38461538461538464,0.7263513513513512,0.27982828266197823
xerces-1.2,METRICS_POST_TFIDF_RISK_SELECTED,BLSMOTE,GB,5,0.7386363636363636,0.25,0.26666666666666666,0.25806451612903225,0.717351598173516,0.0997205634064939
